language_id,speaker_id,group_id,speaker_K_raw,speaker_K_rarefied,n_observed_chips,n_missing_chips,n_valid_pairs,H_label_MillerMadow,effective_colour_categories,rarefaction_target,rarefaction_eligible
1,1,1:1,6,6.0,330,0,54285,1.7255082296915196,5.615374204497386,313,True
1,2,1:2,7,7.0,330,0,54285,1.7093214300776487,5.525210963300468,313,True
1,3,1:3,6,5.999999999999995,330,0,54285,1.5349009785350443,4.640865961854577,313,True
1,4,1:4,6,5.999885428530992,330,0,54285,1.5579903317010886,4.749267196391308,313,True
1,5,1:5,7,6.997494703877682,330,0,54285,1.6428004132154361,5.169626350176649,313,True
1,6,1:6,6,6.0,330,0,54285,1.7839153720171739,5.953119524616661,313,True
1,7,1:7,7,7.0,330,0,54285,1.8811705083983996,6.561180285868899,313,True
1,8,1:8,7,7.0,330,0,54285,1.9010287679978388,6.692776215785639,313,True
1,9,1:9,7,7.0,330,0,54285,1.920126735809155,6.821822983762881,313,True
1,10,1:10,7,6.997494703877682,330,0,54285,1.6802193654160593,5.366733117647867,313,True
1,11,1:11,8,8.0,330,0,54285,2.0069934778517897,7.4409124157536874,313,True
1,12,1:12,6,6.0,330,0,54285,1.7204603954466249,5.587100147702798,313,True
1,13,1:13,8,7.999995094799492,330,0,54285,1.9715509324758314,7.181806351988584,313,True
1,14,1:14,8,7.999999999999995,330,0,54285,1.9285175242449706,6.8793042766011085,313,True
1,15,1:15,6,6.0,330,0,54285,1.6068333284504868,4.986994025011561,313,True
1,16,1:16,7,7.0,330,0,54285,1.875469793993718,6.52388328169291,313,True
1,17,1:17,7,6.948484848484844,330,0,54285,1.5629644915442271,4.772949661918637,313,True
1,18,1:18,6,5.999999999754795,330,0,54285,1.5401347883678356,4.665219045872193,313,True
1,19,1:19,7,7.0,330,0,54285,1.8574132949203892,6.4071419311243165,313,True
1,20,1:20,5,5.0,330,0,54285,1.5876866671198102,4.892418035810752,313,True
1,21,1:21,7,7.0,330,0,54285,1.7765619655549907,5.909504373532935,313,True
1,22,1:22,7,7.0,330,0,54285,1.8931079071103423,6.639973065704706,313,True
1,23,1:23,6,6.0,330,0,54285,1.612765456131674,5.0166654305847285,313,True
1,24,1:24,7,6.999999999992409,330,0,54285,1.8305839063050124,6.237527727167381,313,True
1,25,1:25,6,5.999999999999788,330,0,54285,1.6204111565379573,5.0551683548546515,313,True
2,1,2:1,7,7.0,318,12,50403,1.8697545207612878,6.486703852702634,313,True
2,2,2:2,10,9.948479747678185,330,0,54285,1.9831806681677175,7.265816422242141,313,True
2,3,2:3,9,8.94848484848485,330,0,54285,2.0363667900033287,7.662718298087408,313,True
2,4,2:4,8,7.948479943284341,330,0,54285,1.8240418563984577,6.196854697040874,313,True
2,5,2:5,14,13.918773006111374,326,4,52975,2.38937579745216,10.906683837980475,313,True
2,6,2:6,6,6.0,329,1,53956,1.647316214743569,5.193024146890183,313,True
2,7,2:7,9,8.955416221084034,327,3,53301,1.7090492747042683,5.523707452051359,313,True
2,8,2:8,14,13.938080495356001,323,7,52003,2.432005040352548,11.381679944613305,313,True
2,9,2:9,7,6.952232283199694,328,2,53628,1.2231873355593863,3.398001061228343,313,True
2,10,2:10,6,6.0,330,0,54285,1.7094957979505738,5.52617446658317,313,True
2,11,2:11,5,5.0,330,0,54285,1.5230584051806197,4.586230318119469,313,True
2,12,2:12,7,7.0,321,9,51360,1.8779123956017487,6.5398380070737545,313,True
2,13,2:13,8,7.951367781154902,329,1,53956,1.8169177826108107,6.152864726874176,313,True
2,14,2:14,11,10.896969696969698,330,0,54285,2.110761102399824,8.254521430476593,313,True
2,15,2:15,16,15.962086709196308,319,11,50721,2.473226377854179,11.86065213154368,313,True
2,16,2:16,13,,308,22,47278,2.1733926281292324,8.788048102188808,313,False
2,17,2:17,10,9.999961163019801,325,5,52650,2.0812495459368687,8.014477117457597,313,True
2,18,2:18,8,8.0,330,0,54285,2.013512299060242,7.4895768384221455,313,True
2,19,2:19,7,,293,37,42778,1.9361431006590106,6.9319634601770765,313,False
2,20,2:20,11,10.999588557993714,320,10,51040,2.2014414804668205,9.038032260997324,313,True
2,21,2:21,10,9.943402797933478,322,8,51681,1.8501117003708358,6.36052995647808,313,True
2,22,2:22,7,6.997775965454237,329,1,53956,1.559000831978939,4.754068757793836,313,True
2,23,2:23,7,,277,53,38226,1.8499211140767389,6.35931784215504,313,False
2,24,2:24,12,,311,19,48205,2.2295418005953094,9.295605862471248,313,False
3,1,3:1,7,,255,75,32385,1.8591556310517083,6.418315056853179,313,False
3,2,3:2,10,9.945979552109737,330,0,54285,1.8061477406671462,6.086953685138871,313,True
3,3,3:3,10,9.999999999995778,329,1,53956,2.09627639432464,8.13581885868222,313,True
3,4,3:4,9,,304,26,46056,1.8087644488258494,6.102902323874731,313,False
3,5,3:5,11,10.89446400963507,330,0,54285,1.6964409943714795,5.454500208993563,313,True
3,6,3:6,22,21.961904569938916,316,14,49770,2.5975810737139087,13.431209602960307,313,True
3,7,3:7,10,,284,46,40186,2.105544152696842,8.211570142122618,313,False
3,8,3:8,31,,257,73,32896,2.9454643138491656,19.01949134984266,313,False
3,9,3:9,9,8.94837027701584,330,0,54285,1.958124475039244,7.086024578513625,313,True
3,10,3:10,12,11.984078328670911,318,12,50403,2.1679126997596234,8.74002193823318,313,True
3,11,3:11,4,4.0,330,0,54285,1.1963259008364797,3.3079408656455693,313,True
3,12,3:12,11,,305,25,46360,2.015807044815994,7.506783247701286,313,False
3,13,3:13,12,11.99852760733838,326,4,52975,2.3040856301167674,10.015016634918657,313,True
3,14,3:14,4,4.0,330,0,54285,1.2584304861286795,3.5198926293833286,313,True
3,15,3:15,14,13.999995094309082,330,0,54285,2.4029013839849847,11.055205289669557,313,True
3,16,3:16,22,21.688279405694157,330,0,54285,2.556540923895698,12.891148639691048,313,True
3,17,3:17,12,,308,22,47278,2.241602608844732,9.408397192397253,313,False
3,18,3:18,17,16.880366550523604,326,4,52975,2.5780209800844616,13.17104658679912,313,True
3,19,3:19,17,16.96499681505503,324,6,52326,2.405228293633975,11.080959706008978,313,True
3,20,3:20,14,13.89423525067939,330,0,54285,2.0221330786147185,7.554421935350268,313,True
3,21,3:21,24,23.888945090514973,318,12,50403,2.4887310148834563,12.045980247731366,313,True
3,22,3:22,17,,177,153,15576,2.2677482520504384,9.657629763794617,313,False
3,23,3:23,12,,305,25,46360,1.935682072162988,6.928768364060319,313,False
3,24,3:24,27,,268,62,35778,2.789563346779591,16.27391219395329,313,False
3,25,3:25,19,18.8608409841861,328,2,53628,2.5078648788451634,12.27868557158134,313,True
4,1,4:1,9,8.94848484848485,330,0,54285,1.961468704658053,7.10976154059193,313,True
4,2,4:2,9,8.94848465287848,330,0,54285,1.859587766351275,6.421089236720338,313,True
4,3,4:3,9,8.999999719601675,329,1,53956,2.027973187966121,7.5986696655682735,313,True
4,4,4:4,8,7.99777582539832,329,1,53956,1.5973383995235693,4.939866959310779,313,True
4,5,4:5,13,12.948474842477676,330,0,54285,2.1710949332025002,8.767879028710821,313,True
4,6,4:6,9,8.999999999992408,330,0,54285,2.0432942832148293,7.715986019942775,313,True
4,7,4:7,9,8.999999999747205,330,0,54285,2.0067924075569237,7.4394164197054025,313,True
4,8,4:8,10,9.999999804393845,330,0,54285,2.0730978614346216,7.9494111873147615,313,True
4,9,4:9,10,9.997494703877683,330,0,54285,2.0628396460448872,7.868281250762908,313,True
4,10,4:10,9,8.948484848484844,330,0,54285,1.9259683741530245,6.861790229922834,313,True
4,11,4:11,11,10.948370081409685,330,0,54285,2.047155713445157,7.745838360889731,313,True
4,12,4:12,11,10.845449640008834,330,0,54285,1.8339563432425219,6.258598906714543,313,True
4,13,4:13,10,9.999999804386253,330,0,54285,2.0831297161237226,8.029559873027564,313,True
4,14,4:14,9,8.999999999999998,325,5,52650,2.0867289377546765,8.058512110113707,313,True
4,15,4:15,9,8.951367781155005,329,1,53956,2.016718494275933,7.513628420278827,313,True
4,16,4:16,8,7.997494703877682,330,0,54285,1.8428754064688841,6.314669422611332,313,True
4,17,4:17,12,11.90273176524935,329,1,53956,2.098949196870352,8.15759338257774,313,True
4,18,4:18,8,7.99776837148028,329,1,53956,1.5888279066119344,4.898004643707633,313,True
4,19,4:19,8,7.999999999999998,329,1,53956,1.8688328581022902,6.48072805423979,313,True
4,20,4:20,9,8.999921919825312,328,2,53628,1.8846041181127786,6.583747539635418,313,True
4,21,4:21,7,7.0,329,1,53956,1.9379256026727725,6.944330718060653,313,True
4,22,4:22,10,9.999999804393845,330,0,54285,2.104946083259227,8.206660521279215,313,True
4,23,4:23,10,9.999999999754795,330,0,54285,2.12033374143116,8.333918397462616,313,True
4,24,4:24,9,8.99999999950959,330,0,54285,1.9339961715378111,6.917096990296231,313,True
4,25,4:25,11,10.948484841262468,330,0,54285,2.2161041213522594,9.17153000534497,313,True
4,26,4:26,8,7.999999999999995,330,0,54285,1.895898258934863,6.6585268003486435,313,True
4,27,4:27,11,10.99498921214921,330,0,54285,2.0094492260167742,7.459207878093985,313,True
4,28,4:28,8,7.999996202939339,329,1,53956,1.8856581987198235,6.590690999078701,313,True
4,29,4:29,8,7.999999999999995,330,0,54285,1.9399372921152762,6.958314615765173,313,True
4,30,4:30,12,11.896969696724277,330,0,54285,2.0039881571286218,7.418583656818343,313,True
4,31,4:31,13,12.99990478125454,329,1,53956,2.3271594875175,10.248788336435773,313,True
4,32,4:32,9,8.95426829268293,328,2,53628,2.013038764753429,7.486031106424769,313,True
4,33,4:33,5,4.997775965601601,329,1,53956,1.3558705444915562,3.880137318952635,313,True
4,34,4:34,5,5.0,330,0,54285,1.5649663494472594,4.782513998947921,313,True
4,35,4:35,12,11.995456712600987,329,1,53956,2.066212884398444,7.894867654783446,313,True
5,1,5:1,9,8.999885428530986,330,0,54285,1.983714958127637,7.269699512262795,313,True
5,2,5:2,7,7.0,330,0,54285,1.8950803850999465,6.653083191895453,313,True
5,3,5:3,7,7.0,330,0,54285,1.9163453945892224,6.7960760529632775,313,True
5,4,5:4,7,7.0,330,0,54285,1.8972712064787565,6.667674886849578,313,True
5,5,5:5,7,7.0,330,0,54285,1.8879591887425415,6.605873574088459,313,True
5,6,5:6,7,6.999999999754795,330,0,54285,1.7942614695649013,6.015030797710472,313,True
6,1,6:1,8,7.997494703632477,330,0,54285,1.8525279711038347,6.375917301367429,313,True
6,2,6:2,9,8.999999999698751,324,6,52326,2.00389814818515,7.417915947991668,313,True
6,3,6:3,10,9.953771974259396,327,3,53301,1.9169227539865568,6.800000964270639,313,True
6,4,6:4,8,7.948479943284341,330,0,54285,1.824910114531229,6.202237503023555,313,True
6,5,6:5,12,,312,18,48516,2.2593890070272575,9.577235755005143,313,False
6,6,6:6,9,9.0,328,2,53628,2.0548775708946323,7.8058821469649144,313,True
6,7,6:7,8,7.997494703877682,330,0,54285,1.8239046905763112,6.196004758664213,313,True
6,8,6:8,10,9.999999998898364,326,4,52975,2.0135050279058166,7.489522380750359,313,True
6,9,6:9,9,9.0,330,0,54285,2.1221939768601015,8.349435876334644,313,True
6,10,6:10,6,6.0,329,1,53956,1.5852295523990207,4.880411560119459,313,True
6,11,6:11,10,9.945979356756377,330,0,54285,1.996303560308834,7.361793317342743,313,True
6,12,6:12,8,7.999999804393845,330,0,54285,1.954359292980686,7.059394570778008,313,True
6,13,6:13,15,,300,30,44850,2.184381859937763,8.885154585517013,313,False
6,14,6:14,7,6.999999992777619,330,0,54285,1.7173538978161613,5.569770765111958,313,True
6,15,6:15,8,8.0,330,0,54285,2.0257404713379312,7.58172291513957,313,True
6,16,6:16,16,15.987301587301587,315,15,49455,2.3752234855488155,10.753416150662495,313,True
6,17,6:17,21,20.75921071972262,326,4,52975,2.409080501151224,11.123728185928151,313,True
6,18,6:18,12,11.908458410431653,328,2,53628,2.052549214834425,7.787728416338437,313,True
6,19,6:19,10,9.90273556231001,329,1,53956,2.01899242326053,7.530733318014127,313,True
6,20,6:20,10,9.999999601565309,330,0,54285,2.0212677885459995,7.547887996358634,313,True
6,21,6:21,6,5.999885428530992,330,0,54285,1.5812050181664887,4.860809647468628,313,True
6,22,6:22,7,6.948484841262468,330,0,54285,1.594388534657782,4.925316490834866,313,True
6,23,6:23,11,10.99498940750257,330,0,54285,1.9933024489503715,7.339732875278628,313,True
6,24,6:24,12,11.894349829370782,330,0,54285,2.0525680968723736,7.787875465910222,313,True
6,25,6:25,10,9.945979552362532,330,0,54285,2.0723163949589924,7.943201415651092,313,True
6,26,6:26,15,14.999997114037743,328,2,53628,2.530862120593607,12.564333439380329,313,True
6,27,6:27,10,9.900511527911611,329,1,53956,1.9175426016018042,6.804217235239781,313,True
7,1,7:1,16,15.948484652388068,330,0,54285,2.490075772896789,12.06219007290131,313,True
7,2,7:2,17,16.845225402516522,330,0,54285,2.4552074341957395,11.648849668040118,313,True
7,3,7:3,15,14.948360263786281,330,0,54285,2.2389308805620662,9.383294060829522,313,True
7,4,7:4,14,13.989978612682195,330,0,54285,2.1770100007612516,8.819895313770582,313,True
7,5,7:5,13,12.896969696724488,330,0,54285,2.242193848060334,9.413961450515071,313,True
7,6,7:6,12,11.999994891970957,330,0,54285,2.2283645946706128,9.28466945863898,313,True
7,7,7:7,15,14.997494703617082,330,0,54285,2.4378900061577893,11.448858218936184,313,True
7,8,7:8,14,13.99977045862729,330,0,54285,2.2405360894245927,9.398368303032438,313,True
7,9,7:9,15,14.997374835995855,330,0,54285,2.4172273407526426,11.214721566189365,313,True
7,10,7:10,14,13.94848484848485,330,0,54285,2.5137663614234698,12.351362259742242,313,True
7,11,7:11,15,14.994984502547055,330,0,54285,2.3832157873221695,10.839705061820116,313,True
7,12,7:12,13,12.945979552362527,330,0,54285,2.2536982145281645,9.522888479811693,313,True
7,13,7:13,16,15.997379929579715,330,0,54285,2.490594183974562,12.068444866994499,313,True
7,14,7:14,12,11.999885428523399,330,0,54285,2.266169827130047,9.642397944607437,313,True
7,15,7:15,15,14.997494703877466,330,0,54285,2.5143269434927427,12.358288153040572,313,True
7,16,7:16,16,15.999994703089179,330,0,54285,2.423341706379653,11.283502535964939,313,True
7,17,7:17,14,13.994760264572143,330,0,54285,2.337987409900126,10.360364399401139,313,True
7,18,7:18,15,14.999765756255098,330,0,54285,2.400239782813649,11.025819865807991,313,True
7,19,7:19,15,14.948484841009666,330,0,54285,2.455333765206527,11.650321371952156,313,True
7,20,7:20,11,10.999885428523399,330,0,54285,2.142452078546143,8.520304490686772,313,True
7,21,7:21,12,11.999999999999577,330,0,54285,2.3299488528837666,10.277415859416678,313,True
7,22,7:22,13,12.948365364592945,330,0,54285,2.2198299622174598,9.205765404856235,313,True
7,23,7:23,13,12.94848465263349,330,0,54285,2.2946617123229958,9.921079265686192,313,True
7,24,7:24,13,12.948479943268936,330,0,54285,2.1807925014967515,8.853319748405104,313,True
7,25,7:25,11,10.845454545209343,330,0,54285,1.9311593854776743,6.897502471846276,313,True
8,1,8:1,14,13.816994995797511,330,0,54285,2.017010753158864,7.515824665848202,313,True
8,2,8:2,9,,330,0,54285,1.9537560567945864,7.055137372698025,313,True
8,3,8:3,8,8.0,330,0,54285,1.96494968335555,7.134553594330268,313,True
8,4,8:4,8,8.0,330,0,54285,2.008994826932001,7.45581919082755,313,True
8,5,8:5,8,8.0,330,0,54285,1.934426004955162,6.9200708288155175,313,True
8,6,8:6,7,6.999880523330484,330,0,54285,1.6890748469247985,5.414469174464814,313,True
8,7,8:7,7,7.0,330,0,54285,1.882473379136748,6.5697342268020495,313,True
8,8,8:8,7,7.0,330,0,54285,1.8636088173458651,6.4469607444485755,313,True
8,9,8:9,6,6.0,330,0,54285,1.7577628882573066,5.799448856276426,313,True
8,10,8:10,7,7.0,330,0,54285,1.9236067700180748,6.845604517388059,313,True
8,11,8:11,6,6.0,329,1,53956,1.76436360923214,5.837856018015202,313,True
8,12,8:12,6,6.0,330,0,54285,1.7320215957409837,5.652068564368381,313,True
8,13,8:13,7,7.0,330,0,54285,1.925694294772342,6.859909812409849,313,True
8,14,8:14,7,,330,0,54285,1.7748261061862949,5.899255203134592,313,True
8,15,8:15,7,7.0,330,0,54285,1.9172748598433729,6.802395706013069,313,True
8,16,8:16,7,6.999885428530992,330,0,54285,1.7362887670597236,5.676238441064852,313,True
8,17,8:17,6,5.948484848484849,330,0,54285,1.5739949804846283,4.825889067372904,313,True
8,18,8:18,7,7.0,330,0,54285,1.9146365941552295,6.784472831872591,313,True
8,19,8:19,7,7.0,330,0,54285,1.7119365890128904,5.539679178215251,313,True
8,20,8:20,7,6.999885428530992,330,0,54285,1.7729759760423314,5.88835090355345,313,True
8,21,8:21,7,7.0,330,0,54285,1.8763031897750746,6.529322524704208,313,True
8,22,8:22,6,6.0,330,0,54285,1.5443239516471468,4.6848034025824665,313,True
8,23,8:23,7,6.998269330615541,330,0,54285,1.6632596330210236,5.2764822387611146,313,True
8,24,8:24,7,6.999999992777619,330,0,54285,1.7017875513650818,5.483741104634253,313,True
8,25,8:25,7,6.948484848484849,330,0,54285,1.73519598959549,5.670038963556428,313,True
9,1,9:1,8,7.997494508271527,330,0,54285,1.7321820632479354,5.652975610493795,313,True
9,2,9:2,7,7.0,316,14,49770,1.82050144624454,6.174954081206564,313,True
9,3,9:3,5,5.0,330,0,54285,1.5649447617373757,4.782410756537584,313,True
9,4,9:4,8,7.998042067576639,328,2,53628,1.756158803715766,5.790153507272586,313,True
9,5,9:5,8,7.963076923076923,325,5,52650,1.507987427471203,4.517629581769528,313,True
9,6,9:6,7,6.948484652878694,330,0,54285,1.5876235636745009,4.892109317117508,313,True
9,7,9:7,6,6.0,330,0,54285,1.6617418535051902,5.2684797766262585,313,True
9,8,9:8,6,6.0,330,0,54285,1.6266406816481038,5.086757944971672,313,True
9,9,9:9,6,6.0,330,0,54285,1.678333580320832,5.356622148878019,313,True
9,10,9:10,6,6.0,330,0,54285,1.66131727302245,5.266243357742892,313,True
9,11,9:11,7,6.948484848484849,330,0,54285,1.6929634124290625,5.4355646815691605,313,True
9,12,9:12,7,6.999885428530992,330,0,54285,1.7827013101213391,5.945896454554743,313,True
9,13,9:13,8,,285,45,40470,1.8577174920528419,6.4090912618023514,313,False
9,14,9:14,7,6.999999999999788,330,0,54285,1.707332173291899,5.514230824677487,313,True
9,15,9:15,7,6.948484848484849,330,0,54285,1.6847816420940354,5.391273576603049,313,True
9,16,9:16,7,6.999885232924837,330,0,54285,1.6832694879087806,5.383127300465392,313,True
9,17,9:17,6,,308,22,47278,1.5492581280630409,4.707976171295172,313,False
9,18,9:18,7,6.948484848484849,330,0,54285,1.7102041834756356,5.530090515456672,313,True
9,19,9:19,7,6.999999999992409,330,0,54285,1.7509094990045226,5.759838862203106,313,True
9,20,9:20,6,5.997494703877682,330,0,54285,1.5393738920442828,4.661670648004265,313,True
9,21,9:21,6,6.0,330,0,54285,1.6879222453664837,5.408232044010516,313,True
9,22,9:22,6,6.0,330,0,54285,1.6725557113457816,5.325761528118177,313,True
9,23,9:23,6,6.0,330,0,54285,1.648546020218029,5.1994144850460495,313,True
9,24,9:24,7,6.999995094799492,330,0,54285,1.6202253307620553,5.054229061547952,313,True
9,25,9:25,7,7.0,330,0,54285,1.8567934655484908,6.403171826886197,313,True
9,26,9:26,7,6.948484848484849,330,0,54285,1.7219969403329118,5.595691576731752,313,True
9,27,9:27,6,5.999999804393845,330,0,54285,1.5195059265641546,4.5699667380982945,313,True
9,28,9:28,6,5.9999998598008375,329,1,53956,1.607730517144801,4.991470307404128,313,True
9,29,9:29,8,7.9999999927700225,330,0,54285,1.7054925814114388,5.504096215056256,313,True
9,30,9:30,7,7.0,330,0,54285,1.7143676605316043,5.553162917815013,313,True
10,1,10:1,7,,306,24,46665,1.6932909659001758,5.437345411274246,313,False
10,2,10:2,8,,327,3,53301,1.6961395933962033,5.452856465036388,313,True
10,3,10:3,8,,318,12,50403,1.844332836054754,6.323879318409914,313,True
10,4,10:4,8,,330,0,54285,1.684546011428067,5.390003376874657,313,True
10,5,10:5,5,,330,0,54285,1.3557689079297874,3.879742975176558,313,True
10,6,10:6,9,,330,0,54285,1.9393155835270055,6.953989916299361,313,True
10,7,10:7,6,,328,2,53628,1.3873406232284122,4.004187238526623,313,True
10,8,10:8,5,,326,4,52975,1.5612956867432957,4.764991183029083,313,True
10,9,10:9,8,,330,0,54285,1.7348498132406673,5.66807646984038,313,True
10,10,10:10,6,,330,0,54285,1.5529697967632725,4.7254830889320765,313,True
10,11,10:11,10,,330,0,54285,2.0114758047176458,7.474339877820324,313,True
10,12,10:12,6,,329,1,53956,1.4875722763218588,4.426336542345507,313,True
10,13,10:13,5,,330,0,54285,1.4650294057061533,4.327670496636685,313,True
10,14,10:14,5,,330,0,54285,1.2490521530318983,3.487036213862992,313,True
10,15,10:15,6,,330,0,54285,1.6192745129624717,5.04942569451837,313,True
10,16,10:16,11,,326,4,52975,1.8704611415098313,6.491289112063522,313,True
10,17,10:17,11,,328,2,53628,2.092617877557062,8.106108210561029,313,True
10,18,10:18,6,,330,0,54285,1.6067250071918506,4.98645385679834,313,True
10,19,10:19,6,,330,0,54285,1.6211310997634047,5.058809099472682,313,True
10,20,10:20,6,,330,0,54285,1.566123448594849,4.788051044657088,313,True
10,21,10:21,7,,330,0,54285,1.6732714062249687,5.329574512675627,313,True
10,22,10:22,9,,327,3,53301,1.8417169869682857,6.307358621717059,313,True
10,23,10:23,10,,327,3,53301,1.6231454373580667,5.069009518921091,313,True
10,24,10:24,7,,330,0,54285,1.5214541539445565,4.578878750919818,313,True
10,25,10:25,8,7.999999956743096,330,0,54285,1.8280279882957606,6.221605474370604,313,True
11,1,11:1,7,7.0,330,0,54285,1.8631836606687633,6.4442203586290026,313,True
11,2,11:2,8,8.0,330,0,54285,2.027041280415334,7.591591706445009,313,True
11,3,11:3,7,6.997494703877682,330,0,54285,1.7968608260552847,6.030686345414199,313,True
11,4,11:4,9,9.0,330,0,54285,2.148061120833104,8.568229519981982,313,True
11,5,11:5,7,7.0,330,0,54285,1.9314559784866492,6.899548526266533,313,True
11,6,11:6,7,6.948484848484849,330,0,54285,1.7435930460459597,5.717851060309699,313,True
11,7,11:7,7,7.0,330,0,54285,1.8763376950325887,6.529547824546308,313,True
11,8,11:8,7,6.999999999754795,330,0,54285,1.812248413861654,6.124201703791157,313,True
11,9,11:9,7,7.0,330,0,54285,1.8052180885134395,6.081297565055436,313,True
11,10,11:10,7,7.0,330,0,54285,1.8369691568984592,6.277483332310823,313,True
11,11,11:11,7,7.0,330,0,54285,1.9078425549370348,6.738535085506391,313,True
11,12,11:12,9,8.948484848477257,330,0,54285,2.021134725972226,7.546883721772446,313,True
11,13,11:13,7,6.999999999754795,330,0,54285,1.84703469964506,6.3409886808632585,313,True
11,14,11:14,6,6.0,329,1,53956,1.6917278830512454,5.428853028795942,313,True
11,15,11:15,7,7.0,330,0,54285,1.8522333898818266,6.374039352475189,313,True
11,16,11:16,6,6.0,330,0,54285,1.7908014231307157,5.994254476093803,313,True
11,17,11:17,7,7.0,330,0,54285,1.9052533346539933,6.721110102080116,313,True
11,18,11:18,7,6.999999999992409,330,0,54285,1.8005500485326102,6.052975979462044,313,True
11,19,11:19,7,7.0,330,0,54285,1.8894060899491947,6.6154385386444785,313,True
11,20,11:20,9,9.0,330,0,54285,2.050702370494495,7.773358967343899,313,True
11,21,11:21,5,5.0,330,0,54285,1.511722931432097,4.534536763728451,313,True
11,22,11:22,7,6.999885428530992,330,0,54285,1.6903497422649953,5.421376458081259,313,True
11,23,11:23,7,6.948370277015841,330,0,54285,1.5693285562929367,4.803421883357526,313,True
11,24,11:24,7,6.999995094799492,330,0,54285,1.6906157023901967,5.422818519799771,313,True
11,25,11:25,6,6.0,330,0,54285,1.7541422803388171,5.778489291903112,313,True
12,1,12:1,5,5.0,330,0,54285,1.5943826139617636,4.925287329619457,313,True
12,2,12:2,5,5.0,330,0,54285,1.5587159287983572,4.752714501409172,313,True
12,3,12:3,5,5.0,330,0,54285,1.476014230568591,4.375471259950111,313,True
12,4,12:4,5,4.999995094799492,330,0,54285,1.4037192410626198,4.070310315174346,313,True
12,5,12:5,5,4.999999804393845,330,0,54285,1.4339172816612822,4.195100436810474,313,True
12,6,12:6,5,4.999885428530992,330,0,54285,1.4172073303533175,4.125582947274862,313,True
12,7,12:7,5,5.0,330,0,54285,1.5238436060289626,4.589832844224137,313,True
12,8,12:8,5,5.0,330,0,54285,1.5299800064425904,4.618084489439391,313,True
12,9,12:9,5,5.0,330,0,54285,1.5678477712523011,4.7963143117803675,313,True
12,10,12:10,6,6.0,330,0,54285,1.667021008910205,5.296366444376085,313,True
12,11,12:11,5,5.0,330,0,54285,1.5098171900830721,4.525903338669642,313,True
12,12,12:12,5,5.0,330,0,54285,1.4116537109664717,4.102734534257093,313,True
12,13,12:13,4,3.999995094799492,330,0,54285,1.115277700985354,3.050415164869883,313,True
12,14,12:14,5,5.0,330,0,54285,1.6009515258283769,4.9577476056283185,313,True
12,15,12:15,5,5.0,330,0,54285,1.573577292870805,4.823873774194576,313,True
12,16,12:16,4,4.0,330,0,54285,1.3444916653649004,3.836235953262939,313,True
12,17,12:17,5,5.0,330,0,54285,1.5927614326015496,4.917309014502259,313,True
12,18,12:18,5,5.0,330,0,54285,1.5414046453969277,4.671146970081377,313,True
12,19,12:19,5,5.0,330,0,54285,1.543792140054896,4.682312632194544,313,True
12,20,12:20,5,4.948484848484849,330,0,54285,1.3997238096641396,4.0540801144571725,313,True
12,21,12:21,5,4.999999999999788,330,0,54285,1.440962723192803,4.2247611353234715,313,True
12,22,12:22,5,5.0,330,0,54285,1.5492097755589989,4.707748534361772,313,True
12,23,12:23,5,5.0,330,0,54285,1.5958446495841352,4.932493541731546,313,True
12,24,12:24,5,5.0,330,0,54285,1.5194811320009582,4.56985342917393,313,True
12,25,12:25,5,5.0,330,0,54285,1.4631509908238092,4.319548966159808,313,True
13,1,13:1,12,11.845454545454547,330,0,54285,2.1252912376237396,8.375336346021873,313,True
13,2,13:2,9,8.999885428522976,330,0,54285,1.830319880538845,6.23588107651889,313,True
13,3,13:3,11,10.891959104725062,330,0,54285,1.9260509095105622,6.862356593605003,313,True
13,4,13:4,11,10.891959104725062,330,0,54285,1.947677095542872,7.012379559201383,313,True
13,5,13:5,8,7.896969696969698,330,0,54285,1.712674452698238,5.543768214699577,313,True
13,6,13:6,10,9.896969696969698,330,0,54285,2.0478852054568812,7.751490949606594,313,True
13,7,13:7,6,6.0,330,0,54285,1.7194085885359063,5.581226686571554,313,True
13,8,13:8,8,7.9542682926829285,328,2,53628,1.818808627213934,6.16450984402063,313,True
13,9,13:9,6,6.0,330,0,54285,1.6806982764121532,5.369303920694799,313,True
13,10,13:10,7,6.948484848484849,330,0,54285,1.7984400235023266,6.040217513712322,313,True
13,11,13:11,6,5.999999999992409,330,0,54285,1.648286999448289,5.198067903107808,313,True
13,12,13:12,6,6.0,330,0,54285,1.7650443175510133,5.841831248003613,313,True
13,13,13:13,8,7.845339973985327,330,0,54285,1.2418558010085725,3.4620323499604124,313,True
13,14,13:14,7,6.948484848484849,330,0,54285,1.7478836710076044,5.742436921433055,313,True
13,15,13:15,6,5.948484848484849,330,0,54285,1.5002790694072938,4.482939947183211,313,True
13,16,13:16,8,7.948484848484849,330,0,54285,1.871901484217181,6.500645529603708,313,True
13,17,13:17,8,8.0,330,0,54285,2.048384904585447,7.755365330811034,313,True
13,18,13:18,7,7.0,330,0,54285,1.863994085295598,6.449445030323732,313,True
13,19,13:19,7,7.0,330,0,54285,1.8170277058830078,6.153541107072622,313,True
13,20,13:20,7,6.957186544342509,327,3,53301,1.6817702269940082,5.375062635133957,313,True
13,21,13:21,12,11.894349822155991,330,0,54285,2.0097543881035316,7.461484492886214,313,True
13,22,13:22,6,5.999995094799492,330,0,54285,1.5302347231079716,4.61926094234571,313,True
13,23,13:23,14,13.845454545446955,330,0,54285,2.288883035422939,9.863913883324596,313,True
13,24,13:24,8,7.999999999999788,330,0,54285,1.9754475008915062,7.209845344236136,313,True
13,25,13:25,8,7.997494703877682,330,0,54285,1.8158435038490768,6.146258384136472,313,True
14,1,14:1,15,14.739799469387208,330,0,54285,2.001811516280723,7.402453625608121,313,True
14,2,14:2,4,3.948484848484849,330,0,54285,1.0898052254148676,2.9736948159785737,313,True
14,3,14:3,4,4.0,330,0,54285,1.291383566764698,3.6378162371422524,313,True
14,4,14:4,3,3.0,330,0,54285,1.0722005959684016,2.92180213657324,313,True
14,5,14:5,5,5.0,330,0,54285,1.4403213462479487,4.222052339706146,313,True
14,6,14:6,5,4.999999999992409,330,0,54285,1.4380565994873746,4.212501279795163,313,True
14,7,14:7,3,3.0,330,0,54285,0.9811974779678722,2.6676487806914055,313,True
14,8,14:8,4,3.999995094799492,330,0,54285,1.1304353419351512,3.097004462607048,313,True
14,9,14:9,11,10.845339973977948,330,0,54285,1.8283096791505027,6.2233582905991085,313,True
14,10,14:10,4,4.0,329,1,53956,1.354998197440763,3.8767539685482055,313,True
14,11,14:11,4,4.0,330,0,54285,1.3551731719242492,3.8774323609204018,313,True
14,12,14:12,3,3.0,330,0,54285,1.0576576175191392,2.8796179166566254,313,True
14,13,14:13,3,3.0,330,0,54285,1.019899165366172,2.7729151439836657,313,True
14,14,14:14,3,3.0,330,0,54285,1.0963496472320466,2.9932197492226393,313,True
14,15,14:15,4,4.0,330,0,54285,1.2133976052452478,3.364897847380468,313,True
14,16,14:16,3,3.0,330,0,54285,1.091495241798457,2.978724657997914,313,True
14,17,14:17,3,3.0,330,0,54285,1.1002918168964175,3.0050428182773423,313,True
14,18,14:18,4,4.0,330,0,54285,1.1748011505163702,3.237499104801311,313,True
14,19,14:19,4,4.0,330,0,54285,1.371006305121245,3.9393128522642002,313,True
14,20,14:20,3,3.0,330,0,54285,0.9314299353457146,2.538135954285065,313,True
14,21,14:21,3,3.0,330,0,54285,1.0620319609686018,2.89224194521569,313,True
14,22,14:22,3,3.0,330,0,54285,1.0166086664411695,2.7638058649388535,313,True
14,23,14:23,4,4.0,330,0,54285,1.3640715517491642,3.91208919296041,313,True
14,24,14:24,4,4.0,330,0,54285,1.3296143488125627,3.779585504831786,313,True
14,25,14:25,6,6.0,330,0,54285,1.5859052022024114,4.883710123441865,313,True
15,1,15:1,7,7.0,330,0,54285,1.7674992735366806,5.856190304807775,313,True
15,2,15:2,8,7.997380132401083,330,0,54285,1.701743006057418,5.483496835140167,313,True
15,3,15:3,8,7.997775825402439,329,1,53956,1.69448897464846,5.443863302109963,313,True
15,4,15:4,9,8.948484841262468,330,0,54285,1.867184603157831,6.470054960586726,313,True
15,5,15:5,10,9.999880523330482,330,0,54285,2.0175317736576086,7.519741584873022,313,True
15,6,15:6,9,8.999999992777619,330,0,54285,1.833922899486494,6.258389599159665,313,True
15,7,15:7,6,5.994989407755364,330,0,54285,1.3994780137606457,4.053083760627464,313,True
15,8,15:8,7,6.945979552362531,330,0,54285,1.5378142873693317,4.654405951168663,313,True
15,9,15:9,8,7.999999999999995,330,0,54285,1.8087977904494934,6.103105807939375,313,True
15,10,15:10,8,7.999885428530992,330,0,54285,1.8486940697313454,6.351519462613485,313,True
15,11,15:11,8,8.0,330,0,54285,1.8629960199826399,6.443011274139648,313,True
15,12,15:12,9,8.99999999975479,330,0,54285,1.869151051314344,6.482790506027493,313,True
15,13,15:13,8,7.999999999999995,330,0,54285,1.7572493188684255,5.796471201553066,313,True
15,14,15:14,9,8.997494703877683,330,0,54285,1.9327898504864873,6.9087577814756385,313,True
15,15,15:15,10,9.999995094799491,330,0,54285,2.0971540703563343,8.14296260638218,313,True
15,16,15:16,8,7.948484848484849,330,0,54285,1.785044572461471,5.959845586650234,313,True
15,17,15:17,7,7.0,330,0,54285,1.721410639361852,5.592411778894843,313,True
15,18,15:18,8,7.999999804393845,330,0,54285,1.7995080292210885,6.046671946631655,313,True
15,19,15:19,6,6.0,330,0,54285,1.6749460557800704,5.338507159701247,313,True
15,20,15:20,10,9.997380132408669,330,0,54285,1.8211930424562421,6.179226133153755,313,True
15,21,15:21,8,7.997494703877682,330,0,54285,1.7887286925395143,5.981842868872319,313,True
15,22,15:22,8,7.999999999999995,330,0,54285,1.7557759711829355,5.787937272390393,313,True
15,23,15:23,6,6.0,330,0,54285,1.444061134564085,4.237871483403451,313,True
15,24,15:24,9,8.999999804393845,330,0,54285,1.8105241232362679,6.113650899146225,313,True
15,25,15:25,8,8.0,330,0,54285,1.7416846919917892,5.7069497811161565,313,True
16,1,16:1,6,6.0,330,0,54285,1.7544467839582134,5.780249130732187,313,True
16,2,16:2,6,6.0,330,0,54285,1.711646248994631,5.538071021128973,313,True
16,3,16:3,7,7.0,330,0,54285,1.8231615097002292,6.191401717077561,313,True
16,4,16:4,7,6.948484848484849,330,0,54285,1.7224999223568795,5.598506816954775,313,True
16,5,16:5,6,6.0,330,0,54285,1.6375564116983,5.1425877788701255,313,True
16,6,16:6,6,5.999999999999995,330,0,54285,1.6881769177541408,5.409609546776681,313,True
16,7,16:7,8,7.9484846528786886,330,0,54285,1.7129990692490416,5.545568105737292,313,True
16,8,16:8,6,6.0,330,0,54285,1.7640732689541816,5.836161299310706,313,True
16,9,16:9,6,6.0,330,0,54285,1.7192847605477253,5.580535617287117,313,True
16,10,16:10,7,7.0,330,0,54285,1.872574276593883,6.505020585946915,313,True
16,11,16:11,7,6.948484848484849,330,0,54285,1.7556188898530642,5.787028166910053,313,True
16,12,16:12,8,7.999999992777619,330,0,54285,1.8187748855605255,6.164301846775144,313,True
16,13,16:13,7,6.997494703877682,330,0,54285,1.8055655899830048,6.083411192119143,313,True
16,14,16:14,7,6.9999998043862535,330,0,54285,1.6514968976589355,5.214779979651781,313,True
16,15,16:15,7,6.999999992777619,330,0,54285,1.743960689191816,5.719953575525022,313,True
16,16,16:16,5,5.0,330,0,54285,1.5546167170926022,4.733271995190655,313,True
16,17,16:17,6,6.0,330,0,54285,1.6748474650950973,5.337980858568258,313,True
16,18,16:18,7,6.999999804393845,330,0,54285,1.6729633596760347,5.327933008482542,313,True
16,19,16:19,6,6.0,330,0,54285,1.744160320657709,5.721095572227589,313,True
16,20,16:20,6,5.997494703877682,330,0,54285,1.5061824436065054,4.5094826879855265,313,True
16,21,16:21,7,7.0,330,0,54285,1.7405818646350915,5.700659469975383,313,True
16,22,16:22,6,6.0,330,0,54285,1.7085298977265768,5.520839310457091,313,True
16,23,16:23,6,6.0,330,0,54285,1.773649116709233,5.89231592636695,313,True
16,24,16:24,8,7.997380132408674,330,0,54285,1.8233505241500072,6.192572092071877,313,True
16,25,16:25,7,6.99988542853078,330,0,54285,1.6317055767140671,5.112587196195642,313,True
17,1,17:1,14,13.949143746605124,329,1,53956,2.290010347190681,9.875039859564964,313,True
17,2,17:2,17,16.957184271636834,329,1,53956,2.5451382781288494,12.744990317636999,313,True
17,3,17:3,15,14.89446440084717,330,0,54285,2.3761525673089086,10.76341159604076,313,True
17,4,17:4,17,16.94848464538833,330,0,54285,2.5246391479488737,12.486388711578705,313,True
17,5,17:5,16,15.995456712605105,330,0,54285,2.5106659089156897,12.313126751966713,313,True
17,6,17:6,15,14.998041969617567,330,0,54285,2.436029405087651,11.42757626583408,313,True
17,7,17:7,17,16.896969696961893,330,0,54285,2.5641842907128782,12.990057935923705,313,True
17,8,17:8,12,11.999454828660436,330,0,54285,2.3292369205621855,10.27010163880799,313,True
17,9,17:9,15,14.954265311963265,330,0,54285,2.48283541178446,11.975170866356585,313,True
17,10,17:10,16,15.999999929144634,319,11,50721,2.4919214954065185,12.084474087362821,313,True
17,11,17:11,14,13.79142919261657,330,0,54285,1.9481454214063627,7.0156644070431335,313,True
17,12,17:12,18,17.999885232434213,330,0,54285,2.6388682334903555,13.99735290453699,313,True
17,13,17:13,11,10.999999997965595,330,0,54285,2.2352139383265923,9.348481636791275,313,True
17,14,17:14,17,16.997804855592754,330,0,54285,2.4136525310944275,11.174702643853086,313,True
17,15,17:15,19,18.952631787752317,330,0,54285,2.5912356931759284,13.346253292060547,313,True
17,16,17:16,14,13.998292713106466,330,0,54285,2.4536252602888626,11.630433734496652,313,True
17,17,17:17,12,11.999999056486894,330,0,54285,2.1947310569865284,8.977586273008344,313,True
17,18,17:18,14,13.948370074187304,330,0,54285,2.3384804345918893,10.36547357423689,313,True
17,19,17:19,15,14.993630573248407,330,0,54285,2.338090506097505,10.361432568635326,313,True
17,20,17:20,15,14.963037028380953,325,5,52650,2.439820771991387,11.47098463681116,313,True
17,21,17:21,13,12.999999999754579,330,0,54285,2.369737523898719,10.694584842749693,313,True
17,22,17:22,16,,318,12,50403,2.4330582263262834,11.393673284788758,313,True
17,23,17:23,20,19.972034151610547,322,8,51681,2.6906317734474032,14.740985942727628,313,True
17,24,17:24,18,17.975067619475933,330,0,54285,2.596200196750722,13.412675554597149,313,True
17,25,17:25,16,15.998746411712167,330,0,54285,2.5868192395826903,13.287440152100347,313,True
17,26,17:26,14,13.99498450255464,330,0,54285,2.269380096596563,9.673402379981912,313,True
17,27,17:27,15,14.948365168986374,330,0,54285,2.2249226715203783,9.252767273816245,313,True
17,28,17:28,16,15.908458508305984,329,1,53956,2.496191343761452,12.136183275799803,313,True
17,29,17:29,13,12.920243851137114,326,4,52975,2.197681901985721,9.00411686314526,313,True
17,30,17:30,16,15.995551790856677,330,0,54285,2.5317819018274292,12.575895193820635,313,True
18,1,18:1,9,8.999999995240152,329,1,53956,1.9081965303435244,6.740920783416712,313,True
18,2,18:2,7,6.999885232924837,330,0,54285,1.524886556929369,4.594622311677288,313,True
18,3,18:3,8,7.999995094799492,330,0,54285,1.8958739715122404,6.658365083858046,313,True
18,4,18:4,9,8.999999804393632,330,0,54285,2.023592409168837,7.565454382134633,313,True
18,5,18:5,5,5.0,330,0,54285,1.5264601837022844,4.601858224178005,313,True
18,6,18:6,7,6.896969696969698,330,0,54285,1.4607889322028955,4.3093579788787455,313,True
18,7,18:7,11,10.954268093904009,328,2,53628,2.0071729828896174,7.442248216906282,313,True
18,8,18:8,11,10.945979545140151,330,0,54285,2.1368385790190243,8.472609757881248,313,True
18,9,18:9,8,7.997494703632477,330,0,54285,1.8043755231290908,6.076175832235588,313,True
18,10,18:10,9,8.999770857054392,330,0,54285,1.7655226343911703,5.844626162640971,313,True
18,11,18:11,7,6.999885428530992,330,0,54285,1.7160440906995431,5.562480215375149,313,True
18,12,18:12,5,5.0,329,1,53956,1.5023794249189002,4.492365609965762,313,True
18,13,18:13,8,7.948370277015841,330,0,54285,1.6063255788210788,4.984462523382396,313,True
18,14,18:14,5,4.999999992777407,330,0,54285,1.2410461466752334,3.4592304349105016,313,True
18,15,18:15,7,6.999999999852636,329,1,53956,1.7979764518539625,6.0374180890401,313,True
18,16,18:16,9,8.949143746756606,329,1,53956,1.8565176855024956,6.401406203338326,313,True
18,17,18:17,6,5.999995094799492,330,0,54285,1.5231861807632536,4.5868163638108275,313,True
18,18,18:18,9,8.999885428530991,330,0,54285,1.8710083160862174,6.4948419523569125,313,True
18,19,18:19,7,6.999885428530992,330,0,54285,1.7280031279923433,5.629401483099365,313,True
18,20,18:20,6,6.0,330,0,54285,1.728970360629625,5.634849058053623,313,True
18,21,18:21,9,8.999999999848518,329,1,53956,1.9220166840400996,6.834728067171331,313,True
18,22,18:22,8,7.968174912846272,323,7,52003,1.663821494153062,5.279447722061853,313,True
18,23,18:23,9,8.896969501363543,330,0,54285,1.8317214774688917,6.244627396267503,313,True
18,24,18:24,7,6.948484848484849,330,0,54285,1.6449600111297507,5.180802728358023,313,True
18,25,18:25,6,5.999999804393845,330,0,54285,1.5392076539596593,4.660895765213895,313,True
19,1,19:1,10,9.999995087577112,330,0,54285,2.0039510170898738,7.418308135450342,313,True
19,2,19:2,11,10.951367781155003,329,1,53956,2.191903309421056,8.952235784564218,313,True
19,3,19:3,10,9.99988542130861,330,0,54285,2.053966995168643,7.798777535296318,313,True
19,4,19:4,8,8.0,330,0,54285,1.9923376774835637,7.332655125181228,313,True
19,5,19:5,13,12.842949249332019,330,0,54285,2.045059567715674,7.729618959941076,313,True
19,6,19:6,10,9.999999804393845,330,0,54285,2.1630801936502095,8.697887617997507,313,True
19,7,19:7,11,10.948484848484844,330,0,54285,2.1635296448542554,8.701797772706119,313,True
19,8,19:8,13,12.997380132163464,330,0,54285,2.160871738995263,8.678699922975166,313,True
19,9,19:9,16,15.958645620560324,326,4,52975,2.208519430134589,9.102229924340339,313,True
19,10,19:10,13,12.94347424877263,330,0,54285,2.118040401088029,8.314827785188118,313,True
19,11,19:11,14,13.992483916026883,330,0,54285,2.255708777183347,9.542054104146743,313,True
19,12,19:12,10,9.99988542130861,330,0,54285,2.0582508612358374,7.832258115704952,313,True
19,13,19:13,10,9.999999992532409,330,0,54285,1.9767873638925155,7.219512023822876,313,True
19,14,19:14,15,14.94575040940933,330,0,54285,2.31851324967898,10.160556859750939,313,True
19,15,19:15,16,15.88797612322717,328,2,53628,2.2762169900074594,9.739764999553387,313,True
19,16,19:16,12,11.999995087577112,330,0,54285,2.2461380538657436,9.451165373653883,313,True
19,17,19:17,15,14.910958516748899,327,3,53301,2.178724753486361,8.835032227618166,313,True
19,18,19:18,12,12.0,321,9,51360,2.3032013487134426,10.006164456439649,313,True
19,19,19:19,12,11.948370276770635,330,0,54285,2.0905116688775833,8.089053022288835,313,True
19,20,19:20,11,10.997489798677174,330,0,54285,2.0535791769727645,7.795753613866298,313,True
19,21,19:21,13,12.997489791447203,330,0,54285,2.245322466338285,9.44346026357813,313,True
19,22,19:22,12,11.896969501363332,330,0,54285,2.114793412070495,8.287873414641014,313,True
19,23,19:23,13,12.997775825402437,329,1,53956,2.2534689333249855,9.520705310772678,313,True
19,24,19:24,13,12.990506329113924,330,0,54285,2.1463722926327113,8.55377146436359,313,True
19,25,19:25,11,10.999999997946281,330,0,54285,2.0811405617867247,8.013603714074529,313,True
20,1,20:1,18,17.943354765125513,330,0,54285,2.4007025557433503,11.030923497589884,313,True
20,2,20:2,7,6.948484848484849,330,0,54285,1.5143028906890668,4.546250788183453,313,True
20,3,20:3,9,8.99804206757664,328,2,53628,2.026726713979796,7.589204022064225,313,True
20,4,20:4,9,8.918773006134957,326,4,52975,1.5519648026352282,4.7207363917764305,313,True
20,5,20:5,6,6.0,329,1,53956,1.6290248108505752,5.098899901379292,313,True
20,6,20:6,8,7.949143746756606,329,1,53956,1.6827027119143816,5.380077137597892,313,True
20,7,20:7,8,7.952310360259568,328,2,53628,1.7098814843061616,5.528306247746556,313,True
20,8,20:8,7,7.0,330,0,54285,1.6813738514507302,5.372932513953661,313,True
20,9,20:9,8,8.0,329,1,53956,2.011441873033535,7.474086265183428,313,True
20,10,20:10,7,6.997494703877682,330,0,54285,1.6399518647311915,5.154921372736635,313,True
20,11,20:11,7,6.998292714958444,327,3,53301,1.7077078897853457,5.516303001398101,313,True
21,1,21:1,6,5.999999992777619,330,0,54285,1.2995123754394624,3.667507864611799,313,True
21,2,21:2,7,6.999999999992409,330,0,54285,1.6933191358302673,5.437498583071775,313,True
21,3,21:3,6,5.999999999999788,330,0,54285,1.528059986571346,4.609226182236837,313,True
21,4,21:4,7,6.997494703877682,330,0,54285,1.5306291266129133,4.621083154371394,313,True
21,5,21:5,7,6.999995094799492,330,0,54285,1.5583089130450414,4.750780465354357,313,True
21,6,21:6,5,5.0,330,0,54285,1.4579635855919766,4.297199732635643,313,True
21,7,21:7,6,6.0,330,0,54285,1.7115213709526256,5.537379480843365,313,True
21,8,21:8,7,6.997494703877682,330,0,54285,1.5433445373373103,4.680217285312251,313,True
21,9,21:9,6,5.999999804393845,330,0,54285,1.4721153708258037,4.35844512402494,313,True
21,10,21:10,7,6.999999999999995,330,0,54285,1.4976618479870571,4.471222441070397,313,True
21,11,21:11,6,6.0,330,0,54285,1.696765413528688,5.456270040422446,313,True
21,12,21:12,6,6.0,329,1,53956,1.6833907233887009,5.38377996604945,313,True
21,13,21:13,6,5.999995094799492,330,0,54285,1.1292105756614301,3.0932136778781913,313,True
21,14,21:14,6,6.0,330,0,54285,1.4403627419038114,4.222227117949339,313,True
21,15,21:15,6,5.948484848484849,330,0,54285,1.3729397368280623,3.946936612270599,313,True
21,16,21:16,7,6.999995094799492,330,0,54285,1.669480377931853,5.309408194601344,313,True
21,17,21:17,6,6.0,330,0,54285,1.6680667682211847,5.301908065995822,313,True
21,18,21:18,6,6.0,330,0,54285,1.374751522417896,3.9540940971047296,313,True
21,19,21:19,6,6.0,330,0,54285,1.4440383109119461,4.237774760802689,313,True
21,20,21:20,8,7.999880523322893,330,0,54285,1.3532619462168027,3.8700287897147705,313,True
21,21,21:21,7,6.948484848484849,330,0,54285,1.6996970317298916,5.472289210556088,313,True
21,22,21:22,6,6.0,329,1,53956,1.491290571444365,4.44282560452346,313,True
21,23,21:23,5,5.0,330,0,54285,1.3784820564738882,3.968872528376013,313,True
21,24,21:24,6,5.999999999992409,330,0,54285,1.4733423518565056,4.363796135639025,313,True
21,25,21:25,6,5.999995094799492,330,0,54285,1.4247290909626127,4.156731594052597,313,True
22,1,22:1,8,7.999880327724329,330,0,54285,1.711132524417119,5.535226708592594,313,True
22,2,22:2,7,6.999999995092788,329,1,53956,1.5837795771446779,4.8733402120050835,313,True
22,3,22:3,8,7.997380132408674,330,0,54285,1.8134352156886986,6.131474232233816,313,True
22,4,22:4,7,7.0,329,1,53956,1.640861017507148,5.159610114881004,313,True
22,5,22:5,6,6.0,330,0,54285,1.6668017126167989,5.295205098190423,313,True
22,6,22:6,6,5.9542682926829285,328,2,53628,1.4294630426218784,4.1764560108614,313,True
22,7,22:7,5,5.0,330,0,54285,1.5205680508828572,4.574823189527523,313,True
22,8,22:8,8,7.948484848239644,330,0,54285,1.656875266497244,5.242902548776275,313,True
22,9,22:9,6,6.0,330,0,54285,1.6587060353407053,5.252509883132663,313,True
22,10,22:10,6,5.999999804393845,330,0,54285,1.604654691430586,4.976141001902394,313,True
22,11,22:11,8,7.997494703870091,330,0,54285,1.7757006929264412,5.904416870345828,313,True
22,12,22:12,6,,287,43,41041,1.592032079607537,4.913723868027633,313,False
22,13,22:13,5,5.0,330,0,54285,1.5870341382143303,4.889226632979232,313,True
22,14,22:14,7,6.999999999953845,327,3,53301,1.6075395051444525,4.990516967728588,313,True
22,15,22:15,7,6.999995094799492,330,0,54285,1.6724786624759305,5.3253512000192,313,True
22,16,22:16,6,,297,33,43956,1.7102413578946396,5.530296097179791,313,False
22,17,22:17,8,7.999995094799274,330,0,54285,1.661962946209042,5.269644727841623,313,True
22,18,22:18,6,5.999999999999788,330,0,54285,1.4684564062819094,4.342526867776723,313,True
22,19,22:19,7,6.948479943284341,330,0,54285,1.599281220060065,4.949473563218845,313,True
22,20,22:20,8,7.999994899193337,330,0,54285,1.7292016876576337,5.636152701717695,313,True
22,21,22:21,6,6.0,330,0,54285,1.6403082090372108,5.1567586269438825,313,True
22,22,22:22,11,10.997260655739158,330,0,54285,1.8192137997486117,6.167008040165233,313,True
22,23,22:23,8,7.948475038083833,330,0,54285,1.548920058103925,4.706384814993461,313,True
22,24,22:24,8,,249,81,30876,1.7351874321636394,5.669990442792014,313,False
22,25,22:25,7,6.948484848484849,330,0,54285,1.6672963623247083,5.29782501776337,313,True
23,1,23:1,4,4.0,330,0,54285,1.3758428958901179,3.9584118462188287,313,True
23,2,23:2,4,4.0,330,0,54285,1.2965868580085276,3.6567941855943644,313,True
23,3,23:3,4,4.0,330,0,54285,1.3440208775244797,3.8344303250904024,313,True
23,4,23:4,4,4.0,330,0,54285,1.3647888581400904,3.91489636622169,313,True
23,5,23:5,4,4.0,330,0,54285,1.3503112363896663,3.858626288742662,313,True
23,6,23:6,4,4.0,330,0,54285,1.3823642763618968,3.9843105116719086,313,True
23,7,23:7,4,4.0,330,0,54285,1.374670773163634,3.95377481984598,313,True
23,8,23:8,4,4.0,330,0,54285,1.3851820577135008,3.9955532598949897,313,True
23,9,23:9,4,4.0,330,0,54285,1.3688970470743103,3.9310125817146964,313,True
23,10,23:10,4,4.0,330,0,54285,1.338830377378934,3.814579276931834,313,True
23,11,23:11,4,4.0,330,0,54285,1.354550255635655,3.8750177972584554,313,True
23,12,23:12,4,4.0,330,0,54285,1.378633367256014,3.969473107018305,313,True
23,13,23:13,4,4.0,330,0,54285,1.3599663985205916,3.8960623861357058,313,True
23,14,23:14,4,4.0,330,0,54285,1.3482335997907948,3.8506177878019043,313,True
23,15,23:15,4,4.0,330,0,54285,1.3735679269239542,3.949416817698222,313,True
23,16,23:16,4,4.0,330,0,54285,1.3538964977979506,3.8724853019117935,313,True
23,17,23:17,4,4.0,330,0,54285,1.3582416014405558,3.889348261024656,313,True
23,18,23:18,4,4.0,330,0,54285,1.3900864619528797,4.015197199777581,313,True
23,19,23:19,4,4.0,330,0,54285,1.381637016074545,3.9814139342748147,313,True
23,20,23:20,5,4.999885428530992,330,0,54285,1.3955209993264188,4.037077339389128,313,True
23,21,23:21,4,4.0,329,1,53956,1.2857752304332697,3.617471244280376,313,True
23,22,23:22,4,4.0,330,0,54285,1.1360260590172022,3.1143674288504335,313,True
23,23,23:23,4,4.0,330,0,54285,1.2728615487700035,3.571056708493387,313,True
23,24,23:24,4,4.0,330,0,54285,1.2391445070448905,3.452658475954266,313,True
23,25,23:25,4,4.0,330,0,54285,1.2029846553355847,3.3300411302269697,313,True
24,1,24:1,9,9.0,330,0,54285,1.9908443388625257,7.3217131601509635,313,True
24,2,24:2,14,13.842949249324638,330,0,54285,2.131417188401308,8.426800717383033,313,True
24,3,24:3,11,10.999999797171464,330,0,54285,2.1481110369167475,8.56865722311792,313,True
24,4,24:4,10,9.999995094799491,330,0,54285,2.062993158294572,7.869489221035612,313,True
24,5,24:5,11,10.999999999992408,330,0,54285,2.192161571526762,8.954548106408419,313,True
24,6,24:6,11,10.999999999992196,330,0,54285,2.226486221081696,9.267245749986115,313,True
24,7,24:7,12,11.999999999754795,330,0,54285,2.3408287175460223,10.389843241381024,313,True
24,8,24:8,11,10.999999999999995,330,0,54285,2.250198613988074,9.489620420556973,313,True
24,9,24:9,11,10.948484652878694,330,0,54285,2.134200266877477,8.450285830380084,313,True
24,10,24:10,10,9.999999999999577,330,0,54285,2.0493832438816226,7.763111682877429,313,True
24,11,24:11,9,9.0,330,0,54285,2.069876708299343,7.923846113159405,313,True
24,12,24:12,8,8.0,330,0,54285,1.956598942665077,7.075222859895542,313,True
24,13,24:13,10,9.997494703877683,330,0,54285,2.067172233849357,7.902445225921279,313,True
24,14,24:14,12,11.948484848477257,330,0,54285,2.1617129025706214,8.686003200426702,313,True
24,15,24:15,11,10.94848484848485,330,0,54285,2.18682628713654,8.906900266089771,313,True
24,16,24:16,11,10.999999999999995,330,0,54285,2.1813652126624046,8.858391595691268,313,True
24,17,24:17,10,9.948484848239644,330,0,54285,2.0444423941477994,7.7248499152448,313,True
24,18,24:18,12,11.94848484848485,330,0,54285,2.237130797710156,9.36641854731425,313,True
24,19,24:19,11,10.999999992770027,330,0,54285,2.1443602747320543,8.536578425210527,313,True
24,20,24:20,10,9.999995094799491,330,0,54285,2.185433223748183,8.894501027892911,313,True
24,21,24:21,11,10.999999999754795,330,0,54285,2.1671683297267736,8.733518548580381,313,True
24,22,24:22,12,11.999885428530991,330,0,54285,2.2971709003417,9.946004376729839,313,True
24,23,24:23,10,9.999885428530991,330,0,54285,2.109060207141388,8.24049328769761,313,True
24,24,24:24,10,9.99988542853078,330,0,54285,2.064467144315572,7.881097291104658,313,True
24,25,24:25,11,11.0,330,0,54285,2.1912471782601495,8.946363870289808,313,True
25,1,25:1,7,6.9999998598008375,329,1,53956,1.5708585220627034,4.8107765791986,313,True
25,2,25:2,7,7.0,330,0,54285,1.622068678576291,5.063554355881108,313,True
25,3,25:3,7,6.999995094799492,330,0,54285,1.58413738006984,4.875084219375112,313,True
25,4,25:4,7,6.999999804393845,330,0,54285,1.55483910089272,4.734324715253543,313,True
25,5,25:5,7,6.999999992777619,330,0,54285,1.5746737665702792,4.829165925739845,313,True
25,6,25:6,7,6.999999999754795,330,0,54285,1.6159861405760048,5.032848573308724,313,True
25,7,25:7,7,6.999995094799492,330,0,54285,1.6279532254308098,5.093438921064141,313,True
25,8,25:8,7,6.999999995240152,329,1,53956,1.5517249533255,4.719604262187132,313,True
25,9,25:9,7,6.999999999999788,330,0,54285,1.6044454000417019,4.9750996474178875,313,True
25,10,25:10,7,6.999999804393845,330,0,54285,1.5869135129004968,4.88863690405106,313,True
25,11,25:11,7,6.999904781401903,329,1,53956,1.5598483353624282,4.758099554967264,313,True
25,12,25:12,7,6.999885428530992,330,0,54285,1.5451996703976523,4.688907769637837,313,True
25,13,25:13,7,6.999999999999788,330,0,54285,1.5980718047744145,4.9434912125379356,313,True
25,14,25:14,7,7.0,330,0,54285,1.6264662437039918,5.085870698760508,313,True
25,15,25:15,7,6.999999992777619,330,0,54285,1.670548315624171,5.315081340480239,313,True
25,16,25:16,7,6.997494703877682,330,0,54285,1.6210496491754194,5.05839707327714,313,True
25,17,25:17,7,6.948484848484849,330,0,54285,1.564315203640504,4.779400898662849,313,True
25,18,25:18,7,6.999999999999788,330,0,54285,1.6167496776369863,5.03669280713749,313,True
25,19,25:19,7,6.999999999754795,330,0,54285,1.5319867196988926,4.627360965303665,313,True
25,20,25:20,7,6.999999992777619,330,0,54285,1.611337984650489,5.009509392487213,313,True
25,21,25:21,7,6.997494703877682,330,0,54285,1.5986323288402315,4.946262935067739,313,True
25,22,25:22,7,6.999999999754795,330,0,54285,1.573605534532202,4.824010010328086,313,True
25,23,25:23,7,6.999999999754795,330,0,54285,1.5597307896341157,4.757540293559731,313,True
25,24,25:24,7,6.999999999992409,330,0,54285,1.7033315864511647,5.492214733409411,313,True
25,25,25:25,7,6.999999992777619,330,0,54285,1.5699625146629057,4.806468018324331,313,True
26,1,26:1,9,,328,2,53628,1.7187090761726296,5.577323914679784,313,True
26,2,26:2,7,,327,3,53301,1.7272394357163643,5.625103993856874,313,True
26,3,26:3,7,,280,50,39060,1.6160516817197015,5.033178442770163,313,False
26,4,26:4,9,,328,2,53628,1.779101484143909,5.924530741535637,313,True
26,5,26:5,7,,329,1,53956,1.7156226718406358,5.560136575171866,313,True
26,6,26:6,7,7.0,330,0,54285,1.1306505981469368,3.0976711838109177,313,True
26,7,26:7,8,,326,4,52975,1.8293882330374394,6.2300741389243575,313,True
26,8,26:8,7,,328,2,53628,1.6616481900880875,5.267986335916476,313,True
26,9,26:9,7,,324,6,52326,1.884496774457756,6.583040854040553,313,True
26,10,26:10,6,,328,2,53628,1.572560131650058,4.8189696114426,313,True
26,11,26:11,7,,330,0,54285,1.7140384810347578,5.551335231274791,313,True
26,12,26:12,7,,294,36,43071,1.7167231152115403,5.56625855843749,313,False
26,13,26:13,7,,330,0,54285,1.630590108473657,5.106887447087515,313,True
26,14,26:14,7,,330,0,54285,1.7471315177381155,5.738119352668046,313,True
26,15,26:15,8,,330,0,54285,1.841164032393719,6.303871903001122,313,True
26,16,26:16,6,,330,0,54285,1.5133260009081488,4.541811770815357,313,True
26,17,26:17,7,,330,0,54285,1.7431020939300206,5.715044558218457,313,True
26,18,26:18,8,,311,19,48205,1.708912885795493,5.522954130993066,313,False
26,19,26:19,7,,313,17,48828,1.6223701839731124,5.065081275022117,313,True
26,20,26:20,8,,328,2,53628,1.680609352353769,5.368826481627697,313,True
26,21,26:21,7,,330,0,54285,1.756792088982434,5.7938214874968175,313,True
26,22,26:22,7,,328,2,53628,1.5214691850894932,4.578947577227239,313,True
26,23,26:23,7,,328,2,53628,1.7235099028623082,5.604164056069126,313,True
26,24,26:24,7,,327,3,53301,1.5900679984780772,4.904082387127838,313,True
26,25,26:25,7,,303,27,45753,1.5083993785316356,4.519491007448197,313,False
27,1,27:1,15,14.914366668125888,327,3,53301,2.3452685233670274,10.436074681249016,313,True
27,2,27:2,11,10.951367781155005,329,1,53956,2.2530492174220513,9.51671015781986,313,True
27,3,27:3,12,11.999900984341242,329,1,53956,2.2520169784424793,9.506891707003305,313,True
27,4,27:4,17,16.94409908771613,324,6,52326,2.5248604222974302,12.48915193481062,313,True
27,5,27:5,17,16.948479747432977,330,0,54285,2.6562558016015863,14.242861040972528,313,True
27,6,27:6,15,14.952229397239595,329,1,53956,2.301035465283659,9.984515723426751,313,True
27,7,27:7,21,,323,7,52003,2.652010616460977,14.182525617055859,313,True
27,8,27:8,16,15.95418732974765,328,2,53628,2.5128509888801305,12.340061334924076,313,True
27,9,27:9,16,15.996815286624203,327,3,53301,2.3984635379717085,11.006252693332385,313,True
27,10,27:10,17,16.95231025926822,328,2,53628,2.5183272603580242,12.407824235519724,313,True
27,11,27:11,7,7.0,328,2,53628,1.8826194777726908,6.570694126129375,313,True
27,12,27:12,10,10.0,330,0,54285,2.136959990946634,8.473638496213125,313,True
27,13,27:13,17,16.811623931623938,325,5,52650,2.1716777866297288,8.7729909066453,313,True
27,14,27:14,19,,321,9,51360,2.658085019275035,14.26893817721714,313,True
27,15,27:15,15,14.978118530006157,330,0,54285,2.3838913634964,10.847030582490563,313,True
27,16,27:16,15,14.999999999860469,327,3,53301,2.6170948009053947,13.695876483263259,313,True
27,17,27:17,13,12.944695677959809,329,1,53956,2.184171173390705,8.883282800164235,313,True
27,18,27:18,23,22.85399630356363,329,1,53956,2.6727358626820044,14.479529056148401,313,True
27,19,27:19,16,15.931046182357184,324,6,52326,2.3748093228518043,10.748963408970857,313,True
27,20,27:20,16,15.932069354752231,324,6,52326,2.3219250014520134,10.195281359636324,313,True
27,21,27:21,14,13.978124835189135,326,4,52975,2.2999591443403693,9.973774961335517,313,True
27,22,27:22,16,15.938080495352496,323,7,52003,2.460389974126613,11.709377003786848,313,True
27,23,27:23,10,9.94904852815439,329,1,53956,1.758617376607311,5.804406535598518,313,True
27,24,27:24,15,14.999921919907896,328,2,53628,2.482315951138994,11.96895185177529,313,True
27,25,27:25,18,,311,19,48205,2.6130457870335206,13.640533806637402,313,False
28,1,28:1,7,6.999999999992409,330,0,54285,1.731661281416625,5.650032409952212,313,True
28,2,28:2,7,6.999995094799492,330,0,54285,1.762757971759881,5.828490058814728,313,True
28,3,28:3,9,9.0,330,0,54285,2.0316523954219607,7.626678240740605,313,True
28,4,28:4,15,14.945864785287368,330,0,54285,2.4640775508997113,11.752635941760538,313,True
28,5,28:5,8,7.999995094799492,330,0,54285,1.917150540850913,6.80155009159664,313,True
28,6,28:6,10,9.94847994328434,330,0,54285,2.1062301906205194,8.21720552347469,313,True
28,7,28:7,7,6.948484848484849,330,0,54285,1.6952019760155987,5.447746168166793,313,True
28,8,28:8,9,9.0,330,0,54285,2.0589724362711843,7.837911717135158,313,True
28,9,28:9,12,11.997494703877678,330,0,54285,2.3284873949613396,10.262406818798947,313,True
28,10,28:10,8,7.9999996087876895,330,0,54285,1.8025597744429633,6.065153034295427,313,True
28,11,28:11,9,8.999904781401904,329,1,53956,2.0579949454473767,7.830253973650579,313,True
28,12,28:12,10,9.998229610481884,327,3,53301,1.990946709397467,7.32246272620994,313,True
28,13,28:13,8,8.0,316,14,49770,1.9332108970506878,6.911667302681392,313,True
28,14,28:14,8,7.95712350612458,327,3,53301,1.6657607668014445,5.289695944464739,313,True
28,15,28:15,9,8.999999999754584,330,0,54285,1.9585007803296315,7.088691588823909,313,True
28,16,28:16,10,9.999999797171464,330,0,54285,2.14617009213453,8.552042062361032,313,True
28,17,28:17,7,7.0,330,0,54285,1.7760986687539462,5.906767153182596,313,True
28,18,28:18,10,10.0,329,1,53956,2.1180881905737325,8.315225156026683,313,True
28,19,28:19,8,7.9542682926829285,328,2,53628,1.830073178617616,6.234342862424746,313,True
28,20,28:20,8,7.999999995240152,329,1,53956,1.8046729567665027,6.077983360111395,313,True
28,21,28:21,5,5.0,330,0,54285,1.5297425254140116,4.616987912198074,313,True
28,22,28:22,7,7.0,330,0,54285,1.7763519284659253,5.9082632887779765,313,True
28,23,28:23,8,7.896969696969693,330,0,54285,1.7106470349709912,5.532540066664569,313,True
28,24,28:24,8,7.999999945931462,325,5,52650,1.8223197565116245,6.186192277778944,313,True
28,25,28:25,10,9.902735562158526,329,1,53956,1.8342634451286932,6.260521229402938,313,True
29,1,29:1,6,6.0,330,0,54285,1.6540437756928812,5.228078315665355,313,True
29,2,29:2,7,6.948484848484849,330,0,54285,1.7279520109576878,5.629113732143214,313,True
29,3,29:3,6,6.0,330,0,54285,1.6645369969785841,5.283226533538118,313,True
29,4,29:4,7,6.948484848484849,330,0,54285,1.6043187871544218,4.9744697755628104,313,True
29,5,29:5,7,7.0,330,0,54285,1.7934810446346872,6.010338349010075,313,True
29,6,29:6,6,6.0,330,0,54285,1.6854993840480272,5.395144508833479,313,True
29,7,29:7,6,6.0,330,0,54285,1.585540467510175,4.881929189736916,313,True
29,8,29:8,6,6.0,329,1,53956,1.5265656899691937,4.602343774673944,313,True
29,9,29:9,7,6.948484848484849,330,0,54285,1.6489514855179144,5.201523094654582,313,True
29,10,29:10,8,7.948484848484849,330,0,54285,1.7843544973246908,5.955734264115719,313,True
29,11,29:11,7,7.0,330,0,54285,1.845357099017342,6.330359952145615,313,True
29,12,29:12,7,7.0,330,0,54285,1.6645481772070334,5.283285601547908,313,True
29,13,29:13,7,6.999999999999788,330,0,54285,1.7424989338558776,5.711598510882548,313,True
29,14,29:14,7,6.997494696655301,330,0,54285,1.5837349317395701,4.87312264461382,313,True
29,15,29:15,7,7.0,330,0,54285,1.7897275244044342,5.9878207090723405,313,True
29,16,29:16,7,7.0,329,1,53956,1.818529394827453,6.162788753528684,313,True
29,17,29:17,6,6.0,330,0,54285,1.7115607808784583,5.537597712858238,313,True
29,18,29:18,5,5.0,330,0,54285,1.5405412015287543,4.667115437624184,313,True
29,19,29:19,5,5.0,330,0,54285,1.5140773945951769,4.545225741965177,313,True
29,20,29:20,7,7.0,330,0,54285,1.8059206739741,6.085571697602469,313,True
29,21,29:21,6,6.0,330,0,54285,1.6053473205737951,4.97958881607148,313,True
29,22,29:22,7,6.948484848484849,330,0,54285,1.6889953876181558,5.414038961590807,313,True
29,23,29:23,7,7.0,330,0,54285,1.8396034087112074,6.29404160391174,313,True
29,24,29:24,7,6.999999999999788,330,0,54285,1.7373576808142854,5.6823090943330525,313,True
29,25,29:25,7,7.0,330,0,54285,1.708930601394577,5.523051974300884,313,True
30,1,30:1,6,6.0,330,0,54285,1.6364417102889883,5.13685852282365,313,True
30,2,30:2,6,6.0,330,0,54285,1.7161063272360761,5.562826415651329,313,True
30,3,30:3,6,6.0,330,0,54285,1.5792755731720691,4.851440024618183,313,True
30,4,30:4,5,5.0,330,0,54285,1.5583370542025865,4.750914159697042,313,True
30,5,30:5,5,5.0,330,0,54285,1.4752226694905504,4.372009177608234,313,True
30,6,30:6,5,5.0,330,0,54285,1.5450939863362334,4.68841225300569,313,True
30,7,30:7,5,5.0,330,0,54285,1.5818315776922534,4.863856188376125,313,True
30,8,30:8,5,5.0,330,0,54285,1.512806316600894,4.539452075712924,313,True
30,9,30:9,6,6.0,330,0,54285,1.764576986828971,5.839101818611213,313,True
30,10,30:10,6,6.0,330,0,54285,1.7608737631431859,5.817518307403893,313,True
30,11,30:11,6,6.0,330,0,54285,1.7531140905536742,5.7725509616280375,313,True
30,12,30:12,6,6.0,330,0,54285,1.708124886241618,5.518603759872134,313,True
30,13,30:13,6,5.999999999999788,330,0,54285,1.547002830621177,4.697370248929951,313,True
30,14,30:14,6,6.0,330,0,54285,1.7744199370514218,5.8968595942964575,313,True
30,15,30:15,6,6.0,330,0,54285,1.6894221168514696,5.416349783298539,313,True
30,16,30:16,6,5.999999999992409,330,0,54285,1.4852763184981435,4.416185517951844,313,True
30,17,30:17,5,5.0,330,0,54285,1.526613764481362,4.602565035424201,313,True
30,18,30:18,6,6.0,330,0,54285,1.7014010936874604,5.481622280226629,313,True
30,19,30:19,5,5.0,330,0,54285,1.5635764300393098,4.775871307394353,313,True
30,20,30:20,6,6.0,330,0,54285,1.7445360365789726,5.723245482773666,313,True
30,21,30:21,6,6.0,330,0,54285,1.7799883744437668,5.929787481112616,313,True
30,22,30:22,6,6.0,330,0,54285,1.7714148373764214,5.879165542955773,313,True
30,23,30:23,6,6.0,330,0,54285,1.769589765588687,5.868445429252069,313,True
30,24,30:24,6,6.0,330,0,54285,1.768145472839408,5.8599757938578465,313,True
30,25,30:25,6,5.997494703877682,330,0,54285,1.5169316774460424,4.558217634301193,313,True
31,1,31:1,6,,46,284,1035,1.5710566404868547,4.811729777093329,313,False
31,2,31:2,5,,107,223,5671,1.5726607947432774,4.819454728246087,313,False
31,3,31:3,4,,8,322,28,1.5083883431493221,4.519441133412257,313,False
31,4,31:4,5,,43,287,903,1.5729562078390842,4.820878668602418,313,False
31,5,31:5,5,,22,308,231,1.6568269877751245,5.242649434251096,313,False
31,6,31:6,5,,16,314,120,1.6687891850588954,5.305739637483934,313,False
31,7,31:7,5,,20,310,190,1.6571130980576458,5.244149624761621,313,False
31,8,31:8,6,,29,301,406,1.719933859618765,5.584159113649039,313,False
31,9,31:9,7,,76,254,2850,1.8639924687029217,6.449434604206556,313,False
31,10,31:10,5,,21,309,210,1.6491224537065192,5.202412465660969,313,False
31,11,31:11,5,,102,228,5151,1.5261058056229917,4.600227715424688,313,False
31,12,31:12,5,,121,209,7260,1.499670288624039,4.480211650042578,313,False
31,13,31:13,2,,3,327,3,0.8031808349614794,2.2326312775228883,313,False
31,14,31:14,6,,62,268,1891,1.6397226029138514,5.153739681557986,313,False
31,15,31:15,7,,47,283,1081,1.5894674584358273,4.90113817343147,313,False
31,16,31:16,5,,34,296,561,1.5407938452758003,4.668294704117122,313,False
31,17,31:17,3,,5,325,10,1.2549201679861441,3.5075583477185712,313,False
31,18,31:18,5,,19,311,171,1.61892666267696,5.047669555803246,313,False
31,19,31:19,5,,13,317,78,1.7046918602294356,5.499690732646001,313,False
31,20,31:20,5,,39,291,741,1.2251716335125307,3.4047504019157837,313,False
31,21,31:21,6,,90,240,4005,1.7771413426733988,5.9129291971845195,313,False
31,22,31:22,6,,157,173,12246,1.3776093302529646,3.9654103002613756,313,False
31,23,31:23,6,,104,226,5356,1.6236612724348913,5.071624966347477,313,False
31,24,31:24,5,,24,306,276,1.5510672626604858,4.716501243046544,313,False
31,25,31:25,5,,15,315,105,1.495780818524962,4.462819845169942,313,False
32,1,32:1,5,4.999999999999995,330,0,54285,1.391531887912774,4.02100506645369,313,True
32,2,32:2,4,4.0,330,0,54285,1.3344281422740927,3.7978235106001996,313,True
32,3,32:3,5,,274,56,37401,1.372755004283046,3.946207551967853,313,False
32,4,32:4,8,7.900511527911611,329,1,53956,1.4540342598940665,4.280347765413376,313,True
32,5,32:5,8,7.997772168540941,329,1,53956,1.7785768850715116,5.921423553289532,313,True
32,6,32:6,5,4.997494703877682,330,0,54285,1.2731910183628594,3.57223345693397,313,True
32,7,32:7,9,8.896969696969485,330,0,54285,1.8290931977292173,6.228236318204867,313,True
32,8,32:8,4,4.0,329,1,53956,1.231771425011474,3.4272953588489634,313,True
32,9,32:9,5,4.997494703877682,330,0,54285,1.372457014829062,3.9450317989238384,313,True
32,10,32:10,4,4.0,330,0,54285,1.2640014399187594,3.5395565109990237,313,True
32,11,32:11,5,4.997494703877682,330,0,54285,1.3714996647853,3.9412568298302286,313,True
32,12,32:12,6,5.999885421308611,330,0,54285,1.410145449096434,4.096551200411702,313,True
32,13,32:13,6,,253,77,31878,1.3927526385612288,4.025916708331049,313,False
32,14,32:14,5,5.0,329,1,53956,1.5575544396260879,4.7471974795776894,313,True
32,15,32:15,4,4.0,329,1,53956,1.3163164920947548,3.7296578196739025,313,True
32,16,32:16,6,5.896969696969698,330,0,54285,1.2960517028570957,3.6548377568913586,313,True
32,17,32:17,8,7.999999902125623,328,2,53628,1.8990434211850857,6.679501915262444,313,True
32,18,32:18,12,11.896964791516389,330,0,54285,1.9598834596266324,7.098499755138246,313,True
32,19,32:19,6,5.960122699386497,326,4,52975,1.4633338356621244,4.320338845602609,313,True
32,20,32:20,7,6.998042067491945,328,2,53628,1.641447662767729,5.1626378637217645,313,True
32,21,32:21,6,6.0,329,1,53956,1.6970296645666254,5.4577120559625545,313,True
32,22,32:22,7,,308,22,47278,1.7734551263685765,5.89117298485653,313,False
32,23,32:23,9,8.969040247398986,323,7,52003,1.872268864857151,6.5030341796636195,313,True
32,24,32:24,9,8.952310360259567,328,2,53628,1.9695583721815697,7.167510417296379,313,True
32,25,32:25,8,7.9965854299168875,327,3,53301,1.7891370810029883,5.984286283387472,313,True
33,1,33:1,7,7.0,330,0,54285,1.8469628768327955,6.340533269578317,313,True
33,2,33:2,7,7.0,330,0,54285,1.853914285294659,6.384762455666698,313,True
33,3,33:3,7,7.0,330,0,54285,1.8425466867400244,6.312594007324556,313,True
33,4,33:4,7,7.0,330,0,54285,1.8482983050307868,6.349006252767946,313,True
33,5,33:5,7,7.0,330,0,54285,1.885274588724357,6.588163229004355,313,True
33,6,33:6,7,7.0,330,0,54285,1.8685763312738934,6.479065786843542,313,True
33,7,33:7,7,7.0,330,0,54285,1.8615129665779138,6.433463026363606,313,True
33,8,33:8,7,7.0,330,0,54285,1.8552410367517729,6.3932390704951905,313,True
33,9,33:9,7,7.0,330,0,54285,1.8579155708167157,6.410360892416324,313,True
33,10,33:10,7,7.0,330,0,54285,1.8556616546158742,6.395928746680982,313,True
33,11,33:11,7,7.0,330,0,54285,1.8483883040168199,6.34957768260668,313,True
33,12,33:12,7,7.0,330,0,54285,1.8550472934644138,6.392000543322837,313,True
33,13,33:13,7,7.0,317,13,50086,1.838113436943073,6.2846706425819985,313,True
33,14,33:14,7,7.0,330,0,54285,1.8517212762184712,6.370775955518428,313,True
33,15,33:15,7,7.0,330,0,54285,1.8582887467569376,6.412753531279375,313,True
33,16,33:16,7,7.0,330,0,54285,1.814679237378496,6.139106665641177,313,True
33,17,33:17,7,7.0,330,0,54285,1.8603766818282998,6.426156932127375,313,True
33,18,33:18,7,7.0,330,0,54285,1.8662401310184316,6.463947058761655,313,True
33,19,33:19,7,7.0,330,0,54285,1.8644560735042572,6.452425286248678,313,True
33,20,33:20,7,7.0,330,0,54285,1.8609933762463746,6.430121129460638,313,True
33,21,33:21,7,7.0,330,0,54285,1.861157797689313,6.431178466177045,313,True
33,22,33:22,7,7.0,330,0,54285,1.8560238251019763,6.398245582823754,313,True
33,23,33:23,7,7.0,330,0,54285,1.8623434710489197,6.438808265486313,313,True
33,24,33:24,7,7.0,330,0,54285,1.8556775548677196,6.396030444367347,313,True
33,25,33:25,7,7.0,330,0,54285,1.8652185351740092,6.457346889234765,313,True
34,1,34:1,9,9.0,328,2,53628,2.109554839828478,8.244570313267385,313,True
34,2,34:2,12,11.997494696655302,330,0,54285,2.3332924693001944,10.311837109462575,313,True
34,3,34:3,11,10.999999992777408,330,0,54285,2.1829035370430616,8.87202916226753,313,True
34,4,34:4,12,11.95426829268293,328,2,53628,2.2557520053924027,9.542466598972021,313,True
34,5,34:5,9,8.997494703877683,330,0,54285,1.9907608979278768,7.32110225504925,313,True
34,6,34:6,7,7.0,329,1,53956,1.8823784923274849,6.569110875257948,313,True
34,7,34:7,10,9.963075837735508,325,5,52650,1.9503079649476192,7.0308525033349305,313,True
34,8,34:8,13,12.993650793650794,315,15,49455,2.2331163885446648,9.328893282129126,313,True
34,9,34:9,11,10.999880523330482,330,0,54285,2.1429235842695338,8.524322810275061,313,True
34,10,34:10,10,9.94848484848485,330,0,54285,2.1309627054522835,8.42297175030819,313,True
34,11,34:11,6,6.0,330,0,54285,1.7392729903030053,5.693202904037569,313,True
34,12,34:12,7,6.948484848484849,330,0,54285,1.787208013124601,5.97275331645761,313,True
34,13,34:13,7,6.997494703877682,330,0,54285,1.7088189094511632,5.522435128341302,313,True
34,14,34:14,6,6.0,330,0,54285,1.783647583126119,5.951525558773545,313,True
34,15,34:15,6,5.999999999698751,324,6,52326,1.5760770031182498,4.835947144577388,313,True
34,16,34:16,11,11.0,328,2,53628,2.162268914415155,8.690834063972014,313,True
34,17,34:17,11,10.94848484848485,330,0,54285,2.1289271483017207,8.405843748360427,313,True
34,18,34:18,13,12.948255705531647,330,0,54285,2.1848047417066914,8.888912749978951,313,True
34,19,34:19,9,9.0,330,0,54285,2.1501647087375466,8.58627251482208,313,True
34,20,34:20,11,,312,18,48516,2.076827560428462,7.979115457781738,313,False
34,21,34:21,12,11.999994899193336,330,0,54285,2.334929129159516,10.328727897802743,313,True
34,22,34:22,11,10.999995094791899,330,0,54285,2.2403142219041174,9.396283341661688,313,True
34,23,34:23,10,9.999996202939233,329,1,53956,2.0075434312451517,7.4450056962400195,313,True
34,24,34:24,7,6.948484848484849,330,0,54285,1.675202893607763,5.339878466377441,313,True
34,25,34:25,13,12.948370277008248,330,0,54285,2.3663504293432016,10.658422549780493,313,True
35,1,35:1,7,7.0,330,0,54285,1.7720225340120939,5.882739377870532,313,True
35,2,35:2,9,9.0,330,0,54285,2.0789499219701675,7.996068008924001,313,True
35,3,35:3,8,8.0,330,0,54285,1.9985994683866404,7.378714735664672,313,True
35,4,35:4,11,10.94847994328434,330,0,54285,2.1492158305987807,8.578129052726865,313,True
35,5,35:5,5,5.0,330,0,54285,1.4898877125150303,4.436597316678732,313,True
35,6,35:6,11,10.99738013216347,330,0,54285,2.110175763230235,8.249691149571344,313,True
35,7,35:7,8,7.997494703877682,330,0,54285,1.9217813619864725,6.833119894153291,313,True
35,8,35:8,8,8.0,330,0,54285,1.9751731728813422,7.207867752976001,313,True
35,9,35:9,8,8.0,330,0,54285,2.012935528774225,7.485258318563588,313,True
35,10,35:10,9,9.0,330,0,54285,2.0914165845230683,8.09637624587593,313,True
35,11,35:11,8,8.0,330,0,54285,1.9623739697350888,7.116200673542031,313,True
35,12,35:12,8,7.999999992777619,330,0,54285,1.9388000447889602,6.950405789071128,313,True
35,13,35:13,8,7.999999999999788,330,0,54285,1.9844386499048312,7.274962438160895,313,True
35,14,35:14,9,8.94848484848485,330,0,54285,2.025835528514596,7.582443646568942,313,True
35,15,35:15,8,7.999999999992409,330,0,54285,1.9430315010754373,6.979878439480604,313,True
35,16,35:16,5,5.0,330,0,54285,1.5237418265779874,4.589365717329547,313,True
35,17,35:17,9,9.0,330,0,54285,2.11864476194859,8.319854460473692,313,True
35,18,35:18,9,8.999999804393845,330,0,54285,2.0477221063293993,7.75022679129039,313,True
35,19,35:19,9,8.94848484848485,330,0,54285,2.024196337415446,7.5700247536837635,313,True
35,20,35:20,9,8.999999999754795,330,0,54285,2.0934009489200514,8.112458357750729,313,True
35,21,35:21,8,8.0,330,0,54285,2.0263008416538533,7.585972678214091,313,True
35,22,35:22,4,4.0,330,0,54285,1.123793606943445,3.0765031372472063,313,True
35,23,35:23,8,7.999999995240152,329,1,53956,1.8597144352142376,6.421902640308302,313,True
35,24,35:24,4,4.0,330,0,54285,1.1292082730839386,3.0932065555221997,313,True
35,25,35:25,5,4.999996202939339,329,1,53956,1.2055423638721858,3.3385693064984228,313,True
36,1,36:1,4,3.9999998043938447,330,0,54285,1.1141517495834878,3.0469824785203814,313,True
36,2,36:2,6,5.94837027700825,330,0,54285,1.2390983434679415,3.4524990925679138,313,True
36,3,36:3,3,3.0,330,0,54285,0.972238511428455,2.643856142390478,313,True
36,4,36:4,3,3.0,330,0,54285,0.983114298861424,2.6727670894843683,313,True
36,5,36:5,3,3.0,330,0,54285,1.0039541496032103,2.72905160008418,313,True
36,6,36:6,5,4.945979552362531,330,0,54285,1.0665475286153563,2.905331590718097,313,True
36,7,36:7,3,3.0,330,0,54285,1.0068348488619554,2.7369245113059812,313,True
36,8,36:8,3,3.0,330,0,54285,0.9223239957883279,2.5151287517706304,313,True
36,9,36:9,3,3.0,330,0,54285,1.0184630008563276,2.768935639960289,313,True
36,10,36:10,3,3.0,330,0,54285,1.0147026893488327,2.7585431311907795,313,True
36,11,36:11,3,3.0,330,0,54285,1.0786750573425723,2.940780603027524,313,True
36,12,36:12,3,3.0,330,0,54285,1.034046002568473,2.812421912128249,313,True
36,13,36:13,3,3.0,330,0,54285,0.9454904610039346,2.574075552719219,313,True
36,14,36:14,3,3.0,329,1,53956,1.045842334017623,2.8457946239706295,313,True
36,15,36:15,3,3.0,329,1,53956,1.0495582312582343,2.856388975932329,313,True
36,16,36:16,3,3.0,330,0,54285,1.0286510850324713,2.7972899822940684,313,True
36,17,36:17,3,3.0,330,0,54285,1.0512399367863492,2.861196622453411,313,True
36,18,36:18,3,3.0,330,0,54285,1.0968185255191267,2.994623534047903,313,True
36,19,36:19,3,3.0,330,0,54285,1.023733972424627,2.7835691535295557,313,True
36,20,36:20,3,3.0,330,0,54285,1.043042053385818,2.837836747746547,313,True
36,21,36:21,3,3.0,330,0,54285,1.042300984714186,2.8357344948906618,313,True
36,22,36:22,3,3.0,330,0,54285,1.0779573830460667,2.9386708375298576,313,True
36,23,36:23,3,3.0,330,0,54285,1.0296208601579235,2.800004040337858,313,True
36,24,36:24,3,3.0,330,0,54285,1.019596141648195,2.7720750122234543,313,True
36,25,36:25,3,3.0,330,0,54285,1.0406821028285775,2.8311474895961726,313,True
37,1,37:1,6,6.0,330,0,54285,1.6809719507688252,5.3707735625835475,313,True
37,2,37:2,7,6.948484848484849,330,0,54285,1.7572957724699156,5.796740474770619,313,True
37,3,37:3,6,6.0,330,0,54285,1.5227562879990204,4.5848449484241245,313,True
37,4,37:4,9,8.999999999992408,330,0,54285,1.9155353864409232,6.790573404879672,313,True
37,5,37:5,6,6.0,330,0,54285,1.7662345195504747,5.8487883465905535,313,True
37,6,37:6,6,6.0,330,0,54285,1.6132770211816496,5.019232437826049,313,True
37,7,37:7,7,7.0,330,0,54285,1.8909098310672812,6.625393928878075,313,True
37,8,37:8,6,6.0,330,0,54285,1.6711255941826986,5.318150508772219,313,True
37,9,37:9,7,7.0,330,0,54285,1.7700004209521665,5.8708558327315625,313,True
37,10,37:10,6,6.0,330,0,54285,1.7006614020013204,5.477569069047499,313,True
37,11,37:11,7,7.0,328,2,53628,1.8153625478114286,6.143303014816005,313,True
37,12,37:12,8,8.0,330,0,54285,1.9179940041034729,6.807289369253989,313,True
37,13,37:13,7,6.948370277015841,330,0,54285,1.568688852360606,4.8003500981114025,313,True
37,14,37:14,7,6.997494703877682,330,0,54285,1.571016938172644,4.8115387440780735,313,True
37,15,37:15,9,8.999999985555238,330,0,54285,1.876273633620828,6.529129545892412,313,True
37,16,37:16,8,8.0,330,0,54285,1.8523730433684678,6.374929571454396,313,True
37,17,37:17,7,7.0,330,0,54285,1.8856238926383446,6.590464902174556,313,True
37,18,37:18,9,8.999885428530774,330,0,54285,1.797058469583154,6.031878389334982,313,True
37,19,37:19,7,6.9999998598008375,329,1,53956,1.7393537629165245,5.693662777487764,313,True
37,20,37:20,8,7.948479943284341,330,0,54285,1.7753952065664418,5.902613427005883,313,True
37,21,37:21,9,8.997775965454236,329,1,53956,1.8872517294419833,6.6012018401158326,313,True
37,22,37:22,6,6.0,329,1,53956,1.7270044520353873,5.6237823415039685,313,True
37,23,37:23,9,8.945979552362319,330,0,54285,1.7647423229531896,5.840067312888162,313,True
37,24,37:24,10,9.999885428285575,330,0,54285,1.9004126695482837,6.6886540766880165,313,True
37,25,37:25,7,6.999999999992409,330,0,54285,1.7217892232802854,5.59452937687857,313,True
38,1,38:1,12,11.945864980893523,330,0,54285,2.0544562908668698,7.802594377301803,313,True
38,2,38:2,12,11.89685512550069,330,0,54285,2.04908904065145,7.7608280862813555,313,True
38,3,38:3,12,11.954262526992313,328,2,53628,2.0876799158860777,8.066179223953034,313,True
38,4,38:4,12,11.951367495996832,329,1,53956,2.106513945038815,8.21953752268991,313,True
38,5,38:5,12,11.924900284900113,325,5,52650,2.0117371459497817,7.476293486281498,313,True
38,6,38:6,10,9.954268289652763,328,2,53628,2.00397700502683,7.418500924479571,313,True
38,7,38:7,11,10.999995087577112,330,0,54285,2.112535523839423,8.269181432941293,313,True
38,8,38:8,10,9.957186544342509,327,3,53301,2.0340951396652125,7.645331037839573,313,True
38,9,38:9,15,14.952830188641155,318,12,50403,2.159165441118238,8.663904102349695,313,True
38,10,38:10,11,10.999904781397682,329,1,53956,2.049462217235559,7.763724786053096,313,True
38,11,38:11,10,10.0,315,15,49455,2.105917857875937,8.214639421880385,313,True
38,12,38:12,11,10.94848465263349,330,0,54285,2.0778589289316653,7.987349111383953,313,True
38,13,38:13,12,11.93104766272508,324,6,52326,2.0040822577827693,7.4192817832398585,313,True
38,14,38:14,13,,310,20,47895,2.093160794072285,8.11051034547047,313,False
38,15,38:15,12,11.99993481974469,327,3,53301,2.0175537184773327,7.5199066060571464,313,True
38,16,38:16,11,10.948484848484838,330,0,54285,2.087857226553739,8.067609570380801,313,True
38,17,38:17,11,10.998948164818344,324,6,52326,2.0449506392654575,7.7287770303828776,313,True
38,18,38:18,12,,302,28,45451,2.004939616256382,7.4256454949461075,313,False
38,19,38:19,10,9.999885428285786,330,0,54285,2.064156716178204,7.87865115644632,313,True
38,20,38:20,11,10.999999714841827,329,1,53956,2.101108778132094,8.175229404744938,313,True
38,21,38:21,11,10.998745353405024,325,5,52650,2.038567859636019,7.679603050077811,313,True
38,22,38:22,11,,234,96,27261,1.929745793994292,6.887759109285099,313,False
38,23,38:23,13,12.896964791761388,330,0,54285,2.1066567301811654,8.22071123431744,313,True
38,24,38:24,12,11.997775680443429,329,1,53956,2.124213962659957,8.366318663996687,313,True
38,25,38:25,10,9.997494696655302,330,0,54285,2.0456507547821796,7.734189961724645,313,True
38,26,38:26,11,10.999922379516764,325,5,52650,2.0443249563267214,7.723942778969696,313,True
38,27,38:27,10,9.999996202791976,329,1,53956,2.0565202467330885,7.8187152183680215,313,True
38,28,38:28,10,9.999885428530986,330,0,54285,2.031634267423347,7.626539985581178,313,True
39,1,39:1,9,8.999999713397333,330,0,54285,2.002185452431169,7.405222188221297,313,True
39,2,39:2,9,8.999999999988876,330,0,54285,2.062797546875073,7.867950009626924,313,True
39,3,39:3,9,,330,0,54285,2.122254225710837,8.349938935404696,313,True
39,4,39:4,8,,330,0,54285,1.8144168626233532,6.137496130324129,313,True
39,5,39:5,9,,330,0,54285,1.9869923586954856,7.293564315470477,313,True
39,6,39:6,11,10.999904501003579,330,0,54285,2.0512712798845496,7.777782562445772,313,True
39,7,39:7,11,10.99999626832184,330,0,54285,2.210457178669111,9.11988485692265,313,True
39,8,39:8,10,9.94837027701584,330,0,54285,2.0833280997455708,8.031152964213396,313,True
39,9,39:9,12,,330,0,54285,1.9022972305777794,6.701271138578095,313,True
39,10,39:10,9,8.999999999999954,330,0,54285,2.101111388972632,8.175250748993138,313,True
39,11,39:11,10,,330,0,54285,1.8976864774844633,6.6704443539054505,313,True
39,12,39:12,10,10.0,330,0,54285,2.0837040629448773,8.0341729498421,313,True
39,13,39:13,11,11.0,330,0,54285,2.270000666942375,9.679407269677561,313,True
39,14,39:14,10,,330,0,54285,2.122614562109344,8.352948264481272,313,True
39,15,39:15,9,,330,0,54285,2.02566797648813,7.581173299198005,313,True
39,16,39:16,11,10.948484848239639,330,0,54285,2.1702023989407873,8.760056887558902,313,True
39,17,39:17,7,6.999999999992409,330,0,54285,1.810608110292074,6.114164388248387,313,True
39,18,39:18,9,,330,0,54285,1.9420887555245805,6.973301290912168,313,True
39,19,39:19,11,10.998527607361956,330,0,54285,2.22010187446239,9.208268905544593,313,True
39,20,39:20,9,8.999303132448826,330,0,54285,1.918725030068838,6.812267493884158,313,True
39,21,39:21,7,6.908536585365857,330,0,54285,1.5320910142447972,4.627843598981871,313,True
39,22,39:22,7,7.0,330,0,54285,1.8416286237034745,6.306801307540321,313,True
39,23,39:23,10,9.999885037318467,330,0,54285,1.907862714470324,6.73867093259807,313,True
39,24,39:24,8,7.999999999754795,330,0,54285,1.9689264347211903,7.162982429819169,313,True
39,25,39:25,12,,330,0,54285,2.2173802271138014,9.183241318474757,313,True
40,1,40:1,7,7.0,330,0,54285,1.750640451355638,5.758289399548263,313,True
40,2,40:2,7,7.0,330,0,54285,1.8984514748358245,6.675549178508287,313,True
40,3,40:3,5,4.948484848484849,330,0,54285,1.2931969488147188,3.644418972639632,313,True
40,4,40:4,7,7.0,330,0,54285,1.8024607346146926,6.064552372325695,313,True
40,5,40:5,7,6.999999999953845,327,3,53301,1.7723328113654484,5.884564941876111,313,True
40,6,40:6,6,5.948484848484849,330,0,54285,1.4886688889527535,4.431193181345569,313,True
40,7,40:7,7,7.0,330,0,54285,1.926368786209214,6.864538323606142,313,True
40,8,40:8,7,7.0,330,0,54285,1.9134026184155442,6.776106120212774,313,True
40,9,40:9,6,6.0,329,1,53956,1.6266978448918132,5.087048728866767,313,True
40,10,40:10,7,7.0,330,0,54285,1.8249918972950632,6.20274475989066,313,True
40,11,40:11,7,6.9542682926829285,328,2,53628,1.720035511497979,5.5847267827686,313,True
40,12,40:12,7,6.999999999999995,330,0,54285,1.7725121018563825,5.885620082999032,313,True
40,13,40:13,7,,305,25,46360,1.4670604448521227,4.33646909695244,313,False
40,14,40:14,7,7.0,330,0,54285,1.797030844356812,6.031711759630811,313,True
40,15,40:15,7,7.0,330,0,54285,1.8201732636089871,6.172927900998542,313,True
40,16,40:16,8,8.0,330,0,54285,2.035485422466051,7.655967602291235,313,True
40,17,40:17,7,7.0,325,5,52650,1.7645092614729456,5.838706376752551,313,True
40,18,40:18,8,7.948484848239644,330,0,54285,1.6470739948572144,5.19176644549778,313,True
40,19,40:19,7,6.999999804393839,330,0,54285,1.6701414468229367,5.312919239582302,313,True
40,20,40:20,8,7.997494703877682,330,0,54285,1.7885989564801743,5.981066858490274,313,True
40,21,40:21,8,7.993650793650795,315,15,49455,1.7407370830570321,5.701544386018194,313,True
40,22,40:22,7,7.0,326,4,52975,1.7617701972220436,5.8227356672292165,313,True
40,23,40:23,7,6.999999995240152,329,1,53956,1.7290586754996438,5.635346720990956,313,True
40,24,40:24,8,7.999999999509585,330,0,54285,1.6564904099030044,5.24088517138282,313,True
40,25,40:25,7,6.99999999975479,330,0,54285,1.6333042579608006,5.120767130279923,313,True
40,26,40:26,7,6.999999804393845,330,0,54285,1.6572359592178296,5.244793966650183,313,True
40,27,40:27,7,7.0,329,1,53956,1.8279614697285222,6.2211916358526524,313,True
41,1,41:1,7,6.999885428530992,330,0,54285,1.6748404799931573,5.337943572358032,313,True
41,2,41:2,7,6.999990189598984,330,0,54285,1.5553750359674172,4.7368626859564635,313,True
41,3,41:3,6,6.0,330,0,54285,1.6819125916241442,5.375827908410596,313,True
41,4,41:4,7,6.999885428285787,330,0,54285,1.6736124962180239,5.331392687272095,313,True
41,5,41:5,7,6.948484848484849,330,0,54285,1.5651720198657575,4.783497721761431,313,True
41,6,41:6,7,6.999885428530992,330,0,54285,1.7877358157015757,5.975906583127606,313,True
41,7,41:7,6,6.0,330,0,54285,1.6879014246974788,5.408119442173453,313,True
41,8,41:8,7,6.999999992777619,330,0,54285,1.62296565346362,5.068098274564777,313,True
41,9,41:9,7,6.948484848484849,330,0,54285,1.5594116587937763,4.756022257966769,313,True
41,10,41:10,9,8.948479943031545,330,0,54285,1.6176737072981615,5.041349011589723,313,True
41,11,41:11,6,5.999999999754795,330,0,54285,1.609544885299144,5.0005348929342235,313,True
41,12,41:12,6,6.0,330,0,54285,1.5159537734519994,4.553762313863768,313,True
41,13,41:13,7,6.948484848484849,330,0,54285,1.531196371922301,4.6237051857121845,313,True
41,14,41:14,7,6.999999992777619,330,0,54285,1.6823238755530514,5.378039354768896,313,True
41,15,41:15,9,8.948365371815333,330,0,54285,1.8513521767042787,6.368424939114415,313,True
41,16,41:16,7,6.997494703877682,330,0,54285,1.7152257343670707,5.557929986574864,313,True
41,17,41:17,6,6.0,330,0,54285,1.5213776222000188,4.5785283347501355,313,True
41,18,41:18,6,5.999999992777619,330,0,54285,1.4956396330989221,4.462189804526087,313,True
41,19,41:19,8,7.99749470387747,330,0,54285,1.7229468648298487,5.601009586691866,313,True
41,20,41:20,6,6.0,330,0,54285,1.6077685603147738,4.991660202369526,313,True
41,21,41:21,7,6.948484848484849,330,0,54285,1.5792379341575538,4.85125742463314,313,True
41,22,41:22,8,7.999995094799492,330,0,54285,1.8116584121807864,6.1205894802057275,313,True
41,23,41:23,7,6.999999804393845,330,0,54285,1.6503770710557872,5.208943598778194,313,True
41,24,41:24,7,6.997494703877682,330,0,54285,1.6169436055795567,5.03766965732715,313,True
41,25,41:25,7,6.99749470387747,330,0,54285,1.5476115632786265,4.700230562099299,313,True
42,1,42:1,7,6.999999804393845,330,0,54285,1.7835926609812436,5.951198697200628,313,True
42,2,42:2,7,7.0,330,0,54285,1.8368025061625939,6.27643727225987,313,True
42,3,42:3,6,6.0,330,0,54285,1.6917650016018997,5.4290545436920326,313,True
42,4,42:4,8,7.999999999754795,330,0,54285,1.9374676159438773,6.941151034932638,313,True
42,5,42:5,7,7.0,330,0,54285,1.9033053725596545,6.708030377908811,313,True
42,6,42:6,8,7.999995094799492,330,0,54285,1.9143645459877314,6.78262737950859,313,True
42,7,42:7,8,7.999999999992409,330,0,54285,1.9397614986016967,6.957091496701624,313,True
42,8,42:8,13,,330,0,54285,2.094336809783212,8.120054043730004,313,True
42,9,42:9,10,9.997380132408674,330,0,54285,2.0108864420758605,7.469936078969064,313,True
42,10,42:10,11,10.951363984094344,329,1,53956,2.123541374547969,8.360693469453723,313,True
42,11,42:11,8,8.0,330,0,54285,1.843989256270891,6.321706934535481,313,True
42,12,42:12,6,6.0,330,0,54285,1.7159115148520525,5.56174281372835,313,True
42,13,42:13,8,8.0,330,0,54285,1.9802889935675991,7.244836393771739,313,True
42,14,42:14,10,9.945979552362532,330,0,54285,1.9231720131750467,6.842628990841592,313,True
42,15,42:15,8,7.999885428530992,330,0,54285,1.9510263299347188,7.0359050361668505,313,True
42,16,42:16,13,12.943474256240215,330,0,54285,2.219876638204423,9.206195103070472,313,True
42,17,42:17,9,8.997494501049147,330,0,54285,1.8347654126803414,6.263664596784714,313,True
42,18,42:18,10,9.999999999992403,330,0,54285,2.00003918000648,7.389345607867932,313,True
42,19,42:19,9,8.89685512550069,330,0,54285,1.8458201392530142,6.333291842248904,313,True
42,20,42:20,13,12.945974647162023,330,0,54285,2.2646583695477847,9.627834877624322,313,True
42,21,42:21,10,9.94837027701584,330,0,54285,2.005546482187826,7.430153233874216,313,True
42,22,42:22,11,10.94847974743298,330,0,54285,2.0659641826662782,7.892904431661096,313,True
42,23,42:23,6,6.0,330,0,54285,1.7461787526155437,5.7326548762743,313,True
42,24,42:24,11,10.948484848239644,330,0,54285,2.084044387704737,8.036907643137452,313,True
42,25,42:25,12,11.948370277008248,330,0,54285,2.2262033546878466,9.26462472831685,313,True
43,1,43:1,4,4.0,330,0,54285,0.9869300796563436,2.682985265575553,313,True
43,2,43:2,8,7.999999999999897,329,1,53956,1.813025689003781,6.128963744008878,313,True
43,3,43:3,4,4.0,330,0,54285,1.3487565485907482,3.8526319903696193,313,True
43,4,43:4,7,7.0,330,0,54285,1.909742006875212,6.75134677277518,313,True
43,5,43:5,5,4.948484848484849,330,0,54285,1.231220913989252,3.4254091142243728,313,True
43,6,43:6,5,4.948484848484849,330,0,54285,1.2906548192466867,3.6351661533267374,313,True
43,7,43:7,8,8.0,328,2,53628,1.9836814785646548,7.2694561299743015,313,True
43,8,43:8,6,6.0,329,1,53956,1.7363504632038365,5.676588653893011,313,True
43,9,43:9,4,4.0,329,1,53956,1.3829952886838395,3.986825454095599,313,True
43,10,43:10,7,7.0,330,0,54285,1.6165358037024626,5.035615705015981,313,True
43,11,43:11,6,5.951367781155005,329,1,53956,1.4378271143389745,4.211534684227739,313,True
43,12,43:12,5,5.0,330,0,54285,1.4619083755449818,4.3141847621279945,313,True
43,13,43:13,6,6.0,329,1,53956,1.7578638833802096,5.800034601904663,313,True
43,14,43:14,9,8.997494703877683,330,0,54285,2.0154870911455136,7.504381809042725,313,True
43,15,43:15,5,4.948484848484849,330,0,54285,1.3622206538931083,3.9048550123903656,313,True
43,16,43:16,6,5.997494703877682,330,0,54285,1.571918557118685,4.815878874847395,313,True
43,17,43:17,7,7.0,330,0,54285,1.8596556310550099,6.42152501682592,313,True
43,18,43:18,3,3.0,330,0,54285,1.0680380986277538,2.9096654199988667,313,True
43,19,43:19,3,3.0,330,0,54285,1.0574948757505378,2.879149320675076,313,True
43,20,43:20,7,,304,26,46056,1.756291544770504,5.790922149370289,313,False
43,21,43:21,10,9.999999999999897,329,1,53956,2.19514081008588,8.981265620568958,313,True
43,22,43:22,8,,294,36,43071,1.9408581602113582,6.9647252569217715,313,False
43,23,43:23,3,3.0,330,0,54285,0.988113906251966,2.686163335659391,313,True
43,24,43:24,15,14.994869931085844,330,0,54285,2.416669421563263,11.208466402924104,313,True
43,25,43:25,4,4.0,330,0,54285,1.326014373256079,3.766003551419206,313,True
44,1,44:1,8,,330,0,54285,1.901175735130085,6.6937599061961475,313,True
44,2,44:2,6,,330,0,54285,1.6976519665678198,5.461109458092356,313,True
44,3,44:3,6,,330,0,54285,1.4827568171355243,4.405072937481054,313,True
44,4,44:4,13,,329,1,53956,2.3085127022647325,10.059452123106464,313,True
44,5,44:5,11,,330,0,54285,1.8725292959019129,6.504727992200262,313,True
44,6,44:6,11,,328,2,53628,1.8559845856558093,6.397994524136378,313,True
44,7,44:7,10,,328,2,53628,1.8242546016704475,6.198173188825351,313,True
44,8,44:8,7,,324,6,52326,1.6711875406822574,5.318479959784427,313,True
44,9,44:9,9,,330,0,54285,1.3704045337595745,3.9369429997312553,313,True
44,10,44:10,12,,330,0,54285,2.103607218183259,8.195680262299813,313,True
44,11,44:11,13,,327,3,53301,2.1682487814775957,8.742959793473362,313,True
44,12,44:12,5,,325,5,52650,1.488508153496203,4.430480988725339,313,True
44,13,44:13,19,,327,3,53301,2.3582356100793147,10.572281359945586,313,True
44,14,44:14,14,,190,140,17955,1.9610691257368997,7.106921197254338,313,False
44,15,44:15,13,,329,1,53956,2.22556410720446,9.25870423280729,313,True
44,16,44:16,10,,330,0,54285,1.9924607823739766,7.333557866451641,313,True
44,17,44:17,9,,330,0,54285,2.037681067445861,7.672795856798507,313,True
44,18,44:18,17,,242,88,29161,2.3332417421775435,10.311314032903963,313,False
44,19,44:19,6,,330,0,54285,1.6760893185502266,5.344613966362337,313,True
44,20,44:20,8,,330,0,54285,1.8896593537667674,6.617114202047192,313,True
44,21,44:21,10,,322,8,51681,1.9976881965221913,7.371993783302759,313,True
44,22,44:22,25,,262,68,34191,2.736904654591114,15.43912164329993,313,False
44,23,44:23,9,,330,0,54285,2.059569300516118,7.84259128278785,313,True
44,24,44:24,13,,330,0,54285,2.220015122140763,9.207470101488424,313,True
44,25,44:25,15,,324,6,52326,2.012187111852268,7.4796583204008416,313,True
45,1,45:1,8,8.0,330,0,54285,1.9355033637657004,6.927530245605178,313,True
45,2,45:2,9,9.0,330,0,54285,2.0154037159954687,7.503756156165716,313,True
45,3,45:3,9,9.0,330,0,54285,2.0827657038381524,8.026637546499709,313,True
45,4,45:4,9,9.0,330,0,54285,2.0797903035872074,8.002790581855011,313,True
45,5,45:5,9,9.0,330,0,54285,2.0813748249370225,8.015481226033174,313,True
45,6,45:6,8,8.0,330,0,54285,1.7546495809451927,5.781421466708974,313,True
45,7,45:7,8,8.0,329,1,53956,1.944176945232236,6.98787808115102,313,True
45,8,45:8,8,7.999999999999782,330,0,54285,1.820398147240309,6.174316247543162,313,True
45,9,45:9,8,7.999999999754795,330,0,54285,1.9936881302472051,7.342564218935427,313,True
45,10,45:10,8,7.999999999992409,330,0,54285,1.9986567620926945,7.379137501688595,313,True
45,11,45:11,7,7.0,330,0,54285,1.7116931694978723,5.5383308763044905,313,True
45,12,45:12,7,7.0,317,13,50086,1.7310902098890233,5.646806758439393,313,True
45,13,45:13,8,7.997494703877682,330,0,54285,1.7131797186651638,5.54656999987073,313,True
45,14,45:14,8,7.997494703877682,330,0,54285,1.7253681424567537,5.614587617349598,313,True
45,15,45:15,7,7.0,330,0,54285,1.6383990305149567,5.146922846247089,313,True
45,16,45:16,8,7.997494703877682,330,0,54285,1.7214774879620645,5.5927856362898565,313,True
45,17,45:17,7,7.0,330,0,54285,1.7052617256754043,5.502825709530711,313,True
45,18,45:18,7,6.999999999999788,330,0,54285,1.5917737609692335,4.912454725497687,313,True
45,19,45:19,7,6.999999999999995,330,0,54285,1.7299015462896776,5.640098592459299,313,True
45,20,45:20,8,7.948484848484849,330,0,54285,1.748028254503504,5.7432672430620935,313,True
45,21,45:21,7,6.999999999992409,330,0,54285,1.5954671878351527,4.93063206543259,313,True
45,22,45:22,8,8.0,330,0,54285,2.0170048056481726,7.515779965533574,313,True
45,23,45:23,8,8.0,330,0,54285,2.006018333125995,7.4336599859154155,313,True
45,24,45:24,7,7.0,330,0,54285,1.6661677348508117,5.291849119812071,313,True
45,25,45:25,8,7.948484848484849,330,0,54285,1.681407366173721,5.373112589316086,313,True
46,1,46:1,12,11.94837026979346,330,0,54285,2.1793154854618115,8.84025290551802,313,True
46,2,46:2,13,12.89696969696927,330,0,54285,2.194247995851366,8.973250597274818,313,True
46,3,46:3,11,10.99999509479169,330,0,54285,2.112231785474246,8.266670146697798,313,True
46,4,46:4,9,9.0,330,0,54285,2.1097219750717637,8.24594838669159,313,True
46,5,46:5,11,10.999999917594568,330,0,54285,2.0504473529407266,7.771376877100129,313,True
46,6,46:6,13,12.944099378825127,330,0,54285,2.148165356684887,8.569122683233276,313,True
46,7,46:7,13,12.924900284308913,330,0,54285,2.153588372109153,8.615719400878909,313,True
46,8,46:8,11,10.978124918369542,330,0,54285,2.108676023529556,8.237328033281436,313,True
46,9,46:9,7,6.997494703877682,330,0,54285,1.6033040096583648,4.969424356001838,313,True
46,10,46:10,11,10.999989745993613,330,0,54285,2.2278815782972448,9.280185894173842,313,True
46,11,46:11,10,9.999995094799282,330,0,54285,2.157821700554121,8.65226988140166,313,True
46,12,46:12,11,10.951363984094241,330,0,54285,2.1110329183029513,8.256765445639791,313,True
46,13,46:13,10,9.9541902156231,329,1,53956,2.061186854902182,7.85528736624992,313,True
46,14,46:14,13,12.999995094546485,330,0,54285,2.222039930047045,9.226132347101975,313,True
46,15,46:15,8,7.948484848484849,330,0,54285,1.8956811363853778,6.657081240971385,313,True
46,16,46:16,11,10.993650793650794,330,0,54285,2.0746554775949737,7.9618029669581425,313,True
46,17,46:17,11,10.999999992532409,330,0,54285,2.1654848675005853,8.71882836865302,313,True
46,18,46:18,13,12.94597955236232,330,0,54285,2.284186068079436,9.817692038161052,313,True
46,19,46:19,11,10.999885428285786,330,0,54285,2.1508594516817943,8.592239839707549,313,True
46,20,46:20,11,10.948479943039136,330,0,54285,2.0885105508669835,8.072882057997532,313,True
46,21,46:21,9,9.0,330,0,54285,2.1276825319987336,8.395388206109722,313,True
46,22,46:22,13,12.944099374375655,330,0,54285,2.224940700421443,9.252934092545775,313,True
46,23,46:23,13,12.999999992517225,330,0,54285,2.2618160636369624,9.600508479032168,313,True
46,24,46:24,11,10.997775965450119,330,0,54285,2.149077601246449,8.576943385452589,313,True
46,25,46:25,11,10.997494703632478,330,0,54285,2.1695615441977916,8.754444762024303,313,True
47,1,47:1,6,6.0,330,0,54285,1.7544936903439066,5.780520267686294,313,True
47,2,47:2,10,9.99999508756952,330,0,54285,2.0109595873245243,7.470482489284478,313,True
47,3,47:3,5,5.0,330,0,54285,1.5633034031881763,4.774567544279144,313,True
47,4,47:4,5,,298,32,44253,1.5666052698524227,4.790358585299177,313,False
47,5,47:5,5,5.0,330,0,54285,1.6011430004583405,4.958696979404155,313,True
47,6,47:6,6,5.948484848484849,330,0,54285,1.6126276218866875,5.0159740099445695,313,True
47,7,47:7,6,5.999885428530992,330,0,54285,1.6241730555064953,5.074221202448953,313,True
47,8,47:8,8,7.948484848484849,330,0,54285,1.86126798363767,6.431887130717114,313,True
47,9,47:9,5,5.0,330,0,54285,1.5939885123708342,4.923346648484949,313,True
47,10,47:10,5,5.0,330,0,54285,1.5830108877369866,4.869595566423125,313,True
47,11,47:11,6,5.997494703877682,330,0,54285,1.5919216874894178,4.913181461581238,313,True
47,12,47:12,7,6.948484848484849,330,0,54285,1.7206335109157982,5.588067444890823,313,True
47,13,47:13,7,6.994989407755364,330,0,54285,1.6340340475899915,5.124505576999002,313,True
47,14,47:14,18,17.97203387384996,322,8,51681,2.435910459607965,11.426217088129116,313,True
47,15,47:15,7,6.9542682926829285,328,2,53628,1.5323405520912805,4.628998565205321,313,True
47,16,47:16,20,19.85885527623842,322,8,51681,2.4218341657324,11.26650501269636,313,True
47,17,47:17,7,6.997494703877682,330,0,54285,1.7314588914905058,5.6488890160198,313,True
47,18,47:18,5,5.0,330,0,54285,1.563040490268424,4.773312413787764,313,True
47,19,47:19,20,19.783913108635872,330,0,54285,2.3409246782887236,10.390840306293798,313,True
47,20,47:20,19,18.75654551565613,329,1,53956,2.2012128306524774,9.03596595283831,313,True
47,21,47:21,6,6.0,330,0,54285,1.7497976831270063,5.753438540553093,313,True
47,22,47:22,6,6.0,329,1,53956,1.6777787682088465,5.353651054306333,313,True
47,23,47:23,13,12.997484893476456,330,0,54285,2.143386874501099,8.528272960726175,313,True
47,24,47:24,8,7.997494703877682,330,0,54285,1.8489826556430438,6.353352686156794,313,True
47,25,47:25,15,14.924861420874695,325,5,52650,2.101471951275888,8.178198967709216,313,True
48,1,48:1,6,,156,174,12090,1.4939729542461213,4.454758961276479,313,False
48,2,48:2,4,,138,192,9453,1.3100128869838024,3.706221473918548,313,False
48,3,48:3,11,,258,72,33153,1.9714127243570623,7.180813836631732,313,False
48,4,48:4,6,,267,63,35511,1.6060897456455423,4.983287160357409,313,False
48,5,48:5,7,,281,49,39340,1.6962693676595773,5.453564151386166,313,False
48,6,48:6,9,,286,44,40755,2.056250672199807,7.8166077759313355,313,False
48,7,48:7,8,,270,60,36315,1.7779934727207225,5.917969929195724,313,False
48,8,48:8,7,,231,99,26565,1.6834188270135462,5.383931271907977,313,False
48,9,48:9,7,6.963076923076575,325,5,52650,1.5430885737051119,4.679019473201134,313,True
48,10,48:10,10,,261,69,33930,2.067385842229226,7.90413343474435,313,False
48,11,48:11,4,,302,28,45451,1.3449084089038494,3.8378350129861065,313,False
48,12,48:12,9,,261,69,33930,1.8580355799144057,6.411130240206334,313,False
48,13,48:13,8,,276,54,37950,1.6330918479037155,5.119679543352751,313,False
48,14,48:14,6,,154,176,11781,1.7172780858883965,5.569348526058627,313,False
48,15,48:15,6,,155,175,11935,1.7677801226897516,5.857835241873882,313,False
48,16,48:16,7,6.968553459119494,318,12,50403,1.5297799068440041,4.617160505034354,313,True
48,17,48:17,10,,205,125,20910,1.967244362121353,7.1509439010190246,313,False
48,18,48:18,3,,138,192,9453,1.0676888059070166,2.9086492725246695,313,False
48,19,48:19,5,,264,66,34716,1.3937987580016602,4.030130501746512,313,False
48,20,48:20,8,,273,57,37128,1.7680260221935207,5.859275857769128,313,False
48,21,48:21,7,,84,246,3486,1.6107046623281185,5.006337762802776,313,False
48,22,48:22,8,,258,72,33153,1.936210711873066,6.932432154486724,313,False
48,23,48:23,10,,155,175,11935,2.0859727627149547,8.052420767749522,313,False
48,24,48:24,5,,187,143,17391,1.4821668563935073,4.402474883832403,313,False
48,25,48:25,8,7.996815286624203,314,16,49141,1.7347018661815643,5.667237956625208,313,True
49,1,49:1,6,5.999885428530992,330,0,54285,1.5824434138559065,4.86683298204913,313,True
49,2,49:2,8,8.0,330,0,54285,1.9282670296588569,6.877581263935273,313,True
49,3,49:3,7,7.0,330,0,54285,1.9316603491828215,6.900958735899974,313,True
49,4,49:4,7,7.0,330,0,54285,1.769143614068186,5.865827797374473,313,True
49,5,49:5,6,5.948484848484849,330,0,54285,1.6136428288349427,5.02106884733131,313,True
49,6,49:6,6,5.997494703877682,330,0,54285,1.6191812774307182,5.048954930574996,313,True
49,7,49:7,8,8.0,330,0,54285,2.0082349119917344,7.450155554645938,313,True
49,8,49:8,8,7.999999999999788,330,0,54285,1.899482097504742,6.6824326973651225,313,True
49,9,49:9,9,8.997494696655302,330,0,54285,1.9192268155184893,6.815686648360962,313,True
49,10,49:10,7,6.896969696969698,330,0,54285,1.5792979565976586,4.851548617680314,313,True
49,11,49:11,8,7.999999999999995,330,0,54285,2.009042844026475,7.456177206197376,313,True
49,12,49:12,7,7.0,330,0,54285,1.8065542804699273,6.089428777167188,313,True
49,13,49:13,7,6.948370277015841,330,0,54285,1.6255243417815233,5.081082562703192,313,True
49,14,49:14,7,6.945979552362531,330,0,54285,1.4550864493675681,4.284853872498564,313,True
49,15,49:15,6,5.999999999992409,330,0,54285,1.5933272359547388,4.920092031677313,313,True
49,16,49:16,8,7.948484848484849,330,0,54285,1.8278224408306862,6.22032677055832,313,True
49,17,49:17,7,6.951367781155005,329,1,53956,1.6555952710451525,5.236195950481409,313,True
49,18,49:18,8,7.999994899193337,330,0,54285,1.7262565251189101,5.61957773588321,313,True
49,19,49:19,6,6.0,329,1,53956,1.6434758519090127,5.173119295347257,313,True
49,20,49:20,7,6.948484848239644,330,0,54285,1.589744379786786,4.902495591175995,313,True
49,21,49:21,5,5.0,330,0,54285,1.5052013617958777,4.505060686072514,313,True
49,22,49:22,8,7.999995094799492,330,0,54285,1.7593239269295176,5.808509090066383,313,True
49,23,49:23,8,7.94597954514015,330,0,54285,1.7027214799150587,5.488864919278518,313,True
49,24,49:24,9,9.0,330,0,54285,2.0263450887169383,7.5863083426517735,313,True
49,25,49:25,6,5.997494703877682,330,0,54285,1.5064026023208192,4.51047559919135,313,True
50,1,50:1,3,3.0,330,0,54285,1.0343175721775926,2.8131857841651255,313,True
50,2,50:2,5,5.0,329,1,53956,1.5621950490249323,4.769278564036825,313,True
50,3,50:3,5,5.0,330,0,54285,1.4689097679441443,4.344496049317778,313,True
50,4,50:4,6,5.999885428530992,330,0,54285,1.6155158093496533,5.030482024041833,313,True
50,5,50:5,7,6.949143746756606,329,1,53956,1.468184798760901,4.341347564980257,313,True
50,6,50:6,6,5.9542682926829285,328,2,53628,1.568690539908659,4.8003581989396995,313,True
50,7,50:7,7,6.999997019280337,328,2,53628,1.5856610687091166,4.8825179917547485,313,True
50,8,50:8,7,6.945979552362531,330,0,54285,1.509823624610041,4.525932460810426,313,True
50,9,50:9,7,6.999999999999788,330,0,54285,1.784163301712432,5.9545956627079075,313,True
50,10,50:10,5,4.999885428530992,330,0,54285,1.3951267578110786,4.035486069594221,313,True
51,1,51:1,7,6.948484848484849,330,0,54285,1.7940489053585194,6.013752353343165,313,True
51,2,51:2,8,7.997494703877677,330,0,54285,1.8960033118972648,6.6592263350577054,313,True
51,3,51:3,11,10.999999797171458,330,0,54285,2.1114028316576126,8.259820298425025,313,True
51,4,51:4,12,11.90050773085095,329,1,53956,2.1451860383004635,8.543630531958623,313,True
51,5,51:5,9,8.94848484848485,330,0,54285,2.057872010207412,7.829291418666519,313,True
51,6,51:6,12,11.96202531645569,317,13,50086,1.9978710314503398,7.373341764481706,313,True
51,7,51:7,6,5.948370277015841,330,0,54285,1.3897409210268676,4.013810024495767,313,True
51,8,51:8,6,6.0,327,3,53301,1.7444472240594757,5.7227372094934905,313,True
51,9,51:9,8,7.948484848484849,330,0,54285,1.8336349767648612,6.256587925977006,313,True
51,10,51:10,10,9.999885232924836,330,0,54285,2.1209364666142707,8.338942974022059,313,True
51,11,51:11,8,7.997494703877682,330,0,54285,1.9290897312450357,6.883241789092427,313,True
51,12,51:12,6,5.948484848484849,330,0,54285,1.5588091768360932,4.753157703373883,313,True
51,13,51:13,8,7.948484848484849,330,0,54285,1.9327034196967439,6.908160677888879,313,True
51,14,51:14,9,8.94848484848485,330,0,54285,2.0390876272324596,7.683595696430982,313,True
51,15,51:15,8,7.994989407510159,330,0,54285,1.699023909561122,5.468606930825637,313,True
51,16,51:16,16,15.769383530906591,328,2,53628,2.231563709469205,9.314419744020402,313,True
51,17,51:17,9,8.94837027701584,330,0,54285,1.9439228117193432,6.986102452779486,313,True
51,18,51:18,15,14.858810936142238,328,2,53628,2.2632075212827965,9.613876478304736,313,True
51,19,51:19,12,11.949143741996759,329,1,53956,2.238301373595347,9.377389070658683,313,True
51,20,51:20,8,7.999995094799492,330,0,54285,1.9305706717072568,6.8934430122067525,313,True
51,21,51:21,7,6.997494508271527,330,0,54285,1.6820996231331367,5.3768334516475935,313,True
51,22,51:22,11,10.896625982562673,330,0,54285,1.9102955997353268,6.755085304861605,313,True
51,23,51:23,32,31.271261969961408,330,0,54285,2.6845140139860204,14.651079430126051,313,True
51,24,51:24,11,10.894459495639282,330,0,54285,1.928524945038918,6.879355326690062,313,True
51,25,51:25,11,10.94837026979346,330,0,54285,2.109248718653346,8.242046861975274,313,True
52,1,52:1,11,10.94848484848485,330,0,54285,2.267107627853648,9.651444833803714,313,True
52,2,52:2,8,7.951367781155005,329,1,53956,1.9062435301114593,6.727768610840841,313,True
52,3,52:3,6,6.0,330,0,54285,1.7122761689794324,5.541560661724216,313,True
52,4,52:4,9,8.94848484848485,330,0,54285,1.9550742698638628,7.064443679488254,313,True
52,5,52:5,10,9.845454545454334,330,0,54285,1.8756894776247144,6.5253166294961895,313,True
52,6,52:6,9,8.999995094554286,330,0,54285,1.9335338194417528,6.913899595222245,313,True
52,7,52:7,14,13.945974647162023,330,0,54285,2.317729542483375,10.152597077705238,313,True
52,8,52:8,7,7.0,329,1,53956,1.9091338543676022,6.747242172543541,313,True
52,9,52:9,17,16.845449632533445,330,0,54285,2.3617247183556542,10.609233622072487,313,True
52,10,52:10,11,10.999656285592762,330,0,54285,2.0639698647739904,7.8771791569413,313,True
52,11,52:11,11,10.999880516108103,330,0,54285,2.1589031536562096,8.661631966920774,313,True
52,12,52:12,11,10.896969696724488,330,0,54285,2.007677402074917,7.4460031766459,313,True
52,13,52:13,16,15.94597935651096,330,0,54285,2.521318948114677,12.44500015301279,313,True
52,14,52:14,12,11.999885428285781,330,0,54285,2.2144817577645304,9.156662512521049,313,True
52,15,52:15,13,12.997494501049147,330,0,54285,2.3016980192646113,9.991133196041524,313,True
52,16,52:16,13,12.94597955235494,330,0,54285,2.2995045251222934,9.969241722088247,313,True
52,17,52:17,8,8.0,330,0,54285,1.9453383379995115,6.995998466778887,313,True
52,18,52:18,8,7.999999999999788,330,0,54285,1.9331734685195363,6.911408613967645,313,True
52,19,52:19,7,6.997494703877682,330,0,54285,1.7339235471836638,5.662828753763704,313,True
52,20,52:20,6,6.0,330,0,54285,1.7705292745974563,5.8739614773830375,313,True
52,21,52:21,14,13.945864980893312,330,0,54285,2.282000825763407,9.796261426141747,313,True
52,22,52:22,9,8.94848484848485,330,0,54285,2.0528614138935,7.7901601173899895,313,True
52,23,52:23,10,9.999999859800837,329,1,53956,2.1889398558550357,8.92574552022534,313,True
52,24,52:24,10,10.0,330,0,54285,2.2558871050106064,9.543755869654293,313,True
52,25,52:25,14,13.896964791769186,330,0,54285,2.350091601080556,10.486530258236886,313,True
53,1,53:1,6,5.999999999999788,330,0,54285,1.3329618398540164,3.792258833542327,313,True
53,2,53:2,6,5.999999999999998,329,1,53956,1.3282854773171417,3.774566257096155,313,True
53,3,53:3,7,6.957186544342509,327,3,53301,1.3465991081728705,3.844329126086389,313,True
53,4,53:4,6,6.0,330,0,54285,1.3342144285379272,3.797011950272336,313,True
53,5,53:5,7,6.948484848484849,330,0,54285,1.3703346388005657,3.9366678368780295,313,True
53,6,53:6,7,6.951367781155005,329,1,53956,1.3457233719357524,3.840963981467874,313,True
53,7,53:7,6,5.999999999999954,328,2,53628,1.3263447383070326,3.767247912909818,313,True
53,8,53:8,6,6.0,329,1,53956,1.3275348647125775,3.7717340831525212,313,True
53,9,53:9,6,5.99999999999789,328,2,53628,1.330729830128351,3.7838039141848445,313,True
53,10,53:10,5,5.0,330,0,54285,1.237605382328881,3.4473484913704793,313,True
53,11,53:11,6,5.948484848484849,330,0,54285,1.2584239055473216,3.5198694665197228,313,True
53,12,53:12,5,5.0,330,0,54285,1.2362654746775907,3.4427324559714205,313,True
53,13,53:13,5,5.0,328,2,53628,1.2422234333076099,3.4633053388541493,313,True
53,14,53:14,5,5.0,329,1,53956,1.2289409342454436,3.417608147232365,313,True
53,15,53:15,6,5.948484848484849,330,0,54285,1.2842627494496246,3.6120040233905675,313,True
53,16,53:16,5,5.0,330,0,54285,1.2278871476108388,3.414008614347414,313,True
53,17,53:17,6,5.997775965601599,329,1,53956,1.257024950132239,3.514948768790034,313,True
53,18,53:18,5,5.0,330,0,54285,1.2438664639344967,3.469000332839757,313,True
53,19,53:19,6,5.999999999943138,322,8,51681,1.3121813587902305,3.714267030822077,313,True
54,1,54:1,7,,235,95,27495,1.5578311747310107,4.748511377562753,313,False
54,2,54:2,8,7.999885232924837,330,0,54285,1.8079472933191865,6.0979173406647815,313,True
54,3,54:3,7,7.0,330,0,54285,1.8655624785637268,6.459568232998786,313,True
54,4,54:4,8,,266,64,35245,1.903177130425033,6.707170180931969,313,False
54,5,54:5,9,8.998292714958444,327,3,53301,1.9944955916486906,7.348495450428133,313,True
54,6,54:6,6,,260,70,33670,1.6367796987189935,5.138595015011542,313,False
54,7,54:7,7,,274,56,37401,1.7003555703928475,5.475894111429136,313,False
54,8,54:8,9,,269,61,36046,1.8213289093712524,6.180065742581896,313,False
54,9,54:9,7,6.999999997577718,317,13,50086,1.8085068577143892,6.1013304729380975,313,True
54,10,54:10,10,9.912665737383822,327,3,53301,1.8700032427215811,6.488317439059583,313,True
54,11,54:11,5,5.0,323,7,52003,1.5995066618467122,4.950589507167373,313,True
54,12,54:12,7,7.0,328,2,53628,1.8544132118720247,6.387948778150386,313,True
54,13,54:13,15,14.995456712457742,329,1,53956,2.453593659679274,11.630066211507868,313,True
54,14,54:14,6,,276,54,37950,1.5717107322092057,4.81487811925074,313,False
54,15,54:15,8,,263,67,34453,1.7371400250982385,5.681072441865447,313,False
54,16,54:16,6,,281,49,39340,1.6773997835783778,5.351622487262004,313,False
54,17,54:17,11,,290,40,41905,2.158475581104316,8.657929282476644,313,False
54,18,54:18,7,6.993650793650795,315,15,49455,1.7902635053312033,5.991030926996253,313,True
54,19,54:19,6,,238,92,28203,1.5712076541254292,4.812456468783602,313,False
54,20,54:20,8,8.0,318,12,50403,1.9358864844543409,6.930184834244895,313,True
54,21,54:21,6,5.999885428530992,330,0,54285,1.648499238299831,5.199171252152427,313,True
54,22,54:22,10,9.948484841254876,330,0,54285,2.02565495559419,7.581074586187203,313,True
54,23,54:23,7,,303,27,45753,1.778051248250368,5.9183118529201275,313,False
54,24,54:24,9,8.945979552117326,330,0,54285,1.887720407388904,6.604296402961502,313,True
54,25,54:25,13,,311,19,48205,2.1234886310459227,8.360252508829614,313,False
55,1,55:1,10,9.948484848239644,330,0,54285,2.031466127524891,7.625257767721443,313,True
55,2,55:2,8,7.997494703877682,330,0,54285,1.9522407559267514,7.044454812604821,313,True
55,3,55:3,8,7.997494508271527,330,0,54285,1.8369146839480188,6.277141388585798,313,True
55,4,55:4,10,9.94837026979346,330,0,54285,1.9030931909010698,6.706607207888017,313,True
55,5,55:5,8,8.0,330,0,54285,1.9393820500606975,6.9544521392654355,313,True
55,6,55:6,6,5.948484848484849,330,0,54285,1.569337056098566,4.803462711683406,313,True
55,7,55:7,8,8.0,330,0,54285,1.9693428652834883,7.165965935788568,313,True
55,8,55:8,10,9.999990189598982,330,0,54285,2.06171957040761,7.859473114437007,313,True
55,9,55:9,9,8.999999999999783,330,0,54285,2.021728669249319,7.551367474037443,313,True
55,10,55:10,10,9.994989407755153,330,0,54285,1.92785739428042,6.874764540285707,313,True
55,11,55:11,8,7.999995094799492,330,0,54285,1.8985376481315992,6.676124457368586,313,True
55,12,55:12,9,8.999999804386253,330,0,54285,1.9928328266849986,7.336286782542781,313,True
55,13,55:13,10,9.999880523330482,330,0,54285,2.0447011867842027,7.726849308223117,313,True
55,14,55:14,9,8.948484841262468,330,0,54285,1.965352387838727,7.137427289634326,313,True
55,15,55:15,9,8.997494703877683,330,0,54285,1.8910145609458207,6.626087841915602,313,True
55,16,55:16,9,8.997494703877683,330,0,54285,2.0275346275393034,7.595337920395688,313,True
55,17,55:17,9,9.0,330,0,54285,2.0219663673101853,7.553162632787335,313,True
55,18,55:18,10,9.999995094546698,330,0,54285,2.0884757343811273,8.072600993506407,313,True
55,19,55:19,10,9.948484848239644,330,0,54285,2.0881563741287135,8.070023337237872,313,True
55,20,55:20,9,8.896969696969698,330,0,54285,1.8154406298848509,6.143782715380826,313,True
55,21,55:21,7,6.948484848484849,330,0,54285,1.7265069514087363,5.620985202111914,313,True
55,22,55:22,7,7.0,330,0,54285,1.8737221201019925,6.5124916185644715,313,True
55,23,55:23,7,6.997494703877682,330,0,54285,1.7895849205428356,5.9869668835975185,313,True
55,24,55:24,7,6.999999999754795,330,0,54285,1.7037622314348015,5.494580437486146,313,True
55,25,55:25,8,7.999999992777614,330,0,54285,1.7811628184773252,5.936755775775165,313,True
56,1,56:1,3,3.0,330,0,54285,0.9170457949557521,2.501888370533713,313,True
56,2,56:2,5,4.997494703877682,330,0,54285,1.3809091510501794,3.9785170567203543,313,True
56,3,56:3,6,6.0,330,0,54285,1.7001824609473732,5.474946264479029,313,True
56,4,56:4,5,4.948484848484849,330,0,54285,1.3947787166487864,4.034081798718354,313,True
56,5,56:5,5,5.0,329,1,53956,1.5261210994761722,4.600298071169968,313,True
56,6,56:6,7,6.906578652942496,328,2,53628,1.3323507316592293,3.7899420610638197,313,True
56,7,56:7,7,6.948484848484849,330,0,54285,1.552848784346289,4.724911281400674,313,True
56,8,56:8,6,5.999999999754795,330,0,54285,1.5373339545256959,4.652170823968178,313,True
56,9,56:9,5,4.948484848484849,330,0,54285,1.3885100833961932,4.008872715211589,313,True
56,10,56:10,5,5.0,328,2,53628,1.538508205990158,4.657636850988191,313,True
56,11,56:11,6,6.0,328,2,53628,1.487983973593042,4.428159228192979,313,True
56,12,56:12,6,5.948484848239644,330,0,54285,1.4807845627742546,4.396393574937117,313,True
56,13,56:13,8,7.981191222570534,319,11,50721,1.8426905061882701,6.313501946399772,313,True
56,14,56:14,4,4.0,330,0,54285,1.2085535536437413,3.348637523293899,313,True
56,15,56:15,5,5.0,330,0,54285,1.576696350018975,4.83894320115686,313,True
56,16,56:16,3,3.0,330,0,54285,1.0968185255191267,2.994623534047903,313,True
56,17,56:17,6,5.948484848484849,330,0,54285,1.5160795136781617,4.554334940967379,313,True
56,18,56:18,8,7.99999509479928,330,0,54285,1.791641038339823,5.999289456746572,313,True
56,19,56:19,9,8.90273556231001,329,1,53956,1.9183697777184787,6.809847849663274,313,True
56,20,56:20,7,6.999996202939339,329,1,53956,1.7218129364929156,5.59466204271621,313,True
56,21,56:21,8,7.998042067407251,328,2,53628,1.574427172453419,4.8279752286486985,313,True
56,22,56:22,7,6.948484848239644,330,0,54285,1.6046645215720376,4.976189918312754,313,True
56,23,56:23,5,4.9999999999958815,329,1,53956,1.4454353428748083,4.243699204950299,313,True
56,24,56:24,6,5.999999999999788,330,0,54285,1.404335337846666,4.072818792922786,313,True
56,25,56:25,7,6.999970605336645,324,6,52326,1.548288739309877,4.703414523506807,313,True
57,1,57:1,10,9.999999999913195,328,2,53628,2.14472238191271,8.539670141289042,313,True
57,2,57:2,11,10.999999999999961,327,3,53301,2.16952644613944,8.754137503403332,313,True
57,3,57:3,12,11.914373088684009,327,3,53301,2.1310216974133054,8.423468652585848,313,True
57,4,57:4,10,9.999999859800837,329,1,53956,2.1454016106547265,8.545472501038024,313,True
57,5,57:5,11,10.945979356756377,330,0,54285,1.9739861844068536,7.199317172751608,313,True
57,6,57:6,10,9.999995087577112,330,0,54285,2.056225095940336,7.816407858899254,313,True
57,7,57:7,9,8.999999999992196,330,0,54285,1.959566120329521,7.096247479602074,313,True
57,8,57:8,11,10.997494703877683,330,0,54285,2.1517634662052165,8.600010861340348,313,True
57,9,57:9,6,5.945864980893523,330,0,54285,1.0640457201587565,2.8980720922989405,313,True
57,10,57:10,12,11.969040247678,323,7,52003,2.181220366424725,8.857108583918697,313,True
57,11,57:11,11,10.951363984086107,329,1,53956,1.9967749240844384,7.365264218000179,313,True
57,12,57:12,12,11.89696479176919,330,0,54285,2.1618723458291798,8.687388235495144,313,True
57,13,57:13,11,10.99999999524005,329,1,53956,2.219538693134827,9.203084440471802,313,True
57,14,57:14,11,10.951367781007642,329,1,53956,2.126176126873648,8.38275087115181,313,True
57,15,57:15,11,10.999999999992408,330,0,54285,2.188578861787734,8.922523960563243,313,True
57,16,57:16,11,10.998042067576593,328,2,53628,2.1556800742134525,8.633759780251983,313,True
57,17,57:17,11,10.999999992532203,330,0,54285,2.087155458757574,8.061949967887928,313,True
57,18,57:18,14,13.90273555263873,329,1,53956,2.204240291547066,9.063363437886649,313,True
57,19,57:19,14,13.896854734035584,330,0,54285,2.2153688616181997,9.164789027120932,313,True
57,20,57:20,7,6.999995094799492,330,0,54285,1.6670523070139986,5.296532213196901,313,True
57,21,57:21,11,,312,18,48516,1.9277565731950295,6.874071454002394,313,False
57,22,57:22,12,11.94586007544022,330,0,54285,1.94359425521401,6.9838075004031115,313,True
57,23,57:23,10,10.0,329,1,53956,2.1615864734686907,8.684905106259697,313,True
57,24,57:24,11,10.896969696969482,330,0,54285,2.0138428367732155,7.492052835204071,313,True
57,25,57:25,11,10.999994899193332,330,0,54285,2.076234535750248,7.974385048168406,313,True
58,1,58:1,4,4.0,330,0,54285,1.3828896020199632,3.9864041220788784,313,True
58,2,58:2,8,7.945864980893523,330,0,54285,1.6552492534613363,5.2343844480341595,313,True
58,3,58:3,5,4.999999999754795,330,0,54285,1.3633971298229224,3.9094516837282636,313,True
58,4,58:4,11,10.948255705546831,330,0,54285,2.051864163264897,7.782395247720102,313,True
58,5,58:5,3,,75,255,2775,1.0867903938915557,2.9647431278028145,313,False
58,6,58:6,7,6.89696479176919,330,0,54285,1.2031869453619854,3.330714832474444,313,True
58,7,58:7,4,4.0,330,0,54285,1.2851886446573886,3.6153499093371004,313,True
58,8,58:8,6,5.948484848484849,330,0,54285,1.5701532390507216,4.8073848164197805,313,True
58,9,58:9,5,4.948484848484849,330,0,54285,1.2161665593386557,3.3742280064787087,313,True
58,10,58:10,8,7.945864980893518,330,0,54285,1.0825804383752267,2.9522879274332143,313,True
58,11,58:11,5,4.997494703877682,330,0,54285,1.2610528306106998,3.529135113589551,313,True
58,12,58:12,8,7.999994899193337,330,0,54285,1.869191730192224,6.4830542240346505,313,True
58,13,58:13,7,6.948484848484849,330,0,54285,1.7415454106616366,5.706154964912343,313,True
58,14,58:14,10,9.948484848477257,330,0,54285,2.0612892472516418,7.856091728758612,313,True
58,15,58:15,5,5.0,330,0,54285,1.58371587212083,4.873029765639261,313,True
58,16,58:16,6,6.0,330,0,54285,1.693890868110227,5.440608265402129,313,True
58,17,58:17,7,6.951363984094344,329,1,53956,1.6146670992767929,5.026214414514448,313,True
58,18,58:18,4,3.994989407755364,330,0,54285,0.7233508430840935,2.061328840594375,313,True
58,19,58:19,8,7.896964791523986,330,0,54285,1.4098309450012405,4.095263020862492,313,True
58,20,58:20,6,5.999995094799487,330,0,54285,1.4638995815396385,4.322783751026344,313,True
59,1,59:1,9,8.997494703632478,330,0,54285,1.8461452910782459,6.335351458476978,313,True
59,2,59:2,11,10.993650793650794,315,15,49455,2.093967284389541,8.117054031887282,313,True
59,3,59:3,8,7.9571864780828685,327,3,53301,1.6810315214049838,5.371093512511051,313,True
59,4,59:4,10,,276,54,37950,1.9562490275353241,7.072747565467233,313,False
59,5,59:5,13,12.950155763239751,321,9,51360,2.219519953987786,9.20291198413509,313,True
59,6,59:6,7,7.0,327,3,53301,1.7379254781842695,5.6855364106364,313,True
59,7,59:7,16,15.84545453076458,330,0,54285,2.3893669473235355,10.906587312852771,313,True
59,8,59:8,11,10.999904781254541,329,1,53956,1.9948449323327435,7.351063027308965,313,True
59,9,59:9,6,,293,37,42778,1.7049057281902509,5.5008670660736385,313,False
59,10,59:10,22,21.911239633864525,320,10,51040,2.318796134910544,10.163431537813842,313,True
59,11,59:11,17,,304,26,46056,2.4379833640014597,11.449927109545877,313,False
59,12,59:12,9,,272,58,36856,2.027309458838563,7.593627880555418,313,False
59,13,59:13,6,,244,86,29646,1.6174184803835567,5.040062487820779,313,False
59,14,59:14,11,10.999999999999556,326,4,52975,2.2175891279370306,9.185159905536329,313,True
59,15,59:15,9,8.999704264505827,319,11,50721,2.0653180676688505,7.887806354883824,313,True
59,16,59:16,8,,148,182,10878,2.0351448641675858,7.653360742910486,313,False
59,17,59:17,8,,272,58,36856,1.7199088207389899,5.5840192943108145,313,False
59,18,59:18,12,,139,191,9591,2.2589647334540293,9.57317324883766,313,False
59,19,59:19,13,,223,107,24753,2.221386262924833,9.220103498366269,313,False
59,20,59:20,9,9.0,316,14,49770,1.8603993157293923,6.426302382773833,313,True
59,21,59:21,14,,194,136,18721,2.116650403958506,8.303278227220007,313,False
59,22,59:22,12,,261,69,33930,2.2040386211955325,9.061535810491378,313,False
59,23,59:23,19,,256,74,32640,2.3793382431613157,10.797755010900895,313,False
59,24,59:24,11,,291,39,42195,2.105627865843798,8.212257587274364,313,False
59,25,59:25,10,,294,36,43071,2.101305948640503,8.176841477804443,313,False
60,1,60:1,7,6.948484848484849,330,0,54285,1.7678259984165972,5.858103980487587,313,True
60,2,60:2,4,4.0,330,0,54285,1.3637301247209475,3.9107537279680336,313,True
60,3,60:3,3,3.0,330,0,54285,1.0485623691300332,2.8535458222572943,313,True
60,4,60:4,4,4.0,330,0,54285,1.2705372090764697,3.5627659985836257,313,True
60,5,60:5,5,4.999885232924837,330,0,54285,1.1945814747129397,3.302175437328324,313,True
60,6,60:6,7,7.0,330,0,54285,1.8761757085239612,6.528490211553124,313,True
60,7,60:7,3,3.0,330,0,54285,1.0744553688931422,2.9283975697300235,313,True
60,8,60:8,4,4.0,330,0,54285,1.0649204604861198,2.9006082619128826,313,True
60,9,60:9,9,8.94597954514015,330,0,54285,1.6358070389590063,5.133599340357278,313,True
60,10,60:10,6,6.0,330,0,54285,1.6877763489293,5.407443059780226,313,True
60,11,60:11,8,7.999999999999995,330,0,54285,1.8662919407813505,6.46428196300187,313,True
60,12,60:12,4,3.9999998043938447,330,0,54285,1.1474592631094505,3.150178957439775,313,True
60,13,60:13,5,4.948484848484849,330,0,54285,1.2453274489229496,3.4740721943055584,313,True
60,14,60:14,3,3.0,330,0,54285,1.0908526326174734,2.976811117080393,313,True
60,15,60:15,7,7.0,330,0,54285,1.8946427622596762,6.650172287717995,313,True
60,16,60:16,5,4.997494703877682,330,0,54285,1.2776581334587884,3.588226730236295,313,True
60,17,60:17,7,7.0,330,0,54285,1.8107608569739493,6.1150983779012265,313,True
60,18,60:18,5,4.948484848484849,330,0,54285,1.2692174600086865,3.5580671428155397,313,True
60,19,60:19,5,5.0,330,0,54285,1.4878045987022877,4.4273649988497095,313,True
60,20,60:20,6,5.948484848484849,330,0,54285,1.5350577266425192,4.641593465827088,313,True
60,21,60:21,3,3.0,330,0,54285,0.9945456655412442,2.703495770921831,313,True
60,22,60:22,5,4.945979552362531,330,0,54285,1.1016738019585601,3.009198613525354,313,True
60,23,60:23,5,4.948484848484849,330,0,54285,1.3160256863556983,3.7285733714647487,313,True
60,24,60:24,6,5.89696479176919,330,0,54285,1.1709110080106302,3.2249292370616858,313,True
60,25,60:25,3,3.0,330,0,54285,1.0746577313356134,2.928990227378563,313,True
61,1,61:1,4,3.9999999999997877,330,0,54285,1.0458361851191191,2.845777125522122,313,True
61,2,61:2,6,5.999999999999788,330,0,54285,1.4358819445796012,4.203350496716985,313,True
61,3,61:3,6,6.0,330,0,54285,1.7331705294455528,5.6585661483743905,313,True
61,4,61:4,4,4.0,329,1,53956,1.3492929715315574,3.8546991849474765,313,True
61,5,61:5,4,4.0,326,4,52975,1.2005763034097359,3.322030868893718,313,True
61,6,61:6,8,7.948250800346325,330,0,54285,1.499223076553249,4.478208493264316,313,True
61,7,61:7,8,8.0,328,2,53628,1.9535809264453845,7.053901912212747,313,True
61,8,61:8,5,,112,218,6216,1.461746249966687,4.313485379124033,313,False
61,9,61:9,7,,56,274,1540,1.3906853170013267,4.017602441014724,313,False
61,10,61:10,9,,49,281,1176,2.112946282564799,8.272578769061553,313,False
61,11,61:11,11,10.891959104725062,330,0,54285,1.8309530215087135,6.239830518456477,313,True
61,12,61:12,8,7.999885428530992,330,0,54285,1.81342458744293,6.131409065765055,313,True
61,13,61:13,5,,56,274,1540,1.5137554337799,4.543762592930643,313,False
61,14,61:14,8,7.997775965601601,329,1,53956,1.7385820705847586,5.689270716460581,313,True
61,15,61:15,15,,80,250,3160,2.0102530468939936,7.465206155561273,313,False
62,1,62:1,3,3.0,325,5,52650,1.0519225287001805,2.8631503188446015,313,True
62,2,62:2,12,,261,69,33930,2.2691233274376286,9.670918867447126,313,False
62,3,62:3,6,5.960122699386497,326,4,52975,1.565344288988788,4.784321841702149,313,True
62,4,62:4,12,11.966019255865106,324,6,52326,1.8693356090024253,6.48398706526931,313,True
62,5,62:5,39,38.384682281535916,324,6,52326,2.9841698841656377,19.77008396303442,313,True
62,6,62:6,8,7.996815286624203,314,16,49141,1.9252949032759772,6.857170569816454,313,True
62,7,62:7,17,17.0,313,17,48828,2.602995762832999,13.50413267717356,313,True
62,8,62:8,18,,263,67,34453,2.120483073585429,8.335163012378612,313,False
62,9,62:9,13,12.906233833495035,323,7,52003,1.97222068459078,7.186617993105524,313,True
62,10,62:10,10,9.948370277008244,330,0,54285,1.8197122286737375,6.1700826215204225,313,True
62,11,62:11,8,7.969040247678016,323,7,52003,1.875489066475922,6.524009014328945,313,True
62,12,62:12,18,17.902731620282097,329,1,53956,2.52145939881941,12.446748184807959,313,True
62,13,62:13,14,13.96012269938561,326,4,52975,2.3751872740858855,10.753026760782417,313,True
62,14,62:14,10,9.90273556231001,329,1,53956,1.9473774406294884,7.010278580012048,313,True
62,15,62:15,8,7.999999999852634,329,1,53956,1.873946334422249,6.513951976156328,313,True
62,16,62:16,17,16.949044441032363,329,1,53956,2.3137787424564973,10.11256532768797,313,True
62,17,62:17,6,5.997380132401083,330,0,54285,1.219598111963695,3.385826736896942,313,True
62,18,62:18,8,7.951363984094344,329,1,53956,1.794766003173905,6.018066348611443,313,True
62,19,62:19,9,8.931047662729815,324,6,52326,1.819909439357812,6.1712995477264885,313,True
62,20,62:20,9,8.999999608787476,330,0,54285,1.8467122894000867,6.338944610681579,313,True
62,21,62:21,10,9.89696479176919,330,0,54285,1.9663667996090388,7.144671253446566,313,True
62,22,62:22,7,6.999885428530992,330,0,54285,1.714894013056591,5.556086608516959,313,True
62,23,62:23,15,,166,164,13695,2.119929131018061,8.330547089376255,313,False
62,24,62:24,10,9.894459495646872,330,0,54285,1.8093529064149834,6.1064946799338875,313,True
63,1,63:1,5,4.999999999999995,330,0,54285,1.4273098865626805,4.167473123545216,313,True
63,2,63:2,7,6.999995094799492,330,0,54285,1.8055479383480455,6.083303810913202,313,True
63,3,63:3,9,8.89696479176919,330,0,54285,1.8579115075238164,6.410334845295346,313,True
63,4,63:4,7,6.999995094799492,330,0,54285,1.7608897750128771,5.817611457494709,313,True
63,5,63:5,4,4.0,330,0,54285,1.3050312246131182,3.6878042421679913,313,True
63,6,63:6,10,9.948484848239644,330,0,54285,2.1206625376381143,8.336659008747375,313,True
63,7,63:7,8,7.9484846528786886,330,0,54285,1.7337446586826282,5.661815829419282,313,True
63,8,63:8,4,4.0,330,0,54285,1.3862594636863952,3.9998604127016515,313,True
63,9,63:9,12,11.94597955236232,330,0,54285,2.1758761992218445,8.809900969758381,313,True
63,10,63:10,9,8.94848484848485,330,0,54285,1.8400089477117023,6.296594600887795,313,True
63,11,63:11,10,9.999999999852532,329,1,53956,2.1049727318607503,8.20687922021928,313,True
63,12,63:12,8,7.99749470387747,330,0,54285,1.7338766665146432,5.662563282785956,313,True
63,13,63:13,10,9.94848484848485,330,0,54285,2.152242083453399,8.604127960051777,313,True
63,14,63:14,6,6.0,330,0,54285,1.754784576276169,5.782201984295314,313,True
63,15,63:15,10,9.94847994328434,330,0,54285,2.051286140092115,7.777898142767819,313,True
63,16,63:16,8,7.994989407755364,330,0,54285,1.7514728328571427,5.763084488519578,313,True
63,17,63:17,12,11.894349822155991,330,0,54285,2.016741402566619,7.513800546634336,313,True
63,18,63:18,7,6.948484652878694,330,0,54285,1.5969109081595143,4.937755660159323,313,True
63,19,63:19,8,7.999770857061984,330,0,54285,1.7914889008882442,5.998376809563008,313,True
63,20,63:20,8,7.948479943284341,330,0,54285,1.7868702539609063,5.970736304943725,313,True
63,21,63:21,12,11.79381991726988,330,0,54285,1.8351027820293284,6.265778121731225,313,True
63,22,63:22,10,9.94837027701584,330,0,54285,1.9955207205205254,7.356032467825937,313,True
63,23,63:23,5,5.0,330,0,54285,1.547501622924267,4.699713845490255,313,True
63,24,63:24,14,13.793824822470388,330,0,54285,2.190138323629808,8.936449151294445,313,True
63,25,63:25,9,8.999880523330484,330,0,54285,1.9294918415677653,6.886010168229277,313,True
64,1,64:1,12,11.999999608780097,330,0,54285,2.183565001438553,8.87789963501444,313,True
64,2,64:2,5,5.0,330,0,54285,1.4808721759609111,4.39677877386202,313,True
64,3,64:3,8,7.9542682926829285,328,2,53628,1.8064521824531699,6.0888070903028915,313,True
64,4,64:4,5,4.948484848484849,330,0,54285,1.382259957840338,3.9838948959684846,313,True
64,5,64:5,10,9.894459495646872,330,0,54285,1.8235088734921168,6.19355275943059,313,True
64,6,64:6,2,2.0,330,0,54285,0.660309357383764,1.9353909692880156,313,True
64,7,64:7,6,5.999999992777619,330,0,54285,1.6307709583578918,5.1078111106108235,313,True
64,8,64:8,10,9.99988542853078,330,0,54285,2.0596071680037586,7.842888267639321,313,True
64,9,64:9,6,5.999995094799492,330,0,54285,1.5370120061056345,4.6506733059962535,313,True
64,10,64:10,3,3.0,330,0,54285,1.0125163296217532,2.7525185519319395,313,True
64,11,64:11,5,5.0,330,0,54285,1.5396243837001435,4.662838503866929,313,True
64,12,64:12,10,9.94597955235494,330,0,54285,1.8427747413323747,6.314033787545576,313,True
64,13,64:13,8,7.997380132408674,330,0,54285,1.6541565239998333,5.228667805875446,313,True
64,14,64:14,3,3.0,330,0,54285,1.0542581919549334,2.8698454896256567,313,True
64,15,64:15,9,8.999885428530991,330,0,54285,2.0202970164671825,7.540564272846036,313,True
64,16,64:16,8,7.948484848484849,330,0,54285,1.8327456077638415,6.251025984299359,313,True
64,17,64:17,4,4.0,330,0,54285,1.3760083705501938,3.959066917270857,313,True
64,18,64:18,7,6.997494703877682,330,0,54285,1.6846216770368252,5.390411230191416,313,True
64,19,64:19,10,9.99749470387009,330,0,54285,2.082677857998236,8.025932470752169,313,True
64,20,64:20,10,9.999999804393845,330,0,54285,2.043225973537015,7.715458961425538,313,True
64,21,64:21,6,,261,69,33930,1.751134471037288,5.761134810630947,313,False
64,22,64:22,18,17.78891898381857,330,0,54285,2.201926049770338,9.04241287526509,313,True
64,23,64:23,6,5.997494696655301,330,0,54285,1.3515430543446265,3.8633823425814797,313,True
64,24,64:24,14,13.89685022030018,330,0,54285,2.296041331001261,9.934776017924818,313,True
64,25,64:25,13,12.89674035818032,330,0,54285,2.056519534021982,7.818709645884832,313,True
65,1,65:1,7,6.999999999754584,330,0,54285,1.6922561217688272,5.431721516714301,313,True
65,2,65:2,9,8.94848465263349,330,0,54285,1.7999890820789868,6.049581415200333,313,True
65,3,65:3,6,6.0,330,0,54285,1.611726275462905,5.011454916649162,313,True
65,4,65:4,9,8.999999999754795,330,0,54285,1.9485177232026603,7.018276837780249,313,True
65,5,65:5,7,7.0,330,0,54285,1.810444061512584,6.113161449310598,313,True
65,6,65:6,8,8.0,330,0,54285,1.9332438039998314,6.91189474830807,313,True
65,7,65:7,7,6.999999999754795,330,0,54285,1.7698941261313745,5.870231824327946,313,True
65,8,65:8,6,6.0,330,0,54285,1.7133036938174322,5.547257679357735,313,True
65,9,65:9,8,8.0,330,0,54285,1.9850445010871853,7.279371318183364,313,True
65,10,65:10,7,6.999999999992409,330,0,54285,1.8109753929119479,6.116410427003493,313,True
65,11,65:11,8,8.0,330,0,54285,1.9265405571073637,6.8657175527951,313,True
65,12,65:12,7,6.999999992777619,330,0,54285,1.7866296828844301,5.969300091246153,313,True
65,13,65:13,6,5.999999804393845,330,0,54285,1.6055557917434757,4.980627024991049,313,True
65,14,65:14,8,7.999885428530992,330,0,54285,1.802479284205911,6.064664868336498,313,True
65,15,65:15,9,9.0,330,0,54285,1.9596910790350068,7.09713427290605,313,True
65,16,65:16,7,7.0,330,0,54285,1.8312040396170701,6.2413970255122795,313,True
65,17,65:17,8,7.948484848484849,330,0,54285,1.8852993974002012,6.588326674637739,313,True
65,18,65:18,7,7.0,330,0,54285,1.8387105755062938,6.288424582479418,313,True
65,19,65:19,7,6.999999999754795,330,0,54285,1.723789617343163,5.60573184116457,313,True
65,20,65:20,7,7.0,330,0,54285,1.8483770641003736,6.349506314285146,313,True
65,21,65:21,7,7.0,330,0,54285,1.8220764616947334,6.184687392334306,313,True
65,22,65:22,7,7.0,330,0,54285,1.866684477387572,6.466819928394858,313,True
65,23,65:23,9,8.999999999992408,330,0,54285,2.0330675240736467,7.637478611791136,313,True
65,24,65:24,7,6.997494703877682,330,0,54285,1.6623117773763425,5.271483264814151,313,True
65,25,65:25,7,7.0,330,0,54285,1.8496548489968838,6.357624803290542,313,True
66,1,66:1,4,4.0,330,0,54285,1.3069566480786787,3.6949116671979683,313,True
66,2,66:2,4,4.0,330,0,54285,1.2039058523809487,3.333110167654147,313,True
66,3,66:3,4,4.0,330,0,54285,1.287084500724766,3.6222105937785924,313,True
66,4,66:4,4,4.0,330,0,54285,1.2770830835779001,3.5861639140504185,313,True
66,5,66:5,4,4.0,330,0,54285,1.296725893773856,3.657302646118887,313,True
66,6,66:6,4,4.0,330,0,54285,1.320524534479598,3.745385445910731,313,True
66,7,66:7,4,4.0,330,0,54285,1.1629853831413715,3.1994706784573657,313,True
66,8,66:8,4,4.0,330,0,54285,1.3467228175461072,3.8448047350511296,313,True
66,9,66:9,4,4.0,330,0,54285,1.247597647938212,3.4819679887012382,313,True
66,10,66:10,4,4.0,330,0,54285,1.187827740119473,3.279948562536149,313,True
66,11,66:11,4,4.0,330,0,54285,1.2789604202837375,3.592902674681587,313,True
66,12,66:12,4,4.0,330,0,54285,1.316390411313073,3.729933523254299,313,True
66,13,66:13,4,4.0,330,0,54285,1.3291754030186966,3.7779268357314275,313,True
66,14,66:14,4,4.0,330,0,54285,1.2919907204842933,3.6400256214519167,313,True
66,15,66:15,4,4.0,330,0,54285,1.2474422416476287,3.4814269110167113,313,True
66,16,66:16,3,3.0,330,0,54285,0.9938767134941732,2.7016878666596726,313,True
66,17,66:17,4,4.0,330,0,54285,1.3263030921800618,3.7670910248918186,313,True
66,18,66:18,4,4.0,330,0,54285,1.3424627847847082,3.82846057895648,313,True
66,19,66:19,4,4.0,330,0,54285,1.2706909023033033,3.5633136136676877,313,True
66,20,66:20,4,4.0,330,0,54285,1.3426750961603695,3.829273490980845,313,True
66,21,66:21,4,4.0,330,0,54285,1.3002418163427756,3.670184070809939,313,True
66,22,66:22,4,4.0,329,1,53956,1.3143855994493212,3.7224631990752473,313,True
66,23,66:23,4,4.0,330,0,54285,1.2718556457530006,3.5674663778413795,313,True
66,24,66:24,4,4.0,330,0,54285,1.3682835715921469,3.9286017414470464,313,True
66,25,66:25,4,4.0,330,0,54285,1.2989342659345935,3.665388256198004,313,True
67,1,67:1,14,13.999999999999783,330,0,54285,2.5684486726078495,13.04557078366686,313,True
67,2,67:2,17,16.8965112154875,330,0,54285,2.4014622984190677,11.039307345303754,313,True
67,3,67:3,22,21.79359057823508,330,0,54285,2.475899003156183,11.892393608171574,313,True
67,4,67:4,16,15.948484652633061,330,0,54285,2.5334362316130514,12.596717090213541,313,True
67,5,67:5,16,15.793934488738884,330,0,54285,2.343508932953742,10.417727610686086,313,True
67,6,67:6,16,15.793939198333236,330,0,54285,2.368070804880551,10.676774821074742,313,True
67,7,67:7,17,16.94586007569301,330,0,54285,2.5662602667596306,13.017052995898554,313,True
67,8,67:8,17,16.94895330941305,329,1,53956,2.4310846982871186,11.371209724616019,313,True
67,9,67:9,15,14.949143466206799,329,1,53956,2.1768221923221063,8.818239018536255,313,True
67,10,67:10,14,13.999999999915305,328,2,53628,2.455503460439589,11.652298543706182,313,True
67,11,67:11,18,17.943354576496745,330,0,54285,2.4115741817264733,11.151501825730396,313,True
67,12,67:12,14,13.896969493895952,330,0,54285,2.204079983541582,9.061910624622854,313,True
67,13,67:13,15,14.999884841712515,330,0,54285,2.3885043052076123,10.897182888205291,313,True
67,14,67:14,20,19.89695987909329,330,0,54285,2.631517687697343,13.894841938366481,313,True
67,15,67:15,22,21.851776351240716,329,1,53956,2.647572295258635,14.119718495098937,313,True
67,16,67:16,20,19.851783524907795,329,1,53956,2.443203768144719,11.509856648572471,313,True
67,17,67:17,9,,301,29,45150,1.920332940636379,6.823229821635996,313,False
67,18,67:18,15,14.896969501118333,330,0,54285,2.29148091716424,9.889572479668526,313,True
67,19,67:19,14,13.945864785286945,330,0,54285,2.2363621249933665,9.359221603324505,313,True
67,20,67:20,17,16.94894936754074,329,1,53956,2.4427069516895084,11.504139782626472,313,True
67,21,67:21,14,13.79143409781708,330,0,54285,1.9422869379506131,6.97468341363115,313,True
67,22,67:22,17,16.89685021980197,330,0,54285,2.4586557860772174,11.689088339385377,313,True
67,23,67:23,21,20.73979926680366,330,0,54285,2.3799991565480356,10.804893750518556,313,True
67,24,67:24,15,14.999990182131398,330,0,54285,2.496117890250693,12.135291863270076,313,True
67,25,67:25,17,16.896740155596987,330,0,54285,2.425094090793639,11.303292905046856,313,True
68,1,68:1,12,11.997494703869874,330,0,54285,2.227239346883525,9.27422778071605,313,True
68,2,68:2,12,11.948370081409674,330,0,54285,2.0615441189934853,7.85809427972759,313,True
68,3,68:3,9,8.999999999999995,330,0,54285,1.916164853291936,6.794849191329146,313,True
68,4,68:4,13,12.997380132408674,330,0,54285,2.189765477725937,8.933117853902118,313,True
68,5,68:5,11,10.896959886568682,330,0,54285,1.7928914678187649,6.006795837257664,313,True
68,6,68:6,12,11.898287493513212,329,1,53956,2.0288471940501616,7.60531385219341,313,True
68,7,68:7,11,10.997489798677174,330,0,54285,2.2399739087151485,9.393086206557708,313,True
68,8,68:8,10,9.99777216854094,329,1,53956,1.960156267176123,7.100436543634755,313,True
68,9,68:9,12,11.998042064377083,328,2,53628,2.175833848957164,8.809527876020868,313,True
68,10,68:10,12,11.996003175248166,328,2,53628,2.0557175659512748,7.812441804035152,313,True
68,11,68:11,10,9.997494508271314,330,0,54285,1.969028235657861,7.163711665257676,313,True
68,12,68:12,10,9.999999992777619,330,0,54285,2.038847425751472,7.681750307006897,313,True
68,13,68:13,6,6.0,330,0,54285,1.7451902840073783,5.726991126568208,313,True
68,14,68:14,13,12.99999018237639,330,0,54285,2.136670612793644,8.471186765111803,313,True
68,15,68:15,15,14.894349829125575,330,0,54285,2.3163843540810065,10.138949103468754,313,True
68,16,68:16,12,11.896969696969487,330,0,54285,2.1905155114424018,8.939820506779308,313,True
68,17,68:17,11,10.949143746756503,329,1,53956,2.1032381785097645,8.192656289149102,313,True
68,18,68:18,7,6.9999996087876895,330,0,54285,1.59504999263423,4.928575458430492,313,True
68,19,68:19,12,11.900321090568054,329,1,53956,1.8261506227562494,6.2099362038231485,313,True
68,20,68:20,10,9.999999789949083,330,0,54285,2.043944914737568,7.721007917201536,313,True
68,21,68:21,8,8.0,330,0,54285,1.9313084374548188,6.898530634850025,313,True
68,22,68:22,12,11.94597955235494,330,0,54285,2.1586686666718817,8.6596011650691,313,True
68,23,68:23,8,8.0,330,0,54285,1.792351632518552,6.003554031922747,313,True
68,24,68:24,9,8.999999999999575,330,0,54285,1.9092207157766525,6.747828272960239,313,True
68,25,68:25,7,6.948479943284341,330,0,54285,1.5675180125941628,4.794732946357705,313,True
69,1,69:1,7,6.966049382716053,324,6,52326,1.6052722082252224,4.979214801507311,313,True
69,2,69:2,7,6.999999992777619,330,0,54285,1.7706021784730068,5.874389727549932,313,True
69,3,69:3,8,7.999999998921947,326,4,52975,1.8907753889346188,6.624503256661826,313,True
69,4,69:4,8,7.999885232924837,330,0,54285,1.7878859146500472,5.97680362774294,313,True
69,5,69:5,8,7.948484652878694,330,0,54285,1.7304604420403689,5.64325170064341,313,True
69,6,69:6,8,7.999999999754795,330,0,54285,1.8044083472773509,6.076375280805307,313,True
69,7,69:7,7,7.0,327,3,53301,1.8440108081251676,6.321843180510284,313,True
69,8,69:8,7,7.0,330,0,54285,1.7629562671638326,5.829645936204169,313,True
69,9,69:9,10,9.994984502554857,330,0,54285,1.9614208654796683,7.109421423576841,313,True
69,10,69:10,8,7.948479943284341,330,0,54285,1.669392943378875,5.308943989163365,313,True
69,11,69:11,8,7.998290574771057,327,3,53301,1.7036101023791852,5.493744615731183,313,True
69,12,69:12,8,8.0,313,17,48828,1.7996971264599568,6.047815463715659,313,True
69,13,69:13,7,,309,21,47586,1.663612873243808,5.278346433757596,313,False
69,14,69:14,11,10.945979552117327,330,0,54285,1.9256400463294756,6.8595376830781305,313,True
69,15,69:15,9,,294,36,43071,1.7864812958928833,5.968414390478834,313,False
69,16,69:16,10,9.948484841262468,330,0,54285,2.025012329754668,7.576204356802003,313,True
69,17,69:17,10,,179,151,15931,1.9048204617891649,6.718201345501718,313,False
69,18,69:18,11,10.948484841254665,330,0,54285,2.0134583168386144,7.489172545337776,313,True
69,19,69:19,11,11.0,329,1,53956,2.222180435401012,9.227428759167438,313,True
69,20,69:20,8,7.999999999852636,329,1,53956,1.8467174805385982,6.338977517106481,313,True
69,21,69:21,9,,310,20,47895,1.8610332560277907,6.43037756639905,313,False
69,22,69:22,7,6.999995094799492,330,0,54285,1.6553785032779462,5.235061034987561,313,True
69,23,69:23,6,6.0,330,0,54285,1.59385551896259,4.922691919372492,313,True
69,24,69:24,12,11.94848484848485,330,0,54285,2.19781145523966,9.005283451349744,313,True
69,25,69:25,9,8.974522456254672,321,9,51360,1.5380713166715778,4.6556024236403175,313,True
70,1,70:1,8,,208,122,21528,1.631627935915849,5.112190266253948,313,False
70,2,70:2,6,,94,236,4371,1.4941178292969912,4.455404391459844,313,False
70,3,70:3,8,,137,193,9316,1.8504231538803175,6.3625112743833805,313,False
70,4,70:4,11,,303,27,45753,1.9024836142154318,6.702520262274291,313,False
70,5,70:5,9,,148,182,10878,1.5692416486446898,4.803004447397557,313,False
70,6,70:6,7,,178,152,15753,1.5219072777078724,4.580954019832524,313,False
70,7,70:7,8,,200,130,19900,1.4635141304549513,4.321117850422866,313,False
70,8,70:8,7,,224,106,24976,1.6014569159440204,4.960253835522622,313,False
70,9,70:9,7,,145,185,10440,1.7178959094654007,5.572790464032311,313,False
70,10,70:10,6,,195,135,18915,1.4984836352299862,4.4748983448313036,313,False
70,11,70:11,10,,205,125,20910,1.8388084746034272,6.289040243704282,313,False
70,12,70:12,13,,254,76,32131,2.055775597602426,7.812895186087689,313,False
70,13,70:13,11,,241,89,28920,1.8191898931817523,6.16686060993748,313,False
70,14,70:14,7,,163,167,13203,1.5018953421020096,4.490191459243747,313,False
70,15,70:15,12,,304,26,46056,1.9505680597702095,7.032681429506248,313,False
70,16,70:16,7,,119,211,7021,1.7827030052820108,5.945906533813113,313,False
70,17,70:17,9,,148,182,10878,1.6566249136331168,5.2415901373966785,313,False
70,18,70:18,17,,226,104,25425,2.053919600469541,7.79840792334056,313,False
70,19,70:19,13,,289,41,41616,2.125315574705741,8.375540179749663,313,False
70,20,70:20,5,,208,122,21528,1.3872045158761825,4.00364227629128,313,False
70,21,70:21,7,,190,140,17955,1.7063699248349329,5.5089273166305235,313,False
70,22,70:22,16,15.908380431161461,328,2,53628,2.318528020657774,10.160706942229277,313,True
70,23,70:23,7,,159,171,12561,1.5148037850994767,4.548528550203085,313,False
70,24,70:24,6,,139,191,9591,1.2465458353247856,3.4783075362436744,313,False
70,25,70:25,8,,251,79,31375,1.6927192270404487,5.434237558133727,313,False
71,1,71:1,8,7.999999999747205,330,0,54285,1.6361527823574422,5.135374555306162,313,True
71,2,71:2,10,9.999999804386253,330,0,54285,2.047443200145133,7.748065506520685,313,True
71,3,71:3,10,9.999999999754795,330,0,54285,2.0541909495999984,7.800524301675236,313,True
71,4,71:4,10,9.948484848477257,330,0,54285,1.9612590645599095,7.108271205707218,313,True
71,5,71:5,8,7.999999999999788,330,0,54285,1.6722069956675623,5.3239046753505175,313,True
71,6,71:6,9,8.999999999754584,330,0,54285,1.6575540579909949,5.246462594556653,313,True
71,7,71:7,10,9.945979552117327,330,0,54285,1.862355182969371,6.438883676738124,313,True
71,8,71:8,9,8.997494703877672,330,0,54285,1.7329853629429612,5.6575184684716175,313,True
71,9,71:9,8,7.999885421308611,330,0,54285,1.6482075784622707,5.197655083823028,313,True
71,10,71:10,10,9.999885421300807,330,0,54285,1.924276987829546,6.850194101304544,313,True
71,11,71:11,9,8.999999999999789,330,0,54285,1.9200933592126925,6.821595298329718,313,True
71,12,71:12,10,9.948370277015835,330,0,54285,1.9271771499894867,6.870089611182854,313,True
71,13,71:13,10,9.945974647162018,330,0,54285,1.879901230339338,6.552857606704892,313,True
71,14,71:14,8,8.0,330,0,54285,1.7894184293495736,5.985970189309762,313,True
71,15,71:15,8,7.999999999999998,329,1,53956,1.849782569287986,6.3584368528376345,313,True
71,16,71:16,7,7.0,330,0,54285,1.8204041811161606,6.174353502713265,313,True
71,17,71:17,8,8.0,330,0,54285,1.9222714069043563,6.836469250431195,313,True
71,18,71:18,10,9.894464400847168,330,0,54285,1.7588258744419174,5.80561686796382,313,True
71,19,71:19,7,6.999885428530992,330,0,54285,1.5522351282815223,4.722012700394226,313,True
71,20,71:20,9,8.99988542130861,330,0,54285,1.7314793853345154,5.64900478465639,313,True
71,21,71:21,7,6.948484652633484,330,0,54285,1.1718085650275203,3.22782509433148,313,True
71,22,71:22,8,7.999999999999788,330,0,54285,1.8716273965069206,6.498864026710461,313,True
71,23,71:23,10,9.999999992524824,330,0,54285,2.0434545920490064,7.71722305981772,313,True
71,24,71:24,10,9.948484841262255,330,0,54285,1.9861290017203668,7.287270083320822,313,True
71,25,71:25,10,9.994989407755153,330,0,54285,1.801900732008236,6.061157157943382,313,True
72,1,72:1,6,6.0,330,0,54285,1.5904712923427042,4.906060572334359,313,True
72,2,72:2,8,7.999999999999995,330,0,54285,1.8726041767128832,6.505215089744361,313,True
72,3,72:3,11,,309,21,47586,1.7940062813059436,6.013496028309523,313,False
72,4,72:4,10,9.902735422110847,329,1,53956,1.8312423289207895,6.241636008833846,313,True
72,5,72:5,10,9.999995094554077,330,0,54285,1.9122348616423313,6.768197894735494,313,True
72,6,72:6,13,12.948255509940676,330,0,54285,2.174838710294842,8.800765534829994,313,True
72,7,72:7,8,7.999999999999995,330,0,54285,1.920459029643036,6.824090210148025,313,True
72,8,72:8,9,8.960122699386497,326,4,52975,1.662380614574613,5.271846151442737,313,True
72,9,72:9,8,7.945979552362531,330,0,54285,1.7037605803285694,5.494571365357633,313,True
72,10,72:10,12,11.894464400847381,330,0,54285,1.9841600283684349,7.272935759300448,313,True
72,11,72:11,19,18.705978715124438,329,1,53956,2.2055293051509537,9.075053769534648,313,True
72,12,72:12,10,9.896969696969698,330,0,54285,1.874314839735682,6.516352844410174,313,True
72,13,72:13,9,9.0,330,0,54285,2.003729946040822,7.416668343550585,313,True
72,14,72:14,12,11.902640203512751,329,1,53956,1.942283479510172,6.97465929214568,313,True
72,15,72:15,12,,306,24,46665,2.048436179278124,7.7557629949799365,313,False
72,16,72:16,6,6.0,330,0,54285,1.5260691169946106,4.60005894247561,313,True
72,17,72:17,8,7.902735557550162,329,1,53956,1.6642857934682598,5.281899535167357,313,True
72,18,72:18,12,11.997265560939665,330,0,54285,2.088582971915955,8.073466725755265,313,True
72,19,72:19,11,10.845339973740334,330,0,54285,1.8172743267786335,6.1550588860420286,313,True
72,20,72:20,10,9.948484841262468,330,0,54285,1.9486636431260014,7.019301018920804,313,True
72,21,72:21,7,6.997494703877682,330,0,54285,1.7624393716735833,5.826633397160991,313,True
72,22,72:22,9,8.99777216854094,329,1,53956,1.8318455024950344,6.245401934373638,313,True
72,23,72:23,9,8.94848484848485,330,0,54285,1.98547017957484,7.282470649569714,313,True
72,24,72:24,13,12.998527564057893,326,4,52975,2.194118369372003,8.972087501777068,313,True
72,25,72:25,11,10.997775965601601,329,1,53956,2.0231195085223277,7.561877519683128,313,True
73,1,73:1,5,4.948484848484849,330,0,54285,1.2306301721907844,3.423386179458639,313,True
73,2,73:2,4,4.0,330,0,54285,1.3653929723156368,3.917262125134618,313,True
73,3,73:3,5,4.997494703877682,330,0,54285,1.3532485556034506,3.8699769680025486,313,True
73,4,73:4,8,8.0,330,0,54285,1.8739775595412367,6.514155378257475,313,True
73,5,73:5,7,6.948484848239644,330,0,54285,1.473176262274173,4.363071414747433,313,True
73,6,73:6,4,4.0,330,0,54285,1.1047452916284166,3.018455544988498,313,True
73,7,73:7,7,6.948484848484849,330,0,54285,1.3347046952514403,3.798873955244599,313,True
73,8,73:8,5,5.0,330,0,54285,1.540302428057932,4.666001187304416,313,True
73,9,73:9,4,4.0,330,0,54285,1.3857052392083034,3.9976442063466155,313,True
73,10,73:10,4,4.0,330,0,54285,1.3616766326073522,3.902731265879866,313,True
73,11,73:11,6,6.0,330,0,54285,1.6556084592599196,5.236265007013532,313,True
73,12,73:12,7,7.0,330,0,54285,1.7072432117088312,5.513740291793537,313,True
73,13,73:13,4,3.9998854285309915,330,0,54285,0.5078900532331637,1.6617812234019875,313,True
73,14,73:14,4,4.0,330,0,54285,1.361646669186846,3.902614328453755,313,True
73,15,73:15,5,4.999999999999788,330,0,54285,1.428878894632103,4.174017054903233,313,True
73,16,73:16,4,4.0,330,0,54285,1.3668407830130762,3.922937686722047,313,True
73,17,73:17,4,4.0,330,0,54285,1.343783071563592,3.8335185831156218,313,True
73,18,73:18,5,4.999999999999788,330,0,54285,1.4486777595261475,4.2574813776141385,313,True
74,1,74:1,4,4.0,330,0,54285,1.3874874879667003,4.004775355623241,313,True
74,2,74:2,4,4.0,330,0,54285,1.3769101507604344,3.9626387357234156,313,True
74,3,74:3,4,4.0,330,0,54285,1.3503662126101028,3.8588384272633274,313,True
74,4,74:4,4,4.0,330,0,54285,1.3620487444823193,3.904183788762451,313,True
74,5,74:5,4,4.0,330,0,54285,1.3864090419747983,4.000458749724033,313,True
74,6,74:6,4,4.0,330,0,54285,1.3563525499540925,3.8820080171429163,313,True
74,7,74:7,4,4.0,330,0,54285,1.3828014291214388,3.986052644768359,313,True
74,8,74:8,4,4.0,330,0,54285,1.3854244847646242,3.9965220075099617,313,True
74,9,74:9,4,4.0,330,0,54285,1.3848106876043949,3.994069706335698,313,True
74,10,74:10,4,4.0,330,0,54285,1.3794254862927258,3.9726186478890186,313,True
74,11,74:11,4,4.0,330,0,54285,1.3588574613339788,3.8917442923642467,313,True
74,12,74:12,4,4.0,330,0,54285,1.3771619339126357,3.963636587011131,313,True
74,13,74:13,4,4.0,317,13,50086,1.3584706442610959,3.8902391903470113,313,True
74,14,74:14,4,4.0,330,0,54285,1.369736212024245,3.9343127341835005,313,True
74,15,74:15,4,4.0,330,0,54285,1.3853610022015965,3.9962683061026216,313,True
74,16,74:16,4,4.0,330,0,54285,1.3874874879667003,4.004775355623241,313,True
74,17,74:17,4,4.0,330,0,54285,1.383782346954438,3.9899645532075905,313,True
74,18,74:18,4,4.0,330,0,54285,1.364001413599474,3.9118148158852555,313,True
74,19,74:19,4,4.0,330,0,54285,1.3857940508089672,3.9979992592936426,313,True
74,20,74:20,4,4.0,330,0,54285,1.3757118753041682,3.9578932467536516,313,True
74,21,74:21,4,4.0,330,0,54285,1.3730258487298637,3.9472765051227716,313,True
74,22,74:22,4,4.0,330,0,54285,1.3546724398339662,3.875491292127662,313,True
74,23,74:23,4,4.0,330,0,54285,1.389147839207539,4.011430212525363,313,True
74,24,74:24,4,4.0,330,0,54285,1.3718308044854717,3.942562152545317,313,True
74,25,74:25,4,4.0,330,0,54285,1.3533008846098633,3.8701794853508438,313,True
75,1,75:1,7,7.0,328,2,53628,1.7829191535915647,5.9471918703658195,313,True
75,2,75:2,6,6.0,330,0,54285,1.5246257148561426,4.593423997160034,313,True
75,3,75:3,7,6.999999999999897,329,1,53956,1.7283269830965036,5.63122488874671,313,True
75,4,75:4,7,7.0,330,0,54285,1.8343681317399234,6.2611766564616,313,True
75,5,75:5,6,5.999904781401903,329,1,53956,1.457789488425818,4.296451667459676,313,True
75,6,75:6,10,9.997380132408674,330,0,54285,2.0504370462972363,7.7712967807019915,313,True
75,7,75:7,8,7.999999999992409,330,0,54285,1.82374797353901,6.1950338152390065,313,True
75,8,75:8,8,7.999999804393845,330,0,54285,1.8294555080461432,6.2304932813150256,313,True
75,9,75:9,7,7.0,330,0,54285,1.8332478381914878,6.254166228249706,313,True
75,10,75:10,8,8.0,329,1,53956,2.033703304929954,7.642335918410635,313,True
75,11,75:11,9,8.972049689440995,322,8,51681,1.9722838553195945,7.187071991341409,313,True
75,12,75:12,6,6.0,330,0,54285,1.605130606656732,4.978509786798338,313,True
75,13,75:13,8,7.997775965601601,329,1,53956,1.8735770729551928,6.511547068740426,313,True
75,14,75:14,8,8.0,330,0,54285,1.8798036747709745,6.552218370137715,313,True
75,15,75:15,7,7.0,330,0,54285,1.7818539265722848,5.940860133863787,313,True
75,16,75:16,7,6.999999999999782,330,0,54285,1.6143043007837876,5.024391242241415,313,True
75,17,75:17,7,6.999995094799492,330,0,54285,1.736967295030625,5.680091234582886,313,True
75,18,75:18,8,7.999999992777619,330,0,54285,1.920361886933414,6.823427331731731,313,True
75,19,75:19,8,8.0,330,0,54285,2.0539757545729653,7.798845848241159,313,True
75,20,75:20,10,9.945979552362532,330,0,54285,1.9904579789566148,7.318884890143551,313,True
75,21,75:21,7,7.0,330,0,54285,1.8288378682610427,6.226646268939929,313,True
75,22,75:22,8,7.999999999999995,330,0,54285,1.8275455425366036,6.218604611129424,313,True
75,23,75:23,8,7.997494696655301,330,0,54285,1.7258422594363705,5.617250219815173,313,True
75,24,75:24,9,8.999885428530991,330,0,54285,1.9587364051119756,7.090362057030755,313,True
75,25,75:25,7,7.0,330,0,54285,1.8139770327719087,6.134797269876089,313,True
76,1,76:1,7,7.0,330,0,54285,1.876075915319535,6.52783874510135,313,True
76,2,76:2,6,6.0,327,3,53301,1.727639798954325,5.627356529591883,313,True
76,3,76:3,9,8.94847994327675,330,0,54285,1.5827262109476687,4.868209502891417,313,True
76,4,76:4,8,7.999999804393845,330,0,54285,1.8765034115056831,6.5306299678447015,313,True
76,5,76:5,7,6.999770857061984,330,0,54285,1.6291532879377746,5.099555035270489,313,True
76,6,76:6,8,7.948484848484849,330,0,54285,1.820913380315398,6.177498279163531,313,True
76,7,76:7,6,6.0,330,0,54285,1.723694985690523,5.605201386595476,313,True
76,8,76:8,4,3.948484848484849,330,0,54285,1.0922322387780132,2.9809207782413774,313,True
76,9,76:9,8,8.0,330,0,54285,1.9871376940726992,7.294624405423918,313,True
76,10,76:10,7,7.0,330,0,54285,1.894336975148758,6.648139061630034,313,True
76,11,76:11,6,6.0,330,0,54285,1.7434638124586412,5.717112169651196,313,True
76,12,76:12,7,6.999880523330484,330,0,54285,1.6394439605924225,5.152303831622645,313,True
76,13,76:13,8,7.948484848484849,330,0,54285,1.7687785275076164,5.8636866533542715,313,True
76,14,76:14,5,4.997494703877682,330,0,54285,1.4138901072636054,4.111920142078827,313,True
76,15,76:15,12,11.94586007544781,330,0,54285,2.06269264929647,7.867124724008333,313,True
76,16,76:16,8,8.0,330,0,54285,1.926972292186121,6.8686823638639,313,True
76,17,76:17,10,9.99999980414864,330,0,54285,2.0717060409147967,7.938354729790809,313,True
76,18,76:18,11,10.948484848484638,330,0,54285,2.139024365353616,8.491149326895336,313,True
76,19,76:19,6,6.0,330,0,54285,1.5250064113229247,4.595173030350439,313,True
76,20,76:20,4,4.0,330,0,54285,1.3332253385268549,3.793258220374795,313,True
76,21,76:21,8,8.0,330,0,54285,1.9007918247038826,6.69119059520186,313,True
76,22,76:22,9,8.94847994328434,330,0,54285,1.8710313445843418,6.494991520534789,313,True
76,23,76:23,8,7.999885428530992,330,0,54285,1.8716591431618192,6.499070347178925,313,True
76,24,76:24,8,8.0,330,0,54285,2.0269257095784523,7.590714390535274,313,True
76,25,76:25,9,8.948484848239644,330,0,54285,1.904784361859784,6.717958823285123,313,True
77,1,77:1,3,3.0,330,0,54285,1.0173829409142712,2.765946637934676,313,True
77,2,77:2,3,3.0,330,0,54285,0.9914240301385416,2.6950696013693323,313,True
77,3,77:3,3,3.0,330,0,54285,0.9864761601686394,2.6817676826415022,313,True
77,4,77:4,4,3.948484848484849,330,0,54285,0.9997193506681159,2.717519051521441,313,True
77,5,77:5,3,3.0,330,0,54285,0.973215157150115,2.6464395144949417,313,True
77,6,77:6,3,3.0,330,0,54285,1.0041124661479577,2.729483688306397,313,True
77,7,77:7,3,3.0,330,0,54285,0.9936516530805716,2.70107989208905,313,True
77,8,77:8,3,3.0,330,0,54285,1.0076281746755975,2.739096645661996,313,True
77,9,77:9,3,3.0,330,0,54285,1.0012631779579404,2.7217176717321117,313,True
77,10,77:10,4,4.0,328,2,53628,1.1816107350236078,3.2596203613495276,313,True
77,11,77:11,3,3.0,330,0,54285,1.0223198669121731,2.779635674877655,313,True
77,12,77:12,4,4.0,329,1,53956,1.1173259406013967,3.0566695491081552,313,True
77,13,77:13,4,3.9999999999924087,330,0,54285,1.0592333719133646,2.8841590641694212,313,True
77,14,77:14,4,4.0,329,1,53956,1.12453129867887,3.0787734854911726,313,True
77,15,77:15,4,4.0,330,0,54285,1.1802090455245784,3.255054586365171,313,True
77,16,77:16,4,4.0,329,1,53956,1.13321914748832,3.105637932203069,313,True
77,17,77:17,3,3.0,328,2,53628,0.9961933123494866,2.707953848760204,313,True
77,18,77:18,4,4.0,330,0,54285,1.1356282731520186,3.113128823874357,313,True
77,19,77:19,3,3.0,330,0,54285,0.9864761601686394,2.6817676826415022,313,True
77,20,77:20,4,3.9999999997547957,330,0,54285,1.0516843310853101,2.862468404486048,313,True
77,21,77:21,4,4.0,330,0,54285,1.08823289282536,2.9690228526108045,313,True
77,22,77:22,3,3.0,330,0,54285,0.9935358863643523,2.7007672150388444,313,True
77,23,77:23,3,3.0,330,0,54285,0.9892758703009548,2.689286374963453,313,True
77,24,77:24,3,3.0,330,0,54285,1.000243549287448,2.718943944687144,313,True
77,25,77:25,3,3.0,330,0,54285,0.9968510641359273,2.7097355961513525,313,True
77,26,77:26,4,3.9999999997547957,330,0,54285,1.0516843310853101,2.862468404486048,313,True
77,27,77:27,3,3.0,330,0,54285,0.9914240301385416,2.6950696013693323,313,True
77,28,77:28,4,3.9999999997547957,330,0,54285,1.055638250048997,2.8738087772769005,313,True
77,29,77:29,4,4.0,329,1,53956,1.1329474155284391,3.1047941457681345,313,True
78,1,78:1,10,9.997380132408674,330,0,54285,1.9958021452140682,7.358102928334577,313,True
78,2,78:2,9,9.0,330,0,54285,2.070262721942697,7.926905416295306,313,True
78,3,78:3,10,9.999999999408452,325,5,52650,2.089587529382141,8.08158106200879,313,True
78,4,78:4,8,8.0,330,0,54285,2.019505475220297,7.534597966799461,313,True
78,5,78:5,12,11.851879309066616,329,1,53956,2.0130223883352443,7.4859085130526495,313,True
78,6,78:6,8,7.999999804393845,330,0,54285,1.8222632580648344,6.185842777396911,313,True
79,1,79:1,7,6.999995094799492,330,0,54285,1.7431275886184103,5.715190263355948,313,True
79,2,79:2,7,6.999999992777619,330,0,54285,1.7298161608197362,5.639617030549953,313,True
79,3,79:3,6,6.0,330,0,54285,1.6646639742832086,5.283897425996223,313,True
79,4,79:4,6,6.0,330,0,54285,1.6574231610865764,5.245775893788362,313,True
79,5,79:5,8,7.999999999999995,330,0,54285,1.9453106554428874,6.995804802335764,313,True
79,6,79:6,7,7.0,330,0,54285,1.7544133919452962,5.780056119801079,313,True
79,7,79:7,6,6.0,330,0,54285,1.680977009778711,5.3708007334488235,313,True
79,8,79:8,7,6.948484848484849,330,0,54285,1.6922599334617623,5.431742220808291,313,True
79,9,79:9,8,7.948484848484849,330,0,54285,1.8322689586592402,6.248047148347246,313,True
79,10,79:10,7,6.999999999999995,330,0,54285,1.6197681403458566,5.051918844604503,313,True
79,11,79:11,7,6.948484848484849,330,0,54285,1.6669535735438032,5.296009294006728,313,True
79,12,79:12,6,6.0,326,4,52975,1.7278183712437507,5.628361509258876,313,True
79,13,79:13,6,6.0,330,0,54285,1.6973707646106273,5.459573999321421,313,True
79,14,79:14,7,7.0,330,0,54285,1.8153911765008879,6.143478892047825,313,True
79,15,79:15,8,7.9484848410172635,330,0,54285,1.54694578316749,4.697102283561668,313,True
79,16,79:16,6,5.948484848484849,330,0,54285,1.5804416040671931,4.857100252931956,313,True
79,17,79:17,7,6.999999992777619,330,0,54285,1.6362624432219663,5.135937735798418,313,True
79,18,79:18,6,6.0,330,0,54285,1.758867544871349,5.8058587955524015,313,True
79,19,79:19,6,6.0,330,0,54285,1.7170889497007404,5.568295260319153,313,True
79,20,79:20,7,7.0,330,0,54285,1.8221375527559491,6.185065232991617,313,True
79,21,79:21,8,7.999999999992409,330,0,54285,1.7607914595444805,5.817039524414711,313,True
79,22,79:22,6,6.0,330,0,54285,1.5556809932086912,4.73831218512723,313,True
79,23,79:23,9,8.999999999999789,330,0,54285,1.9674151416426038,7.152165240081814,313,True
79,24,79:24,6,6.0,330,0,54285,1.6675625535002447,5.299235439745249,313,True
79,25,79:25,6,5.999999804393845,330,0,54285,1.5785382847655254,4.847864432416301,313,True
80,1,80:1,9,8.999999999999908,328,2,53628,1.7875482389288135,5.974785746981115,313,True
80,2,80:2,9,,279,51,38781,1.7272216697141412,5.625004059134537,313,False
80,3,80:3,9,8.948484652878694,330,0,54285,1.6882351030026814,5.409924315410025,313,True
80,4,80:4,9,8.948484457272539,330,0,54285,1.526695534392631,4.602941402146284,313,True
80,5,80:5,10,9.948479943284124,330,0,54285,1.6803708632777772,5.367546227830274,313,True
80,6,80:6,10,9.948484841262468,330,0,54285,1.7897722590858578,5.9880885783156605,313,True
80,7,80:7,9,8.999999992777195,330,0,54285,1.743566073661443,5.717696838312167,313,True
80,8,80:8,12,11.896850220054972,330,0,54285,1.7773799615027366,5.914340301778877,313,True
80,9,80:9,11,10.99545671245774,329,1,53956,1.7434371786756893,5.71695990335428,313,True
80,10,80:10,10,9.94597463993943,330,0,54285,1.603663770277728,4.971212480815191,313,True
80,11,80:11,10,9.948370277008244,330,0,54285,1.7458060863865061,5.730518907425633,313,True
80,12,80:12,10,9.99822967669537,327,3,53301,1.7287214907384756,5.63344688826806,313,True
80,13,80:13,12,11.94825569110207,330,0,54285,1.8127860789829295,6.127495358805309,313,True
80,14,80:14,10,9.966049382711317,324,6,52326,2.0086335968279587,7.453126410871399,313,True
80,15,80:15,15,14.904620720434394,328,2,53628,2.116035923754818,8.298177594403107,313,True
80,16,80:16,10,9.997489602825814,330,0,54285,1.6873809589265032,5.405305433479579,313,True
80,17,80:17,8,7.999996198175372,329,1,53956,1.500818861255507,4.4853604548491095,313,True
80,18,80:18,7,6.999880523330484,330,0,54285,1.4267003994170144,4.164933876144437,313,True
80,19,80:19,9,9.0,330,0,54285,1.822803859867517,6.189187759223621,313,True
80,20,80:20,10,,281,49,39340,1.5111217717073788,4.531811602066632,313,False
80,21,80:21,7,7.0,330,0,54285,1.5379237915911308,4.654915656177199,313,True
80,22,80:22,10,9.94848484126225,330,0,54285,1.7190479516001385,5.579214252982236,313,True
80,23,80:23,8,7.999999804393845,330,0,54285,1.6237465208470965,5.072057332752171,313,True
80,24,80:24,8,7.997775960841752,329,1,53956,1.5236432424292847,4.588913300918128,313,True
80,25,80:25,10,,278,52,38503,1.6804913816189435,5.368193154580272,313,False
81,1,81:1,6,5.948484848484849,330,0,54285,1.5170666822578667,4.558833057156754,313,True
81,2,81:2,6,,297,33,43956,1.560019745367989,4.758915210742223,313,False
81,3,81:3,6,,274,56,37401,1.6982756241950492,5.464516382925932,313,False
81,4,81:4,7,6.999999999999897,329,1,53956,1.816112099825671,6.147909466136625,313,True
81,5,81:5,6,6.0,329,1,53956,1.6728249997394031,5.3271958870043274,313,True
81,6,81:6,5,,231,99,26565,1.440606716259972,4.223257358763065,313,False
81,7,81:7,7,,284,46,40186,1.8523010515731113,6.374470645348931,313,False
81,8,81:8,7,7.0,314,16,49141,1.8010598363831876,6.056062499744636,313,True
81,9,81:9,8,,207,123,21321,1.7529056161788152,5.771347658108303,313,False
81,10,81:10,6,,309,21,47586,1.636821762126543,5.138811166373889,313,False
81,11,81:11,6,,205,125,20910,1.7040217345411017,5.496006483201134,313,False
81,12,81:12,6,,226,104,25425,1.4717023702035652,4.356645455134491,313,False
81,13,81:13,6,,292,38,42486,1.7302954155253905,5.642320491321335,313,False
81,14,81:14,7,7.0,328,2,53628,1.8489880166849788,6.3533867468382725,313,True
81,15,81:15,6,6.0,329,1,53956,1.7071648023410813,5.513307979852195,313,True
81,16,81:16,8,,284,46,40186,1.842364360411654,6.311443160154765,313,False
81,17,81:17,6,6.0,330,0,54285,1.7255523122491376,5.615621750010482,313,True
81,18,81:18,6,6.0,330,0,54285,1.7698000779363376,5.869679765580891,313,True
81,19,81:19,6,,274,56,37401,1.6975528300609282,5.46056808961206,313,False
81,20,81:20,6,,266,64,35245,1.6188154041931635,5.047107990981766,313,False
81,21,81:21,6,,301,29,45150,1.6948386013121957,5.445766954638563,313,False
81,22,81:22,6,5.999999713397337,322,8,51681,1.6398873110391958,5.154588614270587,313,True
81,23,81:23,8,7.954190215623101,328,2,53628,1.600922953320698,4.95760595237049,313,True
81,24,81:24,6,,231,99,26565,1.562549867574685,4.770971092792825,313,False
82,1,82:1,6,5.948484848477258,330,0,54285,1.4056814114673646,4.078304798317049,313,True
82,2,82:2,8,7.999885421308611,330,0,54285,1.7220511628687365,5.595994997544784,313,True
82,3,82:3,6,6.0,330,0,54285,1.7820264000296422,5.941884862917492,313,True
82,4,82:4,5,5.0,330,0,54285,1.36016469284976,3.8968350298158607,313,True
82,5,82:5,8,7.948484652878694,330,0,54285,1.8272405972959802,6.216708566359549,313,True
82,6,82:6,5,4.999885428530992,330,0,54285,1.395025645026965,4.0350780509907676,313,True
82,7,82:7,5,5.0,330,0,54285,1.3935174371045103,4.028996901278355,313,True
82,8,82:8,8,7.999880327724329,330,0,54285,1.5339818891986596,4.636602550965306,313,True
82,9,82:9,6,6.0,330,0,54285,1.5535535518972161,4.728242419253867,313,True
82,10,82:10,6,6.0,330,0,54285,1.5586440183159689,4.75237274370485,313,True
82,11,82:11,7,6.999995094799492,330,0,54285,1.442286261668709,4.230356471241968,313,True
82,12,82:12,6,5.948484848484849,330,0,54285,0.9804314887605249,2.6656061729240283,313,True
82,13,82:13,6,5.997494703877682,330,0,54285,1.4927480827950583,4.449305794599322,313,True
82,14,82:14,5,5.0,330,0,54285,1.4468288919999714,4.2496171307672785,313,True
82,15,82:15,9,8.997494703632478,330,0,54285,1.933495128564719,6.913632095558113,313,True
82,16,82:16,5,5.0,330,0,54285,1.4799811688339313,4.392862957408001,313,True
82,17,82:17,7,6.999885428285787,330,0,54285,1.5337536106052487,4.635544234656842,313,True
82,18,82:18,7,6.999885428530992,330,0,54285,1.709755755368329,5.527611223367267,313,True
82,19,82:19,5,5.0,330,0,54285,1.4796765108501606,4.391524840480769,313,True
82,20,82:20,6,5.948484848484849,330,0,54285,1.4556203616357386,4.287142219382287,313,True
83,1,83:1,12,11.896969501363543,330,0,54285,2.158101818816736,8.654693879695758,313,True
83,2,83:2,10,9.999885428530991,330,0,54285,2.025368949473036,7.578906662485132,313,True
83,3,83:3,7,6.948484652878694,330,0,54285,1.5831145336804742,4.870100306406683,313,True
83,4,83:4,7,6.896969696969698,330,0,54285,1.6082650765487732,4.994139258089387,313,True
83,5,83:5,8,7.999994899193337,330,0,54285,1.7349763592027296,5.668793787416163,313,True
83,6,83:6,10,10.0,329,1,53956,2.26430577180599,9.624440723208856,313,True
83,7,83:7,5,5.0,330,0,54285,1.4630816652378265,4.319249521276264,313,True
83,8,83:8,6,5.948484848484849,330,0,54285,1.566757151887808,4.7910862099664975,313,True
83,9,83:9,7,6.999999999992409,330,0,54285,1.7889374776711402,5.983091919110085,313,True
83,10,83:10,6,6.0,330,0,54285,1.7025812217841894,5.488095115331238,313,True
83,11,83:11,7,6.999885428530992,330,0,54285,1.8121113870740648,6.123362581597561,313,True
83,12,83:12,9,8.948484848484636,330,0,54285,1.996953069476388,7.366576422759252,313,True
83,13,83:13,9,9.0,326,4,52975,2.153014635595809,8.610777665832375,313,True
83,14,83:14,7,6.997494703877682,330,0,54285,1.6383604935934621,5.146724503507208,313,True
84,1,84:1,15,14.889453612996592,330,0,54285,2.3051921676440377,10.02610476024344,313,True
84,2,84:2,8,8.0,329,1,53956,1.8820126610844812,6.566708128787685,313,True
84,3,84:3,9,9.0,328,2,53628,2.0328096949009087,7.635509700831103,313,True
84,4,84:4,16,15.900507726090897,329,1,53956,2.3597748406854513,10.588567069507418,313,True
84,5,84:5,20,19.891844322714515,330,0,54285,2.4854242440247885,12.006212738541588,313,True
84,6,84:6,16,15.894115781239636,330,0,54285,2.174720671754598,8.79972676662178,313,True
84,7,84:7,9,8.951367781155005,329,1,53956,2.0314288570780192,7.624973576252932,313,True
84,8,84:8,11,10.955479193041313,327,3,53301,2.0764811611262073,7.976351976416193,313,True
84,9,84:9,16,15.84533977837158,330,0,54285,2.291645145481849,9.891196760891571,313,True
84,10,84:10,13,12.997680602040376,329,1,53956,2.1391258452450748,8.492011051530513,313,True
84,11,84:11,14,13.951272422357746,329,1,53956,2.4060337130574903,11.089888121264265,313,True
84,12,84:12,14,13.948369690197163,330,0,54285,2.134496810034215,8.452792076402254,313,True
84,13,84:13,8,7.948484652878694,330,0,54285,1.672915176378862,5.327676297287723,313,True
84,14,84:14,15,14.89674055403167,330,0,54285,2.2479017485776507,9.467849052177835,313,True
84,15,84:15,9,8.94848484848485,330,0,54285,1.936698818401015,6.93581674582926,313,True
84,16,84:16,17,16.94848484101726,330,0,54285,2.6618620104754487,14.32293373733927,313,True
84,17,84:17,15,,282,48,39621,2.399764651331465,11.020582396014778,313,False
84,18,84:18,11,,299,31,44551,1.983353947736602,7.26707554886669,313,False
84,19,84:19,12,11.994979597354348,330,0,54285,2.1243776287372436,8.367688058612416,313,True
84,20,84:20,11,10.987380942873495,317,13,50086,2.0758525303443744,7.971339371740955,313,True
84,21,84:21,11,,296,34,43660,1.952830533644284,7.048610700490031,313,False
84,22,84:22,14,13.999875610907587,330,0,54285,2.313277294350916,10.107495672152645,313,True
84,23,84:23,19,18.943469133766406,330,0,54285,2.584450810226187,13.256007027032982,313,True
84,24,84:24,15,14.896854929641737,330,0,54285,2.2128049000936976,9.14132095914328,313,True
84,25,84:25,14,13.840443953209913,330,0,54285,2.1878023911021565,8.915598571295325,313,True
85,1,85:1,7,7.0,330,0,54285,1.4144916338547235,4.114394315450776,313,True
85,2,85:2,6,5.999999999999788,330,0,54285,1.4664180911570097,4.333684444465926,313,True
85,3,85:3,8,7.945979552362531,330,0,54285,1.475453765893881,4.373019649958274,313,True
85,4,85:4,7,7.0,330,0,54285,1.5809884062913215,4.859756852404132,313,True
85,5,85:5,7,6.999999999999788,330,0,54285,1.6170489847498561,5.038200550747944,313,True
85,6,85:6,8,7.948370277015841,330,0,54285,1.5616262579873788,4.766566612473991,313,True
85,7,85:7,5,5.0,330,0,54285,1.4190150427283823,4.133047559526225,313,True
85,8,85:8,6,5.948484848484849,330,0,54285,1.5103348388554512,4.528246773462554,313,True
85,9,85:9,7,6.99749470387747,330,0,54285,1.646333599592441,5.187923908879219,313,True
85,10,85:10,7,7.0,330,0,54285,1.4223108940480447,4.146691942356934,313,True
85,11,85:11,6,5.999999999999788,330,0,54285,1.364067893579443,3.912074881900354,313,True
85,12,85:12,7,6.999999999999995,330,0,54285,1.4647128990771145,4.326300976978662,313,True
85,13,85:13,7,6.999999999999995,330,0,54285,1.6194872232513537,5.050499873556956,313,True
85,14,85:14,6,5.999999999999995,330,0,54285,1.5269781150254504,4.604242288034456,313,True
85,15,85:15,7,6.999999999999788,330,0,54285,1.6487137551661635,5.200286681711914,313,True
85,16,85:16,6,5.997494703877682,330,0,54285,1.550611703391305,4.714353086530629,313,True
85,17,85:17,7,6.999885421308611,330,0,54285,1.5510259602066927,4.716306443994755,313,True
85,18,85:18,7,7.0,330,0,54285,1.671264489451033,5.318889226015155,313,True
85,19,85:19,9,8.945864980893523,330,0,54285,1.5174467048304028,4.560565845851452,313,True
85,20,85:20,6,6.0,330,0,54285,1.4723392946670564,4.3594211930774875,313,True
85,21,85:21,5,5.0,330,0,54285,1.4269700423468477,4.166057072541541,313,True
85,22,85:22,7,6.948484841262468,330,0,54285,1.5772363472371458,4.841556922662029,313,True
85,23,85:23,7,6.999999999992409,330,0,54285,1.6581672782105068,5.249680818139586,313,True
85,24,85:24,7,7.0,330,0,54285,1.6437268410962054,5.174417855309885,313,True
85,25,85:25,7,6.948484848484849,330,0,54285,1.4371717512115296,4.208775503917015,313,True
86,1,86:1,15,14.94586006822543,330,0,54285,2.2317079925586305,9.315763754233915,313,True
86,2,86:2,12,11.999885428523188,330,0,54285,2.2688017453148897,9.667809372834633,313,True
86,3,86:3,16,15.996815286624203,322,8,51681,2.3526107683308486,10.512980884620086,313,True
86,4,86:4,15,14.842834482257066,330,0,54285,2.1800133960509243,8.846424765083773,313,True
86,5,86:5,16,15.943354772348105,330,0,54285,2.2788429311625715,9.76537465932052,313,True
86,6,86:6,15,14.851875512005956,329,1,53956,2.183604628595403,8.878251447906402,313,True
86,7,86:7,9,8.997380132408674,330,0,54285,1.8103902618983936,6.112832572429945,313,True
86,8,86:8,15,14.949044590898584,329,1,53956,2.2540503915844754,9.52624281326906,313,True
86,9,86:9,15,14.951272141664695,329,1,53956,2.1941055791011324,8.971972747081516,313,True
86,10,86:10,9,8.997380132408674,330,0,54285,1.8042274759672363,6.075276338234107,313,True
86,11,86:11,15,14.945860068470422,330,0,54285,2.2534731159384584,9.52074513228626,313,True
86,12,86:12,9,8.949143746756606,329,1,53956,1.7927719517291694,6.006077971407311,313,True
86,13,86:13,13,12.896964596163034,330,0,54285,2.147233614369133,8.561142187480566,313,True
86,14,86:14,15,14.94836987809074,330,0,54285,2.197295519408808,9.000638501301331,313,True
86,15,86:15,13,12.896964596163034,330,0,54285,2.145347231405915,8.54500781729737,313,True
86,16,86:16,15,14.94585988008665,330,0,54285,2.2537707991033167,9.523579719712593,313,True
86,17,86:17,9,8.94837027701584,330,0,54285,1.8019696532446268,6.061574914784659,313,True
86,18,86:18,15,14.945860068470422,330,0,54285,2.2408810293932304,9.401610735090188,313,True
86,19,86:19,9,8.94837027701584,330,0,54285,1.7997619401451523,6.0482074576263924,313,True
86,20,86:20,15,14.898283696452449,329,1,53956,2.1732227029073963,8.786554918033953,313,True
86,21,86:21,9,8.94837027701584,330,0,54285,1.8021515320732682,6.062677487194132,313,True
86,22,86:22,15,14.891954199524346,330,0,54285,2.1777929124993514,8.826803217127004,313,True
86,23,86:23,13,12.914370882239002,327,3,53301,2.134818444356484,8.455511221714817,313,True
86,24,86:24,9,8.997380132408674,330,0,54285,1.8075209390536011,6.095318021750131,313,True
86,25,86:25,15,14.945860068470422,330,0,54285,2.2414696084581887,9.407145955143275,313,True
87,1,87:1,8,7.999999804393845,330,0,54285,1.8948799650199053,6.651749914041902,313,True
87,2,87:2,8,,183,147,16653,1.8235206558799444,6.1936257347011425,313,False
87,3,87:3,8,,168,162,14028,1.8318010731791552,6.245124461602312,313,False
87,4,87:4,7,,166,164,13695,1.897570357048409,6.669669823968647,313,False
87,5,87:5,6,6.0,330,0,54285,1.7489046329058149,5.74830272460396,313,True
87,6,87:6,6,6.0,330,0,54285,1.714242914042438,5.55247022344374,313,True
87,7,87:7,6,6.0,330,0,54285,1.7641532675432203,5.836628202655608,313,True
87,8,87:8,6,5.999999992777619,330,0,54285,1.6265950621441643,5.086525894890607,313,True
87,9,87:9,6,6.0,330,0,54285,1.7464754216656442,5.734355829848663,313,True
87,10,87:10,5,5.0,330,0,54285,1.583660218865601,4.872758573216416,313,True
87,11,87:11,6,5.951367781155005,329,1,53956,1.5865645068131722,4.886931037709011,313,True
87,12,87:12,8,8.0,330,0,54285,2.0658183725857615,7.891753650530188,313,True
87,13,87:13,6,6.0,330,0,54285,1.6945278151030354,5.444074748341571,313,True
87,14,87:14,6,5.997494703877682,330,0,54285,1.6158521327440747,5.03217417737116,313,True
87,15,87:15,5,5.0,330,0,54285,1.5998435945827933,4.952257803871341,313,True
87,16,87:16,6,6.0,330,0,54285,1.783663619626741,5.95162100118215,313,True
87,17,87:17,7,6.999904781397785,329,1,53956,1.634591289432866,5.127361961705176,313,True
87,18,87:18,7,6.948484848484849,330,0,54285,1.7090990784821352,5.523982560400963,313,True
87,19,87:19,6,6.0,330,0,54285,1.7430388858591512,5.714683332693305,313,True
87,20,87:20,7,7.0,328,2,53628,1.896274413029268,6.661031903590183,313,True
87,21,87:21,7,6.999999999999788,330,0,54285,1.695320279888868,5.448390695763379,313,True
87,22,87:22,6,5.997494703877682,330,0,54285,1.6017326089693518,4.961621531432397,313,True
87,23,87:23,6,5.999999999754795,330,0,54285,1.5932296029379367,4.919611691698218,313,True
87,24,87:24,7,6.948484848484849,330,0,54285,1.7307948374256892,5.645139093520453,313,True
87,25,87:25,8,7.948370277015841,330,0,54285,1.6273812117383306,5.090526237386379,313,True
88,1,88:1,15,14.791429192370943,330,0,54285,2.090848412872158,8.091777421002597,313,True
88,2,88:2,11,10.902640203512648,329,1,53956,1.8582853337520342,6.4127316445574785,313,True
88,3,88:3,8,7.999999999999995,330,0,54285,1.9644563041288226,7.131034422009499,313,True
88,4,88:4,8,7.99999993374036,327,3,53301,1.874845814116459,6.519813779579301,313,True
88,5,88:5,9,8.948484834040087,330,0,54285,1.8887492552177305,6.611094715591527,313,True
88,6,88:6,8,,141,189,9870,1.6670233267560914,5.296378720551488,313,False
88,7,88:7,7,7.0,330,0,54285,1.82273228330132,6.188744774270129,313,True
88,8,88:8,8,7.997775965601601,329,1,53956,1.8210158081666374,6.17813105944491,313,True
88,9,88:9,9,8.95136764095574,329,1,53956,1.8288882370993451,6.2269599057777105,313,True
88,10,88:10,10,9.954268292680819,328,2,53628,2.0379412794336846,7.674792670046675,313,True
88,11,88:11,8,8.0,328,2,53628,2.0162807556936313,7.51034013498337,313,True
88,12,88:12,7,6.9999999999958815,329,1,53956,1.5897673974821582,4.902608436624792,313,True
88,13,88:13,9,8.996815286624203,314,16,49141,1.853964392682483,6.385082387450634,313,True
88,14,88:14,9,8.99999999999824,323,7,52003,1.9167566413096642,6.7988714917200435,313,True
88,15,88:15,11,,294,36,43071,2.00571477074739,7.431403748880019,313,False
88,16,88:16,10,9.999921922940171,328,2,53628,1.9486845695802428,7.019447909539328,313,True
88,17,88:17,10,9.998042067574529,328,2,53628,2.035797238664178,7.6583552292329955,313,True
88,18,88:18,10,9.954268292680819,328,2,53628,2.022430209283776,7.556666919304537,313,True
88,19,88:19,10,9.926153846153849,325,5,52650,1.9842854010350741,7.27384764381239,313,True
88,20,88:20,10,9.999999859796718,329,1,53956,2.0108449983151826,7.469626503140965,313,True
88,21,88:21,11,,156,174,12090,2.103020821347675,8.190875750141583,313,False
88,22,88:22,18,17.84433590341706,323,7,52003,2.282055961343457,9.796801563588058,313,True
88,23,88:23,10,9.99777596084175,329,1,53956,1.9681728228147415,7.15758635450306,313,True
88,24,88:24,12,11.95126862514972,329,1,53956,1.954312573008002,7.059064763760843,313,True
89,1,89:1,9,,259,71,33411,1.9650416987258268,7.135210113125457,313,False
89,2,89:2,8,8.0,329,1,53956,1.9845800242276537,7.275991003753817,313,True
89,3,89:3,5,5.0,330,0,54285,1.535769215792556,4.644897084321902,313,True
89,4,89:4,8,7.999999804393845,330,0,54285,1.8726275037284492,6.505366838767939,313,True
89,5,89:5,9,8.99894889729771,324,6,52326,1.9320039494521357,6.9033303145943625,313,True
89,6,89:6,5,5.0,330,0,54285,1.5468501050735632,4.6966528952668485,313,True
89,7,89:7,6,6.0,330,0,54285,1.694583613550012,5.4443785277328836,313,True
89,8,89:8,7,,295,35,43365,1.7213798922907955,5.592239831255957,313,False
89,9,89:9,5,,272,58,36856,1.4646126311770962,4.325867209611688,313,False
89,10,89:10,9,9.0,314,16,49141,2.0261602031976182,7.584905873746211,313,True
89,11,89:11,5,,255,75,32385,1.4552884750760555,4.285719610585652,313,False
89,12,89:12,7,7.0,330,0,54285,1.7737632785516018,5.8929886424074445,313,True
89,13,89:13,6,5.960122699386497,326,4,52975,1.6170958989489876,5.038436919436327,313,True
89,14,89:14,7,,212,118,22366,1.8507630318730246,6.364674119474797,313,False
89,15,89:15,6,6.0,330,0,54285,1.6415048721881884,5.162933223690596,313,True
89,16,89:16,8,7.999999999999897,329,1,53956,1.7478967680882027,5.742512131084758,313,True
89,17,89:17,8,7.999999999999782,330,0,54285,1.8521454094901062,6.373478586664677,313,True
89,18,89:18,10,9.896969501363543,330,0,54285,1.9896794664106774,7.31318926378026,313,True
89,19,89:19,10,9.997375227208167,330,0,54285,1.8877119827409412,6.604240764323634,313,True
89,20,89:20,8,7.948484848484637,330,0,54285,1.7934407657642677,6.010096264246021,313,True
89,21,89:21,7,6.957184404156132,327,3,53301,1.594214529466421,4.92445953475593,313,True
89,22,89:22,7,6.999999838773484,321,9,51360,1.6688558803019877,5.306093516879746,313,True
89,23,89:23,6,6.0,328,2,53628,1.6633695312479742,5.277062146668532,313,True
89,24,89:24,7,7.0,330,0,54285,1.7316932771556723,5.650213189806887,313,True
89,25,89:25,5,5.0,330,0,54285,1.5542525390242117,4.731548555176855,313,True
89,26,89:26,7,7.0,329,1,53956,1.7255625887175732,5.615679459066665,313,True
90,1,90:1,6,6.0,330,0,54285,1.7361999248162439,5.675734173707675,313,True
90,2,90:2,7,7.0,330,0,54285,1.801085810175144,6.056219800694921,313,True
90,3,90:3,7,,280,50,39060,1.6448694663658379,5.180333655034492,313,False
90,4,90:4,7,7.0,329,1,53956,1.8745748521011159,6.518047397020021,313,True
90,5,90:5,7,6.999999999999788,330,0,54285,1.8186349076241493,6.163439040911733,313,True
90,6,90:6,7,6.948484848484849,330,0,54285,1.571662855856677,4.814647605966631,313,True
90,7,90:7,5,5.0,330,0,54285,1.5656978260775198,4.7860135759453994,313,True
90,8,90:8,7,7.0,330,0,54285,1.6510692201060544,5.212550212156009,313,True
90,9,90:9,5,5.0,330,0,54285,1.5848998179819165,4.8788025857401465,313,True
90,10,90:10,7,7.0,330,0,54285,1.766183086830287,5.848487535231925,313,True
90,11,90:11,7,6.945979552362531,330,0,54285,1.6296146686901478,5.101908414669663,313,True
90,12,90:12,7,6.997494703877682,330,0,54285,1.74936985224528,5.750977568346823,313,True
90,13,90:13,7,6.999995094799492,330,0,54285,1.780328775154237,5.931806328573185,313,True
90,14,90:14,7,6.9999999999848175,330,0,54285,1.5374457277823315,4.652690841313073,313,True
90,15,90:15,7,6.896969696969698,330,0,54285,1.5623265739766001,4.769905884422688,313,True
90,16,90:16,7,7.0,330,0,54285,1.8523434736297453,6.374741069239588,313,True
90,17,90:17,7,7.0,327,3,53301,1.811815999190464,6.121554081601706,313,True
90,18,90:18,7,6.997489798677174,330,0,54285,1.4388098760109687,4.215675653555356,313,True
90,19,90:19,7,6.997494703877682,330,0,54285,1.7012251888217205,5.480658120998025,313,True
90,20,90:20,7,6.954268292682928,328,2,53628,1.633994093942037,5.124300838397293,313,True
90,21,90:21,7,6.999995094799492,330,0,54285,1.655853190962751,5.237546643887365,313,True
90,22,90:22,7,7.0,330,0,54285,1.731530225256544,5.64929198691979,313,True
90,23,90:23,7,7.0,330,0,54285,1.7644866666619814,5.8385744537760855,313,True
90,24,90:24,7,7.0,327,3,53301,1.8026544344516706,6.0657271889087765,313,True
90,25,90:25,7,,299,31,44551,1.7106737138051544,5.5326876703524475,313,False
91,1,91:1,20,19.894115585388274,330,0,54285,2.535583104121968,12.623789686144823,313,True
91,2,91:2,10,,252,78,31626,1.8057788573388787,6.084708723494405,313,False
91,3,91:3,14,13.845454530764576,330,0,54285,2.1196727091299294,8.328411228614858,313,True
91,4,91:4,15,14.945978965544061,330,0,54285,2.2247691518855857,9.251346901393864,313,True
91,5,91:5,11,11.0,313,17,48828,2.0307563394944044,7.61984737137297,313,True
91,6,91:6,11,10.90051152791161,329,1,53956,1.7523888233714369,5.768365837707745,313,True
91,7,91:7,14,13.999995094784303,330,0,54285,2.3333356700453147,10.312282598131914,313,True
91,8,91:8,12,11.999995094309082,330,0,54285,2.1264919791724575,8.385399000471661,313,True
92,1,92:1,6,6.0,330,0,54285,1.5165548482964337,4.556500288619606,313,True
92,2,92:2,6,6.0,327,3,53301,1.6996748388403387,5.472167765993644,313,True
92,3,92:3,10,9.963038113130994,325,5,52650,1.8239461595215691,6.196261705773994,313,True
92,4,92:4,14,,221,109,24310,2.2528603230216553,9.514912674333482,313,False
92,5,92:5,9,8.99999999999508,320,10,51040,1.8591492605211295,6.418274168911084,313,True
92,6,92:6,7,6.999999999999989,330,0,54285,1.6428511219987236,5.169888502285568,313,True
92,7,92:7,13,,264,66,34716,2.319931726179566,10.174979597628434,313,False
92,8,92:8,12,,253,77,31878,2.1892010322829027,8.928077019009372,313,False
92,9,92:9,7,7.0,317,13,50086,1.4647419597182814,4.326426703885777,313,True
93,1,93:1,7,,294,36,43071,1.6222596098748345,5.064521239190727,313,False
93,2,93:2,9,,281,49,39340,1.5979189900648212,4.942735832082007,313,False
93,3,93:3,7,6.984276729559747,318,12,50403,1.5814037658181568,4.861775817980147,313,True
93,4,93:4,7,7.0,324,6,52326,1.8303522275641708,6.236082791984431,313,True
93,5,93:5,8,7.999996198179492,329,1,53956,1.812202163294035,6.123918462536229,313,True
93,6,93:6,6,6.0,322,8,51681,1.4804873226295336,4.395086984469842,313,True
94,1,94:1,6,5.999885428530992,330,0,54285,1.6321214080181083,5.1147136120809655,313,True
94,2,94:2,7,7.0,330,0,54285,1.8862578899034543,6.594644563705324,313,True
94,3,94:3,6,5.999999999999995,330,0,54285,1.6576865602407507,5.247157808711394,313,True
94,4,94:4,6,6.0,330,0,54285,1.7307185533000762,5.6447084754456105,313,True
94,5,94:5,5,5.0,330,0,54285,1.523214942395779,4.5869482900347425,313,True
94,6,94:6,7,7.0,330,0,54285,1.8354286954529566,6.267820555740825,313,True
94,7,94:7,7,7.0,330,0,54285,1.9272325230024314,6.870470039276452,313,True
94,8,94:8,7,7.0,330,0,54285,1.844084747170465,6.322310628840701,313,True
94,9,94:9,6,6.0,330,0,54285,1.7013568352249722,5.481379677421218,313,True
94,10,94:10,9,9.0,330,0,54285,2.095392589507096,8.128631559332986,313,True
94,11,94:11,7,7.0,330,0,54285,1.8904366764328848,6.6222598345500225,313,True
94,12,94:12,7,7.0,330,0,54285,1.912130396799393,6.767490892934505,313,True
94,13,94:13,7,7.0,330,0,54285,1.902237434683028,6.700870442054515,313,True
94,14,94:14,6,6.0,330,0,54285,1.648830066747504,5.200891570456389,313,True
94,15,94:15,6,6.0,330,0,54285,1.686813121912469,5.402236972257667,313,True
94,16,94:16,6,6.0,330,0,54285,1.73820561584982,5.68712936664695,313,True
94,17,94:17,6,6.0,330,0,54285,1.6686723487555288,5.305119770690243,313,True
94,18,94:18,6,5.997494703877682,330,0,54285,1.5923337710474146,4.915206520097013,313,True
94,19,94:19,6,6.0,330,0,54285,1.762288400570095,5.825753810285171,313,True
94,20,94:20,7,6.999999999999995,330,0,54285,1.8144507713706728,6.137704248658083,313,True
94,21,94:21,5,5.0,330,0,54285,1.5019198036446355,4.490301297596928,313,True
94,22,94:22,6,6.0,330,0,54285,1.7545538443166413,5.780867999403486,313,True
94,23,94:23,7,6.999999999992409,330,0,54285,1.766168836893109,5.848404195245758,313,True
94,24,94:24,8,7.999995094799492,330,0,54285,1.8567033011614364,6.402594514850107,313,True
94,25,94:25,6,5.997494703877682,330,0,54285,1.5845208719351456,4.8769541330413455,313,True
95,1,95:1,8,,238,92,28203,1.7425857340509623,5.712094300264535,313,False
95,2,95:2,10,9.999904781401904,329,1,53956,2.083191086240703,8.030052663177411,313,True
95,3,95:3,7,7.0,330,0,54285,1.7618179355703076,5.823013641647315,313,True
95,4,95:4,9,8.999999999992408,330,0,54285,2.0482440007002105,7.754272646688021,313,True
95,5,95:5,8,8.0,330,0,54285,1.935299988548458,6.926121500893262,313,True
95,6,95:6,8,7.896969696969698,330,0,54285,1.609147854397174,4.998549920129196,313,True
95,7,95:7,7,7.0,330,0,54285,1.8661443626572862,6.463328046786662,313,True
95,8,95:8,9,8.999999956743096,326,4,52975,1.959434123003321,7.095310855725996,313,True
95,9,95:9,9,8.94848484848485,330,0,54285,1.9887218682593215,7.306189519266845,313,True
95,10,95:10,8,7.999995094799492,330,0,54285,1.9062702952412587,6.727948682850785,313,True
95,11,95:11,7,6.999999999999788,330,0,54285,1.7881090005737048,5.978137117236592,313,True
95,12,95:12,10,9.999999992777619,330,0,54285,2.1697864953821457,8.756414306259233,313,True
95,13,95:13,11,10.997380132408674,330,0,54285,2.0267136871989537,7.58910515981059,313,True
95,14,95:14,9,8.99988542853078,330,0,54285,1.8676276471785398,6.472922114841547,313,True
95,15,95:15,9,8.94848484848485,330,0,54285,2.010920688242622,7.470191900026142,313,True
95,16,95:16,8,7.948484848484849,330,0,54285,1.8523965516299035,6.375079436726925,313,True
95,17,95:17,12,11.954268289652763,328,2,53628,2.2395928406252685,9.38950748305087,313,True
95,18,95:18,8,8.0,330,0,54285,1.979296028301623,7.237646093325133,313,True
95,19,95:19,7,7.0,330,0,54285,1.920617150799424,6.8251693284968225,313,True
95,20,95:20,10,9.948484841262255,330,0,54285,1.9485914228859644,7.018794101621391,313,True
95,21,95:21,8,8.0,330,0,54285,1.9721129689005361,7.18584392327836,313,True
95,22,95:22,8,8.0,330,0,54285,2.018512709949853,7.527121591368251,313,True
95,23,95:23,11,10.90051152791161,329,1,53956,1.9205599260104704,6.824778770797324,313,True
95,24,95:24,10,9.952310360174874,328,2,53628,2.0433116874050836,7.716120311600082,313,True
95,25,95:25,10,9.998042067574483,328,2,53628,1.8796186493828755,6.551006155539567,313,True
95,26,95:26,13,12.82868099896674,328,2,53628,1.9349587419718541,6.9237583888668155,313,True
96,1,96:1,6,5.963076923076925,325,5,52650,1.3219256469896061,3.7506368303449222,313,True
96,2,96:2,5,5.0,330,0,54285,1.4617804827426955,4.313633044230311,313,True
96,3,96:3,7,6.9630769230658025,325,5,52650,1.6516658823932768,5.2156612723216975,313,True
96,4,96:4,6,5.999999999754795,330,0,54285,1.5981048210814839,4.943654431056225,313,True
96,5,96:5,6,6.0,330,0,54285,1.6275652416104707,5.091463132484669,313,True
96,6,96:6,6,6.0,330,0,54285,1.5315004915893535,4.625111559235897,313,True
96,7,96:7,6,5.999999999754795,330,0,54285,1.6080837345673096,4.993233693091577,313,True
96,8,96:8,6,6.0,330,0,54285,1.6266155557117992,5.086630137021203,313,True
96,9,96:9,6,6.0,330,0,54285,1.678811389065695,5.359182201342703,313,True
96,10,96:10,6,5.999995094799492,330,0,54285,1.6012933037827723,4.959442344058999,313,True
96,11,96:11,6,6.0,330,0,54285,1.653796172367219,5.2267839863343095,313,True
96,12,96:12,6,6.0,329,1,53956,1.591709346148407,4.912138300798056,313,True
96,13,96:13,6,5.999999999992409,330,0,54285,1.653384223305447,5.224631261012086,313,True
96,14,96:14,6,6.0,330,0,54285,1.6311986638769143,5.109996216870649,313,True
96,15,96:15,6,6.0,330,0,54285,1.673310113027309,5.329780807455326,313,True
96,16,96:16,6,6.0,330,0,54285,1.5502500467837903,4.712648417857652,313,True
96,17,96:17,6,6.0,330,0,54285,1.6524986114092126,5.220006313670371,313,True
96,18,96:18,6,5.999999999999788,330,0,54285,1.6540742476803596,5.228237628029596,313,True
96,19,96:19,6,6.0,330,0,54285,1.6212594769309052,5.059458576743932,313,True
96,20,96:20,6,6.0,330,0,54285,1.6239759284962392,5.073221034977187,313,True
96,21,96:21,6,6.0,330,0,54285,1.6374679060452089,5.142132650921174,313,True
96,22,96:22,6,6.0,330,0,54285,1.5394790042188748,4.662160672096607,313,True
96,23,96:23,6,5.999999999992409,330,0,54285,1.6052864992208664,4.979285959952811,313,True
96,24,96:24,5,5.0,330,0,54285,1.5462760664549797,4.693957608800155,313,True
96,25,96:25,6,6.0,330,0,54285,1.5609914840087151,4.763541880133082,313,True
97,1,97:1,4,,330,0,54285,1.3311459852005827,3.7853788910706423,313,True
97,2,97:2,4,,330,0,54285,1.0847792928736537,2.9587867213557772,313,True
97,3,97:3,7,6.999885428523401,330,0,54285,1.7097093407666617,5.52735466744818,313,True
97,4,97:4,6,5.999995094799487,330,0,54285,1.4254800921709185,4.159854476999991,313,True
97,5,97:5,7,6.948484841262468,330,0,54285,1.6600283646157863,5.2594600248940155,313,True
97,6,97:6,5,,330,0,54285,1.388622673884256,4.009324101557604,313,True
97,7,97:7,4,,330,0,54285,1.0655503337072376,2.902435852896901,313,True
97,8,97:8,8,7.98738170347003,330,0,54285,1.8707063831705875,6.492881241806104,313,True
97,9,97:9,5,5.0,330,0,54285,1.4932945836132816,4.451738008399477,313,True
97,10,97:10,4,4.0,330,0,54285,1.3576088396175534,3.8868880083877784,313,True
97,11,97:11,5,4.998042067576639,330,0,54285,1.1940742076652409,3.300500777329074,313,True
97,12,97:12,4,4.0,330,0,54285,1.2527012960876485,3.499784153228945,313,True
97,13,97:13,5,,329,1,53956,1.1410827130051813,3.130155591325334,313,True
97,14,97:14,6,,330,0,54285,1.6793840920806054,5.362252300190385,313,True
97,15,97:15,3,,330,0,54285,1.0273944165490787,2.7937769239715697,313,True
97,16,97:16,4,4.0,330,0,54285,1.3527994128483667,3.8682391861703023,313,True
97,17,97:17,5,4.948484848484849,330,0,54285,1.3400473257290946,3.8192242486615413,313,True
97,18,97:18,5,,330,0,54285,1.3741259744710703,3.9516213951381816,313,True
97,19,97:19,6,,330,0,54285,1.593377916643488,4.920341391649002,313,True
97,20,97:20,5,5.0,329,1,53956,1.546202590992509,4.693612730764223,313,True
97,21,97:21,6,,330,0,54285,1.128885176422573,3.092207312245972,313,True
97,22,97:22,6,,330,0,54285,1.661740932246257,5.268474922994436,313,True
97,23,97:23,4,,330,0,54285,1.166496788944154,3.210725066160824,313,True
97,24,97:24,8,7.89446440084738,330,0,54285,1.6302666311322103,5.105235751870454,313,True
97,25,97:25,9,8.980952380952385,330,0,54285,1.409847602504363,4.095331238287214,313,True
98,1,98:1,9,8.999885232924836,330,0,54285,1.8726182998711767,6.5053069645755865,313,True
98,2,98:2,10,9.999885428530774,330,0,54285,2.016730529033735,7.5137188455212,313,True
98,3,98:3,10,9.999999804386253,330,0,54285,2.0797739578095076,8.002659771088286,313,True
98,4,98:4,10,9.89446440084738,330,0,54285,1.7540026105255888,5.777682267742739,313,True
98,5,98:5,8,7.994989407755364,330,0,54285,1.7307951186720623,5.645140681195572,313,True
98,6,98:6,10,9.999999999999789,330,0,54285,2.119049716410636,8.323224304931758,313,True
98,7,98:7,8,8.0,330,0,54285,1.8618637979719912,6.435720483136089,313,True
98,8,98:8,11,10.94848484848485,330,0,54285,2.187344278723046,8.911515160624537,313,True
98,9,98:9,9,8.94847994328434,330,0,54285,1.8894148705216225,6.615496626236729,313,True
98,10,98:10,13,12.945750409424303,330,0,54285,2.068565367228541,7.913462058319348,313,True
98,11,98:11,6,5.948479943284341,330,0,54285,1.3596614999670602,3.8948746634263736,313,True
98,12,98:12,7,7.0,330,0,54285,1.7677040916937206,5.857389881756658,313,True
98,13,98:13,8,8.0,330,0,54285,1.9131248102763563,6.774223924237365,313,True
98,14,98:14,8,8.0,330,0,54285,1.8866750069489961,6.597395876131899,313,True
98,15,98:15,8,8.0,330,0,54285,1.9453347671691434,6.995973485299709,313,True
98,16,98:16,7,6.951367781155005,329,1,53956,1.7023946585235137,5.487071333914593,313,True
98,17,98:17,8,7.999885428530992,330,0,54285,1.865962791914955,6.462154602050117,313,True
98,18,98:18,9,8.99999999999588,329,1,53956,1.8481803041878502,6.348257108878984,313,True
98,19,98:19,9,8.999995087576899,330,0,54285,1.7438216079174795,5.719158092412277,313,True
98,20,98:20,9,8.999880523322892,330,0,54285,1.692136388614606,5.431071198497356,313,True
98,21,98:21,9,8.94848484848485,330,0,54285,1.868191120707576,6.476570462886017,313,True
98,22,98:22,8,7.948484848484849,330,0,54285,1.836047932522557,6.271703024534779,313,True
98,23,98:23,9,8.94848484848485,330,0,54285,1.9394156767773738,6.9546859985891,313,True
98,24,98:24,8,7.997494696655301,330,0,54285,1.8330508395937135,6.252934287621765,313,True
98,25,98:25,9,8.94848484848485,330,0,54285,1.975330671639486,7.209003072599328,313,True
99,1,99:1,4,,305,25,46360,0.9443948640528289,2.571256947701215,313,False
99,2,99:2,4,,329,1,53956,1.2379124511378186,3.448407227109759,313,True
99,3,99:3,5,5.0,328,2,53628,1.2666778674662476,3.549042566258166,313,True
99,4,99:4,5,,330,0,54285,1.3703218272090696,3.9366174022209224,313,True
99,5,99:5,5,,329,1,53956,1.404224383191052,4.072366919785416,313,True
99,6,99:6,5,,330,0,54285,1.5150390861307892,4.5495989495900035,313,True
99,7,99:7,6,,316,14,49770,1.4626956754132847,4.3175826566284865,313,True
99,8,99:8,4,,330,0,54285,1.1588560261642147,3.186286162409476,313,True
99,9,99:9,5,5.0,330,0,54285,1.4620303686282377,4.31471109493269,313,True
99,10,99:10,5,,329,1,53956,1.4134775950260643,4.110224274507539,313,True
99,11,99:11,5,4.993650793650795,330,0,54285,1.1924163868496345,3.2950336714316073,313,True
99,12,99:12,5,,160,170,12720,1.4776243447419088,4.3825219429197695,313,False
99,13,99:13,4,4.0,330,0,54285,1.2283875111311104,3.415717287159049,313,True
99,14,99:14,5,,330,0,54285,1.3431579548970825,3.8311229356155447,313,True
99,15,99:15,4,,326,4,52975,1.2207511873598282,3.3897331021368315,313,True
99,16,99:16,3,,330,0,54285,0.8169321217610638,2.2635448944035925,313,True
99,17,99:17,5,5.0,325,5,52650,1.3765242634680503,3.961109898789335,313,True
99,18,99:18,4,,330,0,54285,1.1838833731831735,3.2670367231297672,313,True
99,19,99:19,6,,281,49,39340,1.4608587909226467,4.309659035625696,313,False
99,20,99:20,4,,330,0,54285,1.313020094564889,3.717383626274809,313,True
99,21,99:21,5,,330,0,54285,1.3069096218135379,3.694737913387763,313,True
99,22,99:22,4,4.0,319,11,50721,1.177105122021015,3.244966809871537,313,True
99,23,99:23,4,,330,0,54285,1.1361598451018122,3.114784115747609,313,True
99,24,99:24,5,5.0,330,0,54285,1.4504694723898919,4.265116399606604,313,True
99,25,99:25,4,,330,0,54285,1.2867694225649453,3.6210694941074544,313,True
100,1,100:1,6,6.0,330,0,54285,1.7617231038950276,5.822461461690988,313,True
100,2,100:2,6,5.999885428530992,330,0,54285,1.3694810057003908,3.9333088008042396,313,True
100,3,100:3,6,5.948484848484849,330,0,54285,1.4706878099157141,4.352227617127917,313,True
100,4,100:4,4,4.0,330,0,54285,1.2517386471061203,3.496416710670894,313,True
100,5,100:5,6,6.0,330,0,54285,1.753575000813848,5.775212202843206,313,True
100,6,100:6,6,6.0,330,0,54285,1.6303164080729187,5.105489881212616,313,True
100,7,100:7,6,6.0,330,0,54285,1.7108392581254692,5.5336036511879705,313,True
100,8,100:8,6,6.0,330,0,54285,1.7755248335738154,5.903378614713534,313,True
100,9,100:9,6,6.0,330,0,54285,1.7146461077529207,5.554709395895266,313,True
100,10,100:10,3,3.0,330,0,54285,1.0626895239159426,2.894144401777531,313,True
100,11,100:11,6,5.999999797171464,330,0,54285,1.3849103669653473,3.9944678524947728,313,True
100,12,100:12,5,5.0,330,0,54285,1.4792873510765747,4.389816168162981,313,True
100,13,100:13,6,5.948484848484849,330,0,54285,1.3877587938460987,4.00586202212573,313,True
100,14,100:14,6,5.9999998598008375,329,1,53956,1.4996808030925928,4.48025875733474,313,True
100,15,100:15,6,6.0,330,0,54285,1.7180101609425285,5.573427199947867,313,True
100,16,100:16,6,5.948484848484849,330,0,54285,1.5314232998471455,4.624754552595893,313,True
100,17,100:17,6,5.997494703877682,330,0,54285,1.5585951793970632,4.752140648625493,313,True
100,18,100:18,5,5.0,330,0,54285,1.4877667441802604,4.427197406235927,313,True
100,19,100:19,6,5.994989212149209,330,0,54285,1.0592922421060267,2.8843288601671095,313,True
100,20,100:20,6,6.0,330,0,54285,1.627675719704132,5.092025658698333,313,True
100,21,100:21,6,5.999999992777619,330,0,54285,1.4895889002374865,4.435271804979438,313,True
100,22,100:22,6,6.0,330,0,54285,1.7867081672400127,5.969768606302405,313,True
100,23,100:23,6,5.999885428530992,330,0,54285,1.5550285252202092,4.735221596471724,313,True
100,24,100:24,6,6.0,330,0,54285,1.6821107078079194,5.376893052428093,313,True
100,25,100:25,5,4.999995094799492,330,0,54285,1.3216807782380702,3.7497185290230486,313,True
101,1,101:1,8,7.99749470387747,330,0,54285,1.6670923410743788,5.296744259131831,313,True
101,2,101:2,6,5.948484848484849,330,0,54285,1.4968366814623573,4.467534459796147,313,True
101,3,101:3,7,6.948370277015841,330,0,54285,1.570756211548446,4.810284411350207,313,True
101,4,101:4,6,6.0,329,1,53956,1.6319011953803493,5.113587411511417,313,True
101,5,101:5,8,8.0,330,0,54285,2.0574182964763894,7.825739967377724,313,True
101,6,101:6,8,7.999904781401903,329,1,53956,1.8799482758220016,6.553165896305585,313,True
101,7,101:7,8,7.948484848484637,330,0,54285,1.8526898118550268,6.376949268117905,313,True
101,8,101:8,8,8.0,330,0,54285,1.9840846509633054,7.272387564936233,313,True
101,9,101:9,8,8.0,330,0,54285,1.993405133379983,7.34048659025916,313,True
101,10,101:10,8,7.997494703877682,330,0,54285,1.9539424527685623,7.056452544467695,313,True
101,11,101:11,8,7.948479943284341,330,0,54285,1.6242989683634266,5.074860152362415,313,True
101,12,101:12,6,6.0,330,0,54285,1.719534158561943,5.581927565355667,313,True
101,13,101:13,6,5.997494703877682,330,0,54285,1.55009429247112,4.71191445970253,313,True
101,14,101:14,7,7.0,330,0,54285,1.8837691485019892,6.578252604885721,313,True
101,15,101:15,6,5.999999999999788,330,0,54285,1.6548908078138351,5.232508541936687,313,True
101,16,101:16,7,6.948484848484849,330,0,54285,1.7236867464265333,5.605155204051791,313,True
101,17,101:17,7,6.999999999754795,330,0,54285,1.8344696206137374,6.261812128475338,313,True
101,18,101:18,7,6.999999992777619,330,0,54285,1.8077608848963915,6.096780743449913,313,True
101,19,101:19,6,6.0,330,0,54285,1.7532014957736757,5.773055534765651,313,True
101,20,101:20,6,6.0,330,0,54285,1.6741825480168195,5.3344327236703455,313,True
101,21,101:21,7,6.997494703877682,330,0,54285,1.747692905976909,5.741341569758191,313,True
101,22,101:22,8,7.948484848484849,330,0,54285,1.9037235028248252,6.710835794903502,313,True
101,23,101:23,7,7.0,330,0,54285,1.868190467560259,6.476566232732777,313,True
101,24,101:24,8,7.999999999754795,330,0,54285,1.8902452124877467,6.620992031929489,313,True
101,25,101:25,8,7.999999999992409,330,0,54285,1.9481847211162198,7.015940126036588,313,True
102,1,102:1,6,5.999995094799492,330,0,54285,1.5403045080172308,4.666010892407067,313,True
102,2,102:2,7,6.949143746756606,329,1,53956,1.463369738673176,4.320493961560478,313,True
102,3,102:3,8,7.997484893476666,330,0,54285,1.6186827311203116,5.046438420073584,313,True
102,4,102:4,5,5.0,329,1,53956,1.547453947094393,4.699489788073605,313,True
102,5,102:5,4,3.999999992777619,330,0,54285,1.1516580153009872,3.1634335852170508,313,True
102,6,102:6,5,5.0,330,0,54285,1.4514732121117864,4.269399615612804,313,True
102,7,102:7,5,5.0,330,0,54285,1.6059770523554193,4.982725608973811,313,True
102,8,102:8,5,5.0,329,1,53956,1.4927637795515936,4.449375634817262,313,True
102,9,102:9,4,4.0,330,0,54285,1.322705859524788,3.753564266077398,313,True
102,10,102:10,6,5.999904781401901,329,1,53956,1.3523719625954065,3.8665860596914996,313,True
102,11,102:11,7,6.948484848484849,330,0,54285,1.7486425450037355,5.746796361410758,313,True
102,12,102:12,5,4.999885428530992,330,0,54285,1.3066841254802009,3.6939048574647106,313,True
102,13,102:13,4,4.0,330,0,54285,1.3556075298091856,3.8791169200639635,313,True
102,14,102:14,5,5.0,330,0,54285,1.4635658280626898,4.321341247652989,313,True
102,15,102:15,5,5.0,329,1,53956,1.4863866141628879,4.4210915126354555,313,True
102,16,102:16,6,5.999999999992409,330,0,54285,1.6484565580351227,5.198949354882472,313,True
102,17,102:17,6,5.999999859796719,329,1,53956,1.52178133599567,4.580377122968198,313,True
102,18,102:18,9,8.999995094799491,330,0,54285,1.9240368236983068,6.8485491279290915,313,True
102,19,102:19,7,6.90273556231001,329,1,53956,1.5036056623600518,4.497877695748335,313,True
102,20,102:20,4,4.0,330,0,54285,1.3770845393615012,3.963329835007239,313,True
102,21,102:21,5,5.0,330,0,54285,1.5654800833387623,4.784971569690407,313,True
102,22,102:22,5,5.0,328,2,53628,1.4645809676647157,4.325730239630227,313,True
102,23,102:23,5,5.0,330,0,54285,1.5222295759180031,4.582430691065272,313,True
102,24,102:24,3,3.0,330,0,54285,1.0833214034717993,2.954476280388932,313,True
102,25,102:25,6,5.999999992777619,330,0,54285,1.6271638308366383,5.089419774469118,313,True
103,1,103:1,9,8.948484652878694,330,0,54285,1.85978394391317,6.422349033919439,313,True
103,2,103:2,8,8.0,330,0,54285,1.9784750960861732,7.231706914648202,313,True
103,3,103:3,12,11.95136764095584,329,1,53956,2.230967436219484,9.308867460194032,313,True
103,4,103:4,8,7.999999804393845,330,0,54285,1.8895580468493478,6.616443876560047,313,True
103,5,103:5,12,11.943469351039703,330,0,54285,2.043737586594833,7.719407300902154,313,True
103,6,103:6,8,7.999999999992409,330,0,54285,1.9440323721839172,6.986867895340129,313,True
103,7,103:7,25,24.587639631703418,330,0,54285,2.6153048143117816,13.671382976035094,313,True
103,8,103:8,8,7.896969696969693,330,0,54285,1.6835858365240537,5.384830514723265,313,True
103,9,103:9,9,8.94847994328434,330,0,54285,1.9364373929708905,6.934003783940712,313,True
103,10,103:10,8,7.999999999754795,330,0,54285,1.9074836743962298,6.736117190284395,313,True
103,11,103:11,10,9.999999999999995,330,0,54285,2.1849877941310116,8.890540035942182,313,True
103,12,103:12,18,17.655126399288235,329,1,53956,2.2143031195952525,9.155026929186272,313,True
103,13,103:13,11,10.948484848239639,330,0,54285,2.204420101504029,9.06499326740175,313,True
103,14,103:14,13,12.8919589086285,330,0,54285,1.966456231122248,7.145310240780519,313,True
103,15,103:15,9,8.999995094799491,330,0,54285,2.0536391221111248,7.796220945402291,313,True
103,16,103:16,16,15.943469351039706,330,0,54285,2.4180055425190514,11.223452279009416,313,True
103,17,103:17,8,7.999999804393839,330,0,54285,1.8254887568897127,6.205827418898708,313,True
103,18,103:18,8,7.999996202939339,329,1,53956,1.8469588286855798,6.340507602218168,313,True
103,19,103:19,8,7.948484848484849,330,0,54285,1.890840560901543,6.624935002637673,313,True
103,20,103:20,6,5.948484848484849,330,0,54285,1.607875793173906,4.992195501065135,313,True
103,21,103:21,6,5.999999999999788,330,0,54285,1.6591248676266581,5.254710264617243,313,True
103,22,103:22,6,5.8454545454545475,330,0,54285,1.1377216120280735,3.119652483200121,313,True
103,23,103:23,3,3.0,330,0,54285,1.0739041803057847,2.9267839151651867,313,True
104,1,104:1,3,3.0,330,0,54285,1.05923515365689,2.884164203005738,313,True
104,2,104:2,3,3.0,330,0,54285,1.0735944040086953,2.9258774072961407,313,True
104,3,104:3,3,3.0,330,0,54285,1.0852247882614507,2.9601051408467125,313,True
104,4,104:4,3,3.0,330,0,54285,1.0705691753451863,2.91703933443386,313,True
104,5,104:5,3,3.0,330,0,54285,1.055358008510888,2.8730035295221303,313,True
104,6,104:6,4,4.0,330,0,54285,1.2208808166352045,3.3901725392639235,313,True
104,7,104:7,3,3.0,330,0,54285,1.0337588149456982,2.811614335333646,313,True
104,8,104:8,3,3.0,330,0,54285,1.0775661945198776,2.9375214880367935,313,True
104,9,104:9,3,3.0,330,0,54285,1.0087227085122064,2.7420963209459943,313,True
104,10,104:10,3,3.0,330,0,54285,1.0675397054890288,2.908215624031745,313,True
104,11,104:11,3,3.0,330,0,54285,1.0722229884849757,2.9218675638085467,313,True
104,12,104:12,3,3.0,330,0,54285,1.0683908590462339,2.910692015850608,313,True
104,13,104:13,3,3.0,330,0,54285,1.0155848041275202,2.7609775564178274,313,True
104,14,104:14,3,3.0,330,0,54285,1.0022858835770665,2.724502611532721,313,True
104,15,104:15,4,3.948484848484849,330,0,54285,1.0798069082507633,2.9441110126318737,313,True
104,16,104:16,3,3.0,330,0,54285,1.0121115074774742,2.75140449698185,313,True
104,17,104:17,3,3.0,330,0,54285,1.0133221141088742,2.754737382511174,313,True
104,18,104:18,3,3.0,330,0,54285,1.100276759820332,3.0049975714596306,313,True
104,19,104:19,3,3.0,330,0,54285,1.0798052997195295,2.944106276941163,313,True
104,20,104:20,4,3.9998854285309915,330,0,54285,1.1015735256193302,3.0088968772331324,313,True
104,21,104:21,4,3.997494703877682,330,0,54285,1.1276489200327307,3.0883869131804387,313,True
104,22,104:22,3,3.0,330,0,54285,1.045764399795057,2.8455728478211157,313,True
104,23,104:23,4,3.951367781155005,329,1,53956,1.0742163706616792,2.927697771518436,313,True
104,24,104:24,3,3.0,330,0,54285,1.0548545649930445,2.8715574985464536,313,True
104,25,104:25,3,3.0,330,0,54285,1.0926753042928765,2.982241814071855,313,True
105,1,105:1,3,3.0,330,0,54285,1.0829416602367816,2.9533545510064867,313,True
105,2,105:2,3,3.0,330,0,54285,1.0033078279162941,2.727288324733263,313,True
105,3,105:3,3,3.0,330,0,54285,1.081024102377979,2.9476967490922936,313,True
105,4,105:4,3,3.0,330,0,54285,1.0065594070421078,2.736170751651033,313,True
105,5,105:5,3,3.0,330,0,54285,0.9911599817653957,2.694358066569513,313,True
105,6,105:6,3,3.0,329,1,53956,1.01213227967888,2.7514616503038085,313,True
105,7,105:7,3,3.0,330,0,54285,1.0376328751755195,2.8225278247199115,313,True
105,8,105:8,3,3.0,330,0,54285,0.9682067067292208,2.6332180904559013,313,True
105,9,105:9,3,3.0,328,2,53628,1.0310542087852648,2.8040202999481125,313,True
105,10,105:10,3,3.0,330,0,54285,1.0698167353676775,2.9148452629797217,313,True
105,11,105:11,3,3.0,329,1,53956,1.0397975469612861,2.8286442887467986,313,True
105,12,105:12,3,3.0,326,4,52975,0.9917624329184949,2.6959817747469015,313,True
105,13,105:13,3,3.0,330,0,54285,1.0061089301547195,2.734938447550563,313,True
105,14,105:14,3,3.0,330,0,54285,1.025272389888133,2.7878547405919765,313,True
105,15,105:15,3,3.0,329,1,53956,1.0188673379736999,2.770055449790223,313,True
105,16,105:16,3,3.0,330,0,54285,1.0281497464689275,2.79588794442972,313,True
105,17,105:17,3,3.0,329,1,53956,1.0374576697001587,2.8220333457096425,313,True
105,18,105:18,3,3.0,329,1,53956,1.0340169467143918,2.8123401959947274,313,True
105,19,105:19,3,3.0,329,1,53956,1.0610717316943474,2.8894660627867426,313,True
105,20,105:20,3,3.0,328,2,53628,1.0330657002846082,2.809666239421404,313,True
105,21,105:21,3,3.0,328,2,53628,0.9948563545523273,2.7043358478439425,313,True
105,22,105:22,3,3.0,330,0,54285,1.0083346408864333,2.741032408585408,313,True
105,23,105:23,3,3.0,330,0,54285,1.0131637555061137,2.7543011806873747,313,True
105,24,105:24,3,3.0,330,0,54285,1.014844148222328,2.7589333791959767,313,True
105,25,105:25,3,3.0,330,0,54285,1.019867937840572,2.772828554057022,313,True
105,26,105:26,3,3.0,330,0,54285,1.019867937840572,2.772828554057022,313,True
105,27,105:27,3,3.0,330,0,54285,1.014844148222328,2.7589333791959767,313,True
106,1,106:1,12,11.999904776641953,329,1,53956,2.2061712112203726,9.080880971687742,313,True
106,2,106:2,10,9.94848484848485,330,0,54285,2.047178901592008,7.7460179746095745,313,True
106,3,106:3,12,11.999995094554077,330,0,54285,2.2407536686004574,9.400413414741077,313,True
106,4,106:4,10,10.0,330,0,54285,2.161782671722728,8.686609236646262,313,True
106,5,106:5,10,9.999999999754795,330,0,54285,2.173497497658517,8.788969748982101,313,True
106,6,106:6,10,9.997775960841754,329,1,53956,2.015370511522709,7.503507002035371,313,True
106,7,106:7,12,11.997494508271528,330,0,54285,2.169236334920225,8.75159819825731,313,True
106,8,106:8,11,10.948484848477257,330,0,54285,2.1519734814255225,8.60181718418703,313,True
106,9,106:9,12,11.99988542130861,330,0,54285,2.289416043890625,9.869172834357144,313,True
106,10,106:10,12,11.948479943284337,330,0,54285,2.114873712066736,8.288538957566242,313,True
106,11,106:11,12,11.999995094799282,330,0,54285,2.235103656893212,9.347450729682441,313,True
106,12,106:12,11,10.999995094799491,330,0,54285,2.2104799509979145,9.12009254030397,313,True
106,13,106:13,11,10.948484457272539,330,0,54285,2.1011129637437698,8.175263623152201,313,True
106,14,106:14,12,11.999999985554815,330,0,54285,2.1292475821014953,8.408537696405979,313,True
106,15,106:15,10,9.94837026979346,330,0,54285,1.9453255481467258,6.995908989560609,313,True
106,16,106:16,11,10.997494703877472,330,0,54285,2.1169249159919263,8.305557889893318,313,True
106,17,106:17,11,10.99999980439384,330,0,54285,2.2031056582990196,9.053085676238561,313,True
106,18,106:18,12,11.948370277015629,330,0,54285,2.1805412008327547,8.851095182802867,313,True
106,19,106:19,12,11.896969696969698,330,0,54285,2.1899469189127942,8.93473883645992,313,True
106,20,106:20,12,11.997380132408674,330,0,54285,2.209924524120392,9.115028402290964,313,True
106,21,106:21,12,11.94848484848485,330,0,54285,2.353545377285636,10.522811003639447,313,True
106,22,106:22,12,11.999995094799282,330,0,54285,2.2921164590469316,9.895859714870292,313,True
106,23,106:23,12,11.994874836286357,330,0,54285,2.184785343695888,8.88874032442576,313,True
106,24,106:24,12,11.999999999999778,330,0,54285,2.3362546879136117,10.342428311832135,313,True
106,25,106:25,11,10.999999804393633,330,0,54285,2.220122163467505,9.208455734054791,313,True
107,1,107:1,7,6.999885428530992,330,0,54285,1.6905912241994374,5.422685780638204,313,True
107,2,107:2,7,6.9630769230658025,325,5,52650,1.6509571193559467,5.2119659141179895,313,True
107,3,107:3,6,6.0,329,1,53956,1.7207852906819168,5.588915664830347,313,True
107,4,107:4,6,5.948484848484849,330,0,54285,1.6145968668994028,5.025861423922674,313,True
107,5,107:5,5,5.0,330,0,54285,1.540352265887371,4.666233736470576,313,True
107,6,107:6,7,6.963076923076925,325,5,52650,1.6512461406245247,5.213472500825586,313,True
107,7,107:7,5,5.0,322,8,51681,1.5977641814990204,4.941970713461696,313,True
107,8,107:8,5,5.0,323,7,52003,1.561861472308176,4.767687909069618,313,True
107,9,107:9,7,6.948484848484849,330,0,54285,1.7610608677470467,5.818606893698831,313,True
107,10,107:10,5,5.0,330,0,54285,1.5455716705005245,4.6906523682858206,313,True
107,11,107:11,10,,205,125,20910,1.8718898398126493,6.500569833898161,313,False
107,12,107:12,5,5.0,329,1,53956,1.4945002465987443,4.457108541012813,313,True
107,13,107:13,5,,254,76,32131,1.6028111340595892,4.966975651499723,313,False
107,14,107:14,7,6.948484848484849,330,0,54285,1.7434545870402685,5.717059427142833,313,True
107,15,107:15,7,,155,175,11935,1.76020240292687,5.813613967810398,313,False
107,16,107:16,5,4.9999998598008375,329,1,53956,1.3806894102440304,3.977642910221378,313,True
107,17,107:17,6,6.0,319,11,50721,1.6056276674419936,4.980985023903084,313,True
107,18,107:18,7,6.997494696655301,330,0,54285,1.6718306144560784,5.321901234711342,313,True
107,19,107:19,6,5.997494703877682,330,0,54285,1.5550756095514906,4.735444556462983,313,True
107,20,107:20,8,7.954190215623101,328,2,53628,1.772532450841358,5.885739850612243,313,True
107,21,107:21,5,,312,18,48516,1.5617237280548169,4.767031232686071,313,False
107,22,107:22,5,5.0,330,0,54285,1.5720356042452903,4.816442592621906,313,True
107,23,107:23,6,6.0,329,1,53956,1.6404617735970188,5.157550583119111,313,True
107,24,107:24,8,7.951367781155005,329,1,53956,1.8660933260707433,6.462998189002926,313,True
107,25,107:25,6,6.0,327,3,53301,1.7412949732367762,5.704726109084031,313,True
108,1,108:1,7,6.999999267821883,324,6,52326,1.6397234434565777,5.153744013498208,313,True
108,2,108:2,6,6.0,330,0,54285,1.699240813453337,5.469793221604821,313,True
108,3,108:3,6,,285,45,40470,1.4656555124311115,4.330380928659348,313,False
108,4,108:4,5,5.0,330,0,54285,1.521458165283171,4.5788971183898015,313,True
108,5,108:5,7,7.0,329,1,53956,1.8247043313730473,6.200961318315553,313,True
108,6,108:6,6,6.0,326,4,52975,1.7278434753943912,5.628502806267627,313,True
108,7,108:7,6,6.0,330,0,54285,1.6800834489150096,5.366003739628827,313,True
108,8,108:8,7,6.951367781155005,329,1,53956,1.6768812452911928,5.348848185456815,313,True
108,9,108:9,6,6.0,327,3,53301,1.611556888833454,5.010606115082033,313,True
108,10,108:10,6,6.0,330,0,54285,1.562906235025035,4.772671614584167,313,True
108,11,108:11,7,6.998527607361963,326,4,52975,1.7652346232784801,5.842943087740382,313,True
108,12,108:12,7,7.0,329,1,53956,1.7843334280184917,5.955608782248781,313,True
108,13,108:13,7,6.948484848484849,330,0,54285,1.7389844711992528,5.691560543175849,313,True
108,14,108:14,7,7.0,330,0,54285,1.775594853965557,5.903791986068779,313,True
108,15,108:15,7,6.95865030674846,326,4,52975,1.5264923702254225,4.60200634437794,313,True
108,16,108:16,8,7.957186544342509,327,3,53301,1.863370920406287,6.4454272146361475,313,True
108,17,108:17,6,6.0,330,0,54285,1.6704708383133402,5.314669558223229,313,True
108,18,108:18,7,6.999997117154714,328,2,53628,1.7204341929436986,5.586953753612783,313,True
108,19,108:19,7,6.9999999999958815,329,1,53956,1.7871530156337871,5.972424839044755,313,True
108,20,108:20,7,6.963076923076925,325,5,52650,1.6739554438789146,5.333221389480134,313,True
108,21,108:21,8,7.96307692307675,325,5,52650,1.7262400832272056,5.619485340154234,313,True
108,22,108:22,8,7.972034451675884,322,8,51681,1.5976193982985845,4.941255250920069,313,True
108,23,108:23,7,6.999996202939339,329,1,53956,1.7102827621299594,5.530525079601175,313,True
108,24,108:24,6,5.999999999999998,329,1,53956,1.524003395862873,4.5905663114507345,313,True
108,25,108:25,7,7.0,330,0,54285,1.8167561065441906,6.151870036317685,313,True
109,1,109:1,5,5.0,330,0,54285,1.509517927282732,4.524549106808159,313,True
109,2,109:2,9,8.960122699386497,326,4,52975,1.9970607552944644,7.3673697412815695,313,True
109,3,109:3,8,7.999999804393845,330,0,54285,1.7733036681982193,5.890280786142084,313,True
109,4,109:4,8,8.0,330,0,54285,1.9474734070345767,7.01095136352783,313,True
109,5,109:5,12,11.894464400839789,330,0,54285,2.0864301535287844,8.056104713475024,313,True
109,6,109:6,9,8.908533702520572,328,2,53628,1.597791254645164,4.942104509968198,313,True
109,7,109:7,8,7.999885428530992,330,0,54285,1.8896171846668384,6.616835170180466,313,True
109,8,109:8,5,4.999999999852636,329,1,53956,1.3694181040819744,3.9330613970960657,313,True
109,9,109:9,5,5.0,330,0,54285,1.488626270928101,4.431004336669449,313,True
109,10,109:10,6,6.0,330,0,54285,1.5874978530370043,4.891494365590335,313,True
109,11,109:11,7,6.999999999992409,330,0,54285,1.8236333099820303,6.194323511349905,313,True
109,12,109:12,7,6.945979552362531,330,0,54285,1.4879024179351898,4.427798101480213,313,True
109,13,109:13,6,6.0,330,0,54285,1.6445749868973378,5.178808377725552,313,True
109,14,109:14,7,7.0,330,0,54285,1.8341308708860062,6.259691300556934,313,True
109,15,109:15,7,6.997494703877682,330,0,54285,1.5244274007699656,4.5925131467978275,313,True
109,16,109:16,6,5.999999999999897,329,1,53956,1.621227703386294,5.059297822365017,313,True
109,17,109:17,7,6.948484848484849,330,0,54285,1.616745387385529,5.036671198505188,313,True
109,18,109:18,7,6.948484848484849,330,0,54285,1.5769223775490406,4.840037059153099,313,True
109,19,109:19,10,,280,50,39060,1.661900992239838,5.269318262547453,313,False
109,20,109:20,8,8.0,329,1,53956,1.8978088402725466,6.671260618013507,313,True
109,21,109:21,7,6.9542682926829285,328,2,53628,1.5184331299985623,4.565066722306797,313,True
109,22,109:22,7,6.948484848484849,330,0,54285,1.500149503194801,4.482359147260257,313,True
109,23,109:23,11,10.908458508305984,328,2,53628,1.7110565863972493,5.534806390396081,313,True
109,24,109:24,10,9.994989407510156,330,0,54285,1.8462589073954971,6.336071298670205,313,True
109,25,109:25,13,12.840443953209908,330,0,54285,1.897723050720045,6.6706883180994945,313,True
110,1,110:1,8,8.0,330,0,54285,1.904275872528191,6.7145436812486325,313,True
110,2,110:2,8,8.0,330,0,54285,1.9470854720371253,7.008232097611799,313,True
110,3,110:3,7,7.0,330,0,54285,1.8356659366426864,6.269307717347501,313,True
110,4,110:4,7,7.0,330,0,54285,1.836020275987468,6.2715295733585545,313,True
110,5,110:5,9,8.9998854285234,330,0,54285,1.8976846705071073,6.670432300574439,313,True
110,6,110:6,9,8.94848484848485,330,0,54285,1.9242900409579815,6.850283518351541,313,True
110,7,110:7,6,6.0,328,2,53628,1.6609998205947316,5.26457184133153,313,True
110,8,110:8,6,6.0,330,0,54285,1.6545007673916918,5.230468050059146,313,True
110,9,110:9,9,8.999995094799491,330,0,54285,1.9505820547845782,7.032779852672619,313,True
110,10,110:10,7,7.0,330,0,54285,1.8546267951407873,6.38931328284361,313,True
110,11,110:11,8,7.999885428530992,330,0,54285,1.7118656434134403,5.539286176296234,313,True
110,12,110:12,8,8.0,330,0,54285,1.97340230498007,7.195114866507015,313,True
110,13,110:13,8,7.999999992777619,330,0,54285,1.8978227023094827,6.671353095915569,313,True
110,14,110:14,9,8.89446440084738,330,0,54285,1.7186769465685743,5.5771447203494535,313,True
110,15,110:15,9,8.948484652878694,330,0,54285,1.9340814489870937,6.917686887836124,313,True
110,16,110:16,8,7.999999999999788,330,0,54285,1.9327129791299382,6.908226716305019,313,True
110,17,110:17,8,8.0,330,0,54285,1.9212232990887361,6.829307647300281,313,True
110,18,110:18,8,7.999885428285787,330,0,54285,1.7470880481087987,5.737869924168131,313,True
110,19,110:19,7,6.999999999992409,330,0,54285,1.7571574957861664,5.795938976136776,313,True
110,20,110:20,8,8.0,330,0,54285,1.9997727949890405,7.387377459063628,313,True
110,21,110:21,7,7.0,330,0,54285,1.898342674443051,6.674822915645245,313,True
110,22,110:22,8,8.0,330,0,54285,1.9553599737621565,7.066462306937895,313,True
110,23,110:23,8,7.948484848484849,330,0,54285,1.8038653207174837,6.073076543372189,313,True
110,24,110:24,9,8.999770857061979,330,0,54285,1.8422901008662986,6.310974492656889,313,True
110,25,110:25,7,7.0,330,0,54285,1.8373261654819746,6.279724847839666,313,True
