language_id,speaker_id,group_id,speaker_K_raw,speaker_K_rarefied,H_physical_bin_observed_MillerMadow,H_physical_bin_full,H_label_MillerMadow,I_physical_label_MillerMadow,information_efficiency,effective_colour_categories,n_chips,n_observed_chips,n_missing_chips,n_rarefaction_eligible
1,1,1:1,6,6.0,2.9648905455799617,2.9361026667920824,1.7255082296915196,0.707514421012392,0.24097059990937097,5.615374204497386,330,330,0,True
1,2,1:2,7,7.0,2.9648905455799617,2.9361026667920824,1.7093214300776487,0.9631771643035957,0.32804614606884325,5.525210963300468,330,330,0,True
1,3,1:3,6,5.999999999999995,2.9648905455799617,2.9361026667920824,1.5349009785350443,0.6771922596072387,0.2306432493885247,4.640865961854577,330,330,0,True
1,4,1:4,6,5.999885428530992,2.9648905455799617,2.9361026667920824,1.5579903317010884,0.7965397109366276,0.2712915048733321,4.749267196391307,330,330,0,True
1,5,1:5,7,6.997494703877682,2.9648905455799617,2.9361026667920824,1.6428004132154361,0.783031969892417,0.26669093650868125,5.169626350176649,330,330,0,True
1,6,1:6,6,6.0,2.9648905455799617,2.9361026667920824,1.783915372017174,0.9977550894122627,0.33982295670280044,5.953119524616662,330,330,0,True
1,7,1:7,7,7.0,2.9648905455799617,2.9361026667920824,1.8811705083983996,0.8573750202752751,0.2920112535478956,6.561180285868899,330,330,0,True
1,8,1:8,7,7.0,2.9648905455799617,2.9361026667920824,1.901028767997839,0.8975928573669529,0.3057089479597939,6.69277621578564,330,330,0,True
1,9,1:9,7,7.0,2.9648905455799617,2.9361026667920824,1.920126735809155,0.8677044206057776,0.2955293186507716,6.821822983762881,330,330,0,True
1,10,1:10,7,6.997494703877682,2.9648905455799617,2.9361026667920824,1.6802193654160593,0.7856593861672061,0.26758580176816477,5.366733117647867,330,330,0,True
1,11,1:11,8,8.0,2.9648905455799617,2.9361026667920824,2.0069934778517897,0.9130945757934594,0.31098864018644323,7.4409124157536874,330,330,0,True
1,12,1:12,6,6.0,2.9648905455799617,2.9361026667920824,1.7204603954466247,0.9725264416968651,0.33123039350644534,5.587100147702797,330,330,0,True
1,13,1:13,8,7.999995094799492,2.9648905455799617,2.9361026667920824,1.9715509324758316,0.9066475076995629,0.30879284909003024,7.181806351988586,330,330,0,True
1,14,1:14,8,7.999999999999995,2.9648905455799617,2.9361026667920824,1.9285175242449704,0.9122728805022025,0.3107087810042183,6.879304276601107,330,330,0,True
1,15,1:15,6,6.0,2.9648905455799617,2.9361026667920824,1.6068333284504868,0.7324602304025367,0.24946683189481442,4.986994025011561,330,330,0,True
1,16,1:16,7,7.0,2.9648905455799617,2.9361026667920824,1.8754697939937182,0.6832165683039313,0.23269505389959605,6.523883281692911,330,330,0,True
1,17,1:17,7,6.948484848484844,2.9648905455799617,2.9361026667920824,1.5629644915442271,0.8964125088445026,0.30530693595394676,4.772949661918637,330,330,0,True
1,18,1:18,6,5.999999999754795,2.9648905455799617,2.9361026667920824,1.5401347883678356,0.679408805801662,0.2313981774159036,4.665219045872193,330,330,0,True
1,19,1:19,7,7.0,2.9648905455799617,2.9361026667920824,1.8574132949203894,0.7654522201868372,0.26070349270965804,6.407141931124318,330,330,0,True
1,20,1:20,5,5.0,2.9648905455799617,2.9361026667920824,1.5876866671198104,0.7866695620470692,0.2679298550913978,4.892418035810754,330,330,0,True
1,21,1:21,7,7.0,2.9648905455799617,2.9361026667920824,1.7765619655549907,0.8708353328582148,0.2965956683693453,5.909504373532935,330,330,0,True
1,22,1:22,7,7.0,2.9648905455799617,2.9361026667920824,1.8931079071103423,1.1165613802897911,0.380286899677701,6.639973065704706,330,330,0,True
1,23,1:23,6,6.0,2.9648905455799617,2.9361026667920824,1.6127654561316742,0.8501471224907494,0.2895495215838622,5.016665430584729,330,330,0,True
1,24,1:24,7,6.999999999992409,2.9648905455799617,2.9361026667920824,1.8305839063050122,0.7510455820575672,0.25579677119333916,6.23752772716738,330,330,0,True
1,25,1:25,6,5.999999999999788,2.9648905455799617,2.9361026667920824,1.620411156537957,0.8486400000682054,0.2890362144575175,5.055168354854651,330,330,0,True
2,1,2:1,7,7.0,2.9632984634719413,2.9361026667920824,1.8697545207612876,1.0816323232928409,0.36839049789584066,6.486703852702632,330,318,12,True
2,2,2:2,10,9.948479747678185,2.9648905455799617,2.9361026667920824,1.9831806681677178,1.3121431533876842,0.44689961568043574,7.265816422242143,330,330,0,True
2,3,2:3,9,8.94848484848485,2.9648905455799617,2.9361026667920824,2.036366790003328,1.2512109893364596,0.426146879497066,7.6627182980874045,330,330,0,True
2,4,2:4,8,7.948479943284341,2.9648905455799617,2.9361026667920824,1.8240418563984577,1.1321066033052984,0.38558140902552696,6.196854697040874,330,330,0,True
2,5,2:5,14,13.918773006111374,2.96465765036685,2.9361026667920824,2.38937579745216,1.245667877341871,0.4242589645895655,10.906683837980475,330,326,4,True
2,6,2:6,6,6.0,2.9648009463961706,2.9361026667920824,1.647316214743569,0.8762485068417591,0.2984393280086244,5.193024146890183,330,329,1,True
2,7,2:7,9,8.955416221084034,2.9624830872927657,2.9361026667920824,1.7090492747042683,0.7374407938567321,0.25116314977583626,5.523707452051359,330,327,3,True
2,8,2:8,14,13.938080495356001,2.962848722759831,2.9361026667920824,2.432005040352548,1.2778225330059287,0.43521043983180874,11.381679944613305,330,323,7,True
2,9,2:9,7,6.952232283199694,2.9668293576923745,2.9361026667920824,1.2231873355593865,0.5248149832772775,0.17874544688543814,3.3980010612283436,330,328,2,True
2,10,2:10,6,6.0,2.9648905455799617,2.9361026667920824,1.709495797950574,0.9949357670076546,0.33886273060563593,5.526174466583171,330,330,0,True
2,11,2:11,5,5.0,2.9648905455799617,2.9361026667920824,1.5230584051806195,0.7658143020167807,0.26082681327131235,4.586230318119468,330,330,0,True
2,12,2:12,7,7.0,2.9635868964379335,2.9361026667920824,1.8779123956017487,1.1472969308529846,0.3907550453971334,6.5398380070737545,330,321,9,True
2,13,2:13,8,7.951367781154902,2.965876076088758,2.9361026667920824,1.8169177826108107,1.2479285647208938,0.4250289265546533,6.152864726874176,330,329,1,True
2,14,2:14,11,10.896969696969698,2.9648905455799617,2.9361026667920824,2.1107611023998234,1.2559572245927524,0.42776338811237213,8.25452143047659,330,330,0,True
2,15,2:15,16,15.962086709196308,2.963754904720812,2.9361026667920824,2.473226377854179,1.3423725922173635,0.45719538604690846,11.86065213154368,330,319,11,True
2,16,2:16,13,,2.947453408225444,2.9361026667920824,2.1733926281292324,1.3573166363133964,0.4622851413422709,8.788048102188808,330,308,22,False
2,17,2:17,10,9.999961163019801,2.9594445286397715,2.9361026667920824,2.0812495459368683,0.8842535877873299,0.3011657588777183,8.014477117457593,330,325,5,True
2,18,2:18,8,8.0,2.9648905455799617,2.9361026667920824,2.013512299060242,1.1244198155713911,0.3829633848600758,7.4895768384221455,330,330,0,True
2,19,2:19,7,,2.9172988449174166,2.9361026667920824,1.9361431006590109,1.1438259378265911,0.3895728684025579,6.931963460177078,330,293,37,False
2,20,2:20,11,10.999588557993714,2.965244050168928,2.9361026667920824,2.2014414804668196,1.082850654308015,0.3688054462656486,9.038032260997317,330,320,10,True
2,21,2:21,10,9.943402797933478,2.964218281433135,2.9361026667920824,1.8501117003708358,1.028969078866968,0.35045405274986374,6.36052995647808,330,322,8,True
2,22,2:22,7,6.997775965454237,2.964408068307418,2.9361026667920824,1.559000831978939,0.8425195563521967,0.28695166755620094,4.754068757793836,330,329,1,True
2,23,2:23,7,,2.942954687400023,2.9361026667920824,1.849921114076739,1.1418382098119026,0.3888958729973324,6.359317842155042,330,277,53,False
2,24,2:24,12,,2.970694256060554,2.9361026667920824,2.22954180059531,1.2176846026990589,0.4147282097698146,9.295605862471252,330,311,19,False
3,1,3:1,7,,2.914373935881745,2.9361026667920824,1.8591556310517083,1.0846803926532627,0.3694286323571782,6.418315056853179,330,255,75,False
3,2,3:2,10,9.945979552109737,2.9648905455799617,2.9361026667920824,1.8061477406671465,0.7223889739853542,0.24603668739370738,6.086953685138872,330,330,0,True
3,3,3:3,10,9.999999999995778,2.964408068307418,2.9361026667920824,2.0962763943246396,1.0538095347985352,0.35891440265946256,8.135818858682217,330,329,1,True
3,4,3:4,9,,2.951306146354278,2.9361026667920824,1.8087644488258494,1.034709435887168,0.3524091468564577,6.102902323874731,330,304,26,False
3,5,3:5,11,10.89446400963507,2.9648905455799617,2.9361026667920824,1.69644099437148,0.8030636992305444,0.27351349403185315,5.454500208993566,330,330,0,True
3,6,3:6,22,21.961904569938916,2.9602065168324234,2.9361026667920824,2.5975810737139087,1.198566273911575,0.4082167450980523,13.431209602960307,330,316,14,True
3,7,3:7,10,,2.9220024314500943,2.9361026667920824,2.1055441526968415,1.390982699348315,0.4737513831108877,8.211570142122614,330,284,46,False
3,8,3:8,31,,2.9243182576567746,2.9361026667920824,2.945464313849165,1.4419344619785066,0.49110491887326635,19.01949134984265,330,257,73,False
3,9,3:9,9,8.94837027701584,2.9648905455799617,2.9361026667920824,1.9581244750392441,1.0525374423395122,0.3584811438114629,7.086024578513626,330,330,0,True
3,10,3:10,12,11.984078328670911,2.953293114990202,2.9361026667920824,2.167912699759624,1.3034610800095618,0.44394260962055976,8.740021938233184,330,318,12,True
3,11,3:11,4,4.0,2.9648905455799617,2.9361026667920824,1.1963259008364797,0.5759890189086994,0.19617468606368985,3.3079408656455693,330,330,0,True
3,12,3:12,11,,2.959157771071626,2.9361026667920824,2.015807044815994,0.9911070080259528,0.3375587029825538,7.506783247701286,330,305,25,False
3,13,3:13,12,11.99852760733838,2.9623241534231814,2.9361026667920824,2.3040856301167674,1.255048577716373,0.4274539143032113,10.015016634918657,330,326,4,True
3,14,3:14,4,4.0,2.9648905455799617,2.9361026667920824,1.2584304861286795,0.6069029316031198,0.20670357970356937,3.5198926293833286,330,330,0,True
3,15,3:15,14,13.999995094309082,2.9648905455799617,2.9361026667920824,2.4029013839849847,1.3561996119062298,0.46190469674140583,11.055205289669557,330,330,0,True
3,16,3:16,22,21.688279405694157,2.9648905455799617,2.9361026667920824,2.556540923895697,1.4929265383556631,0.5084721849957652,12.891148639691032,330,330,0,True
3,17,3:17,12,,2.9491019406549444,2.9361026667920824,2.2416026088447323,1.3044116794488685,0.44426637195014657,9.408397192397256,330,308,22,False
3,18,3:18,17,16.880366550523604,2.963908453142929,2.9361026667920824,2.5780209800844616,1.3010743430003553,0.44312971672134305,13.17104658679912,330,326,4,True
3,19,3:19,17,16.96499681505503,2.9655205744989424,2.9361026667920824,2.405228293633975,1.215837267941319,0.41409903055934844,11.080959706008978,330,324,6,True
3,20,3:20,14,13.89423525067939,2.9648905455799617,2.9361026667920824,2.0221330786147185,1.1533687809960294,0.39282304193271733,7.554421935350268,330,330,0,True
3,21,3:21,24,23.888945090514973,2.958951022599691,2.9361026667920824,2.4887310148834563,1.2586300474551082,0.42867371829005496,12.045980247731366,330,318,12,True
3,22,3:22,17,,2.700515099031916,2.9361026667920824,2.267748252050438,1.604999515412817,0.546642845144922,9.657629763794612,330,177,153,False
3,23,3:23,12,,2.956119646759447,2.9361026667920824,1.9356820721629877,1.1322660065370782,0.38563569978095,6.928768364060317,330,305,25,False
3,24,3:24,27,,2.939528969997162,2.9361026667920824,2.7895633467795906,1.2578627981993806,0.42841240274942166,16.273912193953283,330,268,62,False
3,25,3:25,19,18.8608409841861,2.9637139603321527,2.9361026667920824,2.507864878845163,0.8614241906910868,0.2933903505602748,12.278685571581335,330,328,2,True
4,1,4:1,9,8.94848484848485,2.9648905455799617,2.9361026667920824,1.9614687046580532,1.0748968988056409,0.366096496203264,7.109761540591932,330,330,0,True
4,2,4:2,9,8.94848465287848,2.9648905455799617,2.9361026667920824,1.8595877663512752,0.9933260819741074,0.3383144919313712,6.42108923672034,330,330,0,True
4,3,4:3,9,8.999999719601675,2.9648009463961706,2.9361026667920824,2.027973187966121,1.2469248613615487,0.4246870776912954,7.5986696655682735,330,329,1,True
4,4,4:4,8,7.99777582539832,2.964408068307418,2.9361026667920824,1.597338399523569,0.8231693930749574,0.2803612429446594,4.939866959310778,330,329,1,True
4,5,4:5,13,12.948474842477676,2.9648905455799617,2.9361026667920824,2.1710949332024994,1.0958903653705951,0.3732466094477342,8.767879028710812,330,330,0,True
4,6,4:6,9,8.999999999992408,2.9648905455799617,2.9361026667920824,2.0432942832148293,1.143221559153651,0.389367024553916,7.715986019942775,330,330,0,True
4,7,4:7,9,8.999999999747205,2.9648905455799617,2.9361026667920824,2.0067924075569237,1.0938761309844625,0.372560586302524,7.4394164197054025,330,330,0,True
4,8,4:8,10,9.999999804393845,2.9648905455799617,2.9361026667920824,2.0730978614346216,1.0519696890804218,0.3582877741226193,7.9494111873147615,330,330,0,True
4,9,4:9,10,9.997494703877683,2.9648905455799617,2.9361026667920824,2.0628396460448872,1.011995273430346,0.3446729860219869,7.868281250762908,330,330,0,True
4,10,4:10,9,8.948484848484844,2.9648905455799617,2.9361026667920824,1.9259683741530245,1.0301932906220026,0.35087100402642524,6.861790229922834,330,330,0,True
4,11,4:11,11,10.948370081409685,2.9648905455799617,2.9361026667920824,2.047155713445157,1.1651945362372131,0.39685074688150385,7.745838360889731,330,330,0,True
4,12,4:12,11,10.845449640008834,2.9648905455799617,2.9361026667920824,1.8339563432425223,1.103191965629775,0.37573344355669175,6.258598906714545,330,330,0,True
4,13,4:13,10,9.999999804386253,2.9648905455799617,2.9361026667920824,2.0831297161237226,1.0074068477978586,0.3431102253990757,8.029559873027564,330,330,0,True
4,14,4:14,9,8.999999999999998,2.9661571327229512,2.9361026667920824,2.0867289377546765,1.380449145848022,0.4701637859810497,8.058512110113707,330,325,5,True
4,15,4:15,9,8.951367781155005,2.9641907751940266,2.9361026667920824,2.016718494275933,1.3205139368633383,0.4497506002765568,7.513628420278827,330,329,1,True
4,16,4:16,8,7.997494703877682,2.9648905455799617,2.9361026667920824,1.842875406468884,1.051873302910113,0.35825494619347403,6.314669422611331,330,330,0,True
4,17,4:17,12,11.90273176524935,2.9641907751940266,2.9361026667920824,2.098949196870352,1.3135403244011903,0.44737547472627515,8.15759338257774,330,329,1,True
4,18,4:18,8,7.99776837148028,2.9648009463961706,2.9361026667920824,1.5888279066119346,1.023927633293314,0.34873699917722345,4.898004643707635,330,329,1,True
4,19,4:19,8,7.999999999999998,2.9648009463961706,2.9361026667920824,1.8688328581022902,0.9401265999568793,0.3201954109404627,6.48072805423979,330,329,1,True
4,20,4:20,9,8.999921919825312,2.96452939467023,2.9361026667920824,1.8846041181127788,0.9562639306001179,0.3256915847717647,6.583747539635419,330,328,2,True
4,21,4:21,7,7.0,2.9646108529195274,2.9361026667920824,1.9379256026727727,1.2905132205037964,0.4395327299347407,6.944330718060654,330,329,1,True
4,22,4:22,10,9.999999804393845,2.9648905455799617,2.9361026667920824,2.104946083259227,1.2856259047386605,0.4378681710552395,8.206660521279215,330,330,0,True
4,23,4:23,10,9.999999999754795,2.9648905455799617,2.9361026667920824,2.12033374143116,1.1950559909813048,0.4070211864515607,8.333918397462616,330,330,0,True
4,24,4:24,9,8.99999999950959,2.9648905455799617,2.9361026667920824,1.9339961715378111,1.0625413869275413,0.3618883627419096,6.917096990296231,330,330,0,True
4,25,4:25,11,10.948484841262468,2.9648905455799617,2.9361026667920824,2.2161041213522594,1.354202960286012,0.461224662067278,9.17153000534497,330,330,0,True
4,26,4:26,8,7.999999999999995,2.9648905455799617,2.9361026667920824,1.895898258934863,1.1575519545913282,0.39424777875905903,6.6585268003486435,330,330,0,True
4,27,4:27,11,10.99498921214921,2.9648905455799617,2.9361026667920824,2.0094492260167747,1.2039466042650564,0.41004921860598986,7.459207878093988,330,330,0,True
4,28,4:28,8,7.999996202939339,2.9646108529195274,2.9361026667920824,1.8856581987198238,1.1471139599776408,0.39069272779584063,6.590690999078703,330,329,1,True
4,29,4:29,8,7.999999999999995,2.9648905455799617,2.9361026667920824,1.9399372921152762,1.2164328141216931,0.4143018661710285,6.958314615765173,330,330,0,True
4,30,4:30,12,11.896969696724277,2.9648905455799617,2.9361026667920824,2.0039881571286218,0.9533199848360238,0.3246889135105071,7.418583656818343,330,330,0,True
4,31,4:31,13,12.99990478125454,2.9648009463961706,2.9361026667920824,2.3271594875175,1.0464699214711235,0.35641462177290695,10.248788336435773,330,329,1,True
4,32,4:32,9,8.95426829268293,2.9641353187824264,2.9361026667920824,2.0130387647534294,0.9416937946033477,0.32072917791809386,7.486031106424772,330,328,2,True
4,33,4:33,5,4.997775965601601,2.9646108529195274,2.9361026667920824,1.3558705444915562,0.8576008969118912,0.2920881843170988,3.880137318952635,330,329,1,True
4,34,4:34,5,5.0,2.9648905455799617,2.9361026667920824,1.5649663494472594,0.7830578889458405,0.266699764215463,4.782513998947921,330,330,0,True
4,35,4:35,12,11.995456712600987,2.9646108529195274,2.9361026667920824,2.066212884398444,1.015101198618187,0.34573082545756584,7.894867654783446,330,329,1,True
5,1,5:1,9,8.999885428530986,2.9648905455799617,2.9361026667920824,1.983714958127637,1.3088040500442437,0.4457623586692262,7.269699512262795,330,330,0,True
5,2,5:2,7,7.0,2.9648905455799617,2.9361026667920824,1.8950803850999465,1.3322178149282833,0.45373679537706135,6.653083191895453,330,330,0,True
5,3,5:3,7,7.0,2.9648905455799617,2.9361026667920824,1.9163453945892224,1.1207221829914418,0.3817040172562892,6.7960760529632775,330,330,0,True
5,4,5:4,7,7.0,2.9648905455799617,2.9361026667920824,1.8972712064787562,1.15902748337875,0.3947503254867707,6.667674886849576,330,330,0,True
5,5,5:5,7,7.0,2.9648905455799617,2.9361026667920824,1.8879591887425415,1.0145651853784585,0.3455482660240042,6.605873574088459,330,330,0,True
5,6,5:6,7,6.999999999754795,2.9648905455799617,2.9361026667920824,1.7942614695649013,1.0947663981229039,0.37286380020185744,6.015030797710472,330,330,0,True
6,1,6:1,8,7.997494703632477,2.9648905455799617,2.9361026667920824,1.8525279711038347,1.0277267965366952,0.35003094686043984,6.375917301367429,330,330,0,True
6,2,6:2,9,8.999999999698751,2.9626090784769423,2.9361026667920824,2.0038981481851503,1.2540425237614141,0.42711126485626333,7.417915947991672,330,324,6,True
6,3,6:3,10,9.953771974259396,2.964073472491426,2.9361026667920824,1.9169227539865568,1.0340526420932052,0.35218545107041066,6.800000964270639,330,327,3,True
6,4,6:4,8,7.948479943284341,2.9648905455799617,2.9361026667920824,1.824910114531229,1.0931010676918549,0.37229660939825093,6.202237503023555,330,330,0,True
6,5,6:5,12,,2.961850503815848,2.9361026667920824,2.259389007027257,1.3138597576035347,0.4474842696965455,9.577235755005137,330,312,18,False
6,6,6:6,9,9.0,2.9651864437469717,2.9361026667920824,2.0548775708946323,1.1925840898344688,0.4061792877077621,7.8058821469649144,330,328,2,True
6,7,6:7,8,7.997494703877682,2.9648905455799617,2.9361026667920824,1.8239046905763112,0.9113442969657514,0.31039251701694237,6.196004758664213,330,330,0,True
6,8,6:8,10,9.999999998898364,2.962560347036892,2.9361026667920824,2.0135050279058166,1.2291049046751599,0.41861782238631706,7.489522380750359,330,326,4,True
6,9,6:9,9,9.0,2.9648905455799617,2.9361026667920824,2.1221939768601015,1.198273647326858,0.4081170801278771,8.349435876334644,330,330,0,True
6,10,6:10,6,6.0,2.964408068307418,2.9361026667920824,1.5852295523990205,0.7780109121243548,0.2649808267687013,4.880411560119458,330,329,1,True
6,11,6:11,10,9.945979356756377,2.9648905455799617,2.9361026667920824,1.9963035603088344,1.0265664939054355,0.34963576223546644,7.3617933173427454,330,330,0,True
6,12,6:12,8,7.999999804393845,2.9648905455799617,2.9361026667920824,1.954359292980686,1.0951070081892316,0.3729798077482488,7.059394570778008,330,330,0,True
6,13,6:13,15,,2.941662924913681,2.9361026667920824,2.184381859937763,1.3095288582284768,0.44600921930949966,8.885154585517013,330,300,30,False
6,14,6:14,7,6.999999992777619,2.9648905455799617,2.9361026667920824,1.717353897816161,0.968915362877453,0.3300005050354957,5.569770765111956,330,330,0,True
6,15,6:15,8,8.0,2.9648905455799617,2.9361026667920824,2.0257404713379312,1.0252482253174153,0.3491867763730407,7.58172291513957,330,330,0,True
6,16,6:16,16,15.987301587301587,2.962002552367652,2.9361026667920824,2.3752234855488155,1.2956727614941503,0.44129000533546475,10.753416150662495,330,315,15,True
6,17,6:17,21,20.75921071972262,2.9663257758521264,2.9361026667920824,2.409080501151224,1.2798274400117995,0.43589328618747153,11.123728185928151,330,326,4,True
6,18,6:18,12,11.908458410431653,2.9632612513310073,2.9361026667920824,2.052549214834425,1.168022015230746,0.39781375101126815,7.787728416338437,330,328,2,True
6,19,6:19,10,9.90273556231001,2.96574388165261,2.9361026667920824,2.01899242326053,1.3179820995844829,0.44888828803267955,7.530733318014127,330,329,1,True
6,20,6:20,10,9.999999601565309,2.9648905455799617,2.9361026667920824,2.0212677885459995,1.1527446314536118,0.3926104643721719,7.547887996358634,330,330,0,True
6,21,6:21,6,5.999885428530992,2.9648905455799617,2.9361026667920824,1.5812050181664887,0.8479805571057398,0.28881161639767305,4.860809647468628,330,330,0,True
6,22,6:22,7,6.948484841262468,2.9648905455799617,2.9361026667920824,1.594388534657782,0.8710806059396466,0.2966792053260757,4.925316490834866,330,330,0,True
6,23,6:23,11,10.99498940750257,2.9648905455799617,2.9361026667920824,1.9933024489503712,1.0977846144881132,0.373891767104836,7.339732875278626,330,330,0,True
6,24,6:24,12,11.894349829370782,2.9648905455799617,2.9361026667920824,2.052568096872373,1.0040844199753878,0.34197864786261956,7.7878754659102185,330,330,0,True
6,25,6:25,10,9.945979552362532,2.9648905455799617,2.9361026667920824,2.0723163949589924,0.9974090871816687,0.33970511265241776,7.943201415651092,330,330,0,True
6,26,6:26,15,14.999997114037743,2.9641080362199568,2.9361026667920824,2.530862120593607,1.073595939506151,0.36565340566892945,12.564333439380329,330,328,2,True
6,27,6:27,10,9.900511527911611,2.964408068307418,2.9361026667920824,1.917542601601804,1.0399896979456493,0.3542075383494399,6.804217235239779,330,329,1,True
7,1,7:1,16,15.948484652388068,2.9648905455799617,2.9361026667920824,2.490075772896789,1.4422684234383707,0.4912186619871027,12.06219007290131,330,330,0,True
7,2,7:2,17,16.845225402516522,2.9648905455799617,2.9361026667920824,2.455207434195739,1.4868461075185437,0.5064012659826495,11.648849668040112,330,330,0,True
7,3,7:3,15,14.948360263786281,2.9648905455799617,2.9361026667920824,2.2389308805620654,1.4871391229448432,0.5065010633874247,9.383294060829515,330,330,0,True
7,4,7:4,14,13.989978612682195,2.9648905455799617,2.9361026667920824,2.177010000761251,1.2737092287875253,0.43380949964503474,8.819895313770576,330,330,0,True
7,5,7:5,13,12.896969696724488,2.9648905455799617,2.9361026667920824,2.242193848060334,1.3311049964231039,0.4533577832540298,9.413961450515071,330,330,0,True
7,6,7:6,12,11.999994891970957,2.9648905455799617,2.9361026667920824,2.2283645946706123,1.301696730795675,0.443341694252769,9.284669458638977,330,330,0,True
7,7,7:7,15,14.997494703617082,2.9648905455799617,2.9361026667920824,2.4378900061577893,1.492325486506625,0.5082674742219098,11.448858218936184,330,330,0,True
7,8,7:8,14,13.99977045862729,2.9648905455799617,2.9361026667920824,2.2405360894245927,1.351846096980437,0.46042194377944984,9.398368303032438,330,330,0,True
7,9,7:9,15,14.997374835995855,2.9648905455799617,2.9361026667920824,2.417227340752642,1.5052439404050935,0.5126673387241216,11.21472156618936,330,330,0,True
7,10,7:10,14,13.94848484848485,2.9648905455799617,2.9361026667920824,2.5137663614234698,1.445944414787784,0.49247065885730396,12.351362259742242,330,330,0,True
7,11,7:11,15,14.994984502547055,2.9648905455799617,2.9361026667920824,2.383215787322169,1.5023797663600034,0.5116918367168232,10.83970506182011,330,330,0,True
7,12,7:12,13,12.945979552362527,2.9648905455799617,2.9361026667920824,2.2536982145281645,1.4050245006848565,0.47853384575954,9.522888479811693,330,330,0,True
7,13,7:13,16,15.997379929579715,2.9648905455799617,2.9361026667920824,2.490594183974562,1.4604873624678187,0.4974238057089173,12.068444866994499,330,330,0,True
7,14,7:14,12,11.999885428523399,2.9648905455799617,2.9361026667920824,2.266169827130047,1.5344384572627539,0.5226106275565785,9.642397944607437,330,330,0,True
7,15,7:15,15,14.997494703877466,2.9648905455799617,2.9361026667920824,2.514326943492743,1.4642759315501366,0.49871414515282275,12.358288153040577,330,330,0,True
7,16,7:16,16,15.999994703089179,2.9648905455799617,2.9361026667920824,2.4233417063796536,1.2958745087788888,0.44135871794794257,11.283502535964944,330,330,0,True
7,17,7:17,14,13.994760264572143,2.9648905455799617,2.9361026667920824,2.3379874099001254,1.503383869464543,0.5120338217284157,10.360364399401133,330,330,0,True
7,18,7:18,15,14.999765756255098,2.9648905455799617,2.9361026667920824,2.4002397828136486,1.5154280259833528,0.5161359114322369,11.025819865807986,330,330,0,True
7,19,7:19,15,14.948484841009666,2.9648905455799617,2.9361026667920824,2.4553337652065266,1.5717007694369043,0.5353017069917749,11.65032137195215,330,330,0,True
7,20,7:20,11,10.999885428523399,2.9648905455799617,2.9361026667920824,2.142452078546143,1.4147802558274227,0.48185653445598986,8.520304490686772,330,330,0,True
7,21,7:21,12,11.999999999999577,2.9648905455799617,2.9361026667920824,2.329948852883767,1.5211566323900094,0.5180870034262085,10.277415859416681,330,330,0,True
7,22,7:22,13,12.948365364592945,2.9648905455799617,2.9361026667920824,2.2198299622174598,1.4719920968033517,0.5013421749354616,9.205765404856235,330,330,0,True
7,23,7:23,13,12.94848465263349,2.9648905455799617,2.9361026667920824,2.2946617123229958,1.47085775017874,0.500955830603078,9.921079265686192,330,330,0,True
7,24,7:24,13,12.948479943268936,2.9648905455799617,2.9361026667920824,2.1807925014967515,1.4174450285022073,0.48276412284004866,8.853319748405104,330,330,0,True
7,25,7:25,11,10.845454545209343,2.9648905455799617,2.9361026667920824,1.9311593854776745,1.1995779958516626,0.40856132499014197,6.897502471846278,330,330,0,True
8,1,8:1,14,13.816994995797511,2.9668293576923745,2.9361026667920824,2.017010753158864,1.136015436476788,0.3869127089203499,7.515824665848202,330,330,0,True
8,2,8:2,9,,2.9602225548653696,2.9361026667920824,1.9537560567945864,0.7984098559313872,0.2719284529664323,7.055137372698025,330,330,0,True
8,3,8:3,8,8.0,2.9648905455799617,2.9361026667920824,1.96494968335555,1.0433951681298856,0.3553673990800448,7.134553594330268,330,330,0,True
8,4,8:4,8,8.0,2.9646108529195274,2.9361026667920824,2.008994826932001,1.0610866303870397,0.36139289078278664,7.45581919082755,330,330,0,True
8,5,8:5,8,8.0,2.9648905455799617,2.9361026667920824,1.9344260049551618,0.8886690710498036,0.3026696174833501,6.920070828815516,330,330,0,True
8,6,8:6,7,6.999880523330484,2.9648905455799617,2.9361026667920824,1.6890748469247985,0.7250737363459946,0.24695108401580293,5.414469174464814,330,330,0,True
8,7,8:7,7,7.0,2.9648905455799617,2.9361026667920824,1.882473379136748,1.1885938644158458,0.40482026662728243,6.5697342268020495,330,330,0,True
8,8,8:8,7,7.0,2.9656658777592058,2.9361026667920824,1.8636088173458654,1.1309163956122739,0.3851760391089753,6.446960744448576,330,330,0,True
8,9,8:9,6,6.0,2.9648905455799617,2.9361026667920824,1.7577628882573066,0.9737337493616942,0.33164158746041844,5.799448856276426,330,330,0,True
8,10,8:10,7,7.0,2.9648905455799617,2.9361026667920824,1.9236067700180748,1.0448756103793901,0.35587161927174604,6.845604517388059,330,330,0,True
8,11,8:11,6,6.0,2.9581985823482797,2.9361026667920824,1.7643636092321402,0.9368949803223492,0.3190947615418295,5.837856018015203,330,329,1,True
8,12,8:12,6,6.0,2.9648905455799617,2.9361026667920824,1.7320215957409835,1.0301024296494479,0.35084005791082024,5.6520685643683795,330,330,0,True
8,13,8:13,7,7.0,2.9648905455799617,2.9361026667920824,1.9256942947723419,1.0264911540315522,0.34961010241275814,6.859909812409847,330,330,0,True
8,14,8:14,7,,2.9949684802434327,2.9361026667920824,1.7748261061862949,1.0232948851444714,0.34852149303842284,5.899255203134592,330,330,0,True
8,15,8:15,7,7.0,2.9648905455799617,2.9361026667920824,1.9172748598433729,1.3124549238244496,0.44700580080818747,6.802395706013069,330,330,0,True
8,16,8:16,7,6.999885428530992,2.9648905455799617,2.9361026667920824,1.7362887670597238,1.0225027363628918,0.34825169702940073,5.676238441064854,330,330,0,True
8,17,8:17,6,5.948484848484849,2.9648905455799617,2.9361026667920824,1.5739949804846285,0.8412159301860475,0.2865076687202973,4.825889067372905,330,330,0,True
8,18,8:18,7,7.0,2.9648905455799617,2.9361026667920824,1.9146365941552295,1.1096714519345983,0.377940275891987,6.784472831872591,330,330,0,True
8,19,8:19,7,7.0,2.957657715114597,2.9361026667920824,1.7119365890128906,0.9464506165367063,0.32234929222375464,5.539679178215252,330,330,0,True
8,20,8:20,7,6.999885428530992,2.9648905455799617,2.9361026667920824,1.7729759760423316,0.8738571073419262,0.29762484712317033,5.888350903553452,330,330,0,True
8,21,8:21,7,7.0,2.969916227548784,2.9361026667920824,1.8763031897750748,0.9945416529826786,0.3387285002773053,6.5293225247042095,330,330,0,True
8,22,8:22,6,6.0,2.9656658777592058,2.9361026667920824,1.5443239516471468,0.8451707595848311,0.2878546343572669,4.6848034025824665,330,330,0,True
8,23,8:23,7,6.998269330615541,2.9674075132746136,2.9361026667920824,1.6632596330210236,0.8556330294666532,0.29141795317447056,5.2764822387611146,330,330,0,True
8,24,8:24,7,6.999999992777619,2.9648905455799617,2.9361026667920824,1.701787551365082,1.0121899577938211,0.34473929309144913,5.4837411046342535,330,330,0,True
8,25,8:25,7,6.948484848484849,2.9648905455799617,2.9361026667920824,1.73519598959549,1.2047941792746395,0.4103378920979523,5.670038963556428,330,330,0,True
9,1,9:1,8,7.997494508271527,2.9648905455799617,2.9361026667920824,1.7321820632479354,0.8916936476258647,0.30369975059493015,5.652975610493795,330,330,0,True
9,2,9:2,7,7.0,2.9735016433854797,2.9361026667920824,1.82050144624454,0.8418369444489463,0.28671917844368766,6.174954081206564,330,316,14,True
9,3,9:3,5,5.0,2.9648905455799617,2.9361026667920824,1.5649447617373757,0.7733024476496747,0.2633771824111883,4.782410756537584,330,330,0,True
9,4,9:4,8,7.998042067576639,2.964325991812353,2.9361026667920824,1.756158803715766,0.7799539428608728,0.2656425988376736,5.790153507272586,330,328,2,True
9,5,9:5,8,7.963076923076923,2.9683718628913365,2.9361026667920824,1.507987427471203,0.8268986582064994,0.2816313842015442,4.517629581769528,330,325,5,True
9,6,9:6,7,6.948484652878694,2.9648905455799617,2.9361026667920824,1.587623563674501,0.9582017150963622,0.32635157003664017,4.892109317117509,330,330,0,True
9,7,9:7,6,6.0,2.9648905455799617,2.9361026667920824,1.6617418535051902,1.0783679738081475,0.3672787011178827,5.2684797766262585,330,330,0,True
9,8,9:8,6,6.0,2.9648905455799617,2.9361026667920824,1.6266406816481038,0.9369608698688661,0.3191172027007379,5.086757944971672,330,330,0,True
9,9,9:9,6,6.0,2.9648905455799617,2.9361026667920824,1.6783335803208315,0.9551600065234811,0.3253156019803172,5.356622148878017,330,330,0,True
9,10,9:10,6,6.0,2.9648905455799617,2.9361026667920824,1.6613172730224501,1.0615715440999969,0.3615580463539598,5.266243357742893,330,330,0,True
9,11,9:11,7,6.948484848484849,2.9648905455799617,2.9361026667920824,1.692963412429063,1.0668849198522437,0.3633677159586171,5.435564681569163,330,330,0,True
9,12,9:12,7,6.999885428530992,2.9648905455799617,2.9361026667920824,1.782701310121339,0.9814954811101229,0.33428513662380954,5.945896454554741,330,330,0,True
9,13,9:13,8,,2.9201879831923185,2.9361026667920824,1.8577174920528419,1.0175691102322504,0.34657136541619055,6.4090912618023514,330,285,45,False
9,14,9:14,7,6.999999999999788,2.9648905455799617,2.9361026667920824,1.7073321732918991,0.8482737160018693,0.28891146266648554,5.5142308246774885,330,330,0,True
9,15,9:15,7,6.948484848484849,2.9648905455799617,2.9361026667920824,1.6847816420940356,0.9635236018601383,0.3281641383858221,5.39127357660305,330,330,0,True
9,16,9:16,7,6.999885232924837,2.9648905455799617,2.9361026667920824,1.6832694879087806,0.7450601281483158,0.2537582001389451,5.383127300465392,330,330,0,True
9,17,9:17,6,,2.982566248211677,2.9361026667920824,1.5492581280630409,0.8507233526837419,0.28974577841081506,4.707976171295172,330,308,22,False
9,18,9:18,7,6.948484848484849,2.9648905455799617,2.9361026667920824,1.7102041834756359,1.0314125260791387,0.35128626043790084,5.530090515456674,330,330,0,True
9,19,9:19,7,6.999999999992409,2.9648905455799617,2.9361026667920824,1.7509094990045224,1.0514714347772485,0.3581180749125717,5.759838862203104,330,330,0,True
9,20,9:20,6,5.997494703877682,2.9648905455799617,2.9361026667920824,1.539373892044283,0.7253254222658543,0.24703680510543183,4.661670648004266,330,330,0,True
9,21,9:21,6,6.0,2.9648905455799617,2.9361026667920824,1.6879222453664837,0.9731635453669859,0.3314473830815466,5.408232044010516,330,330,0,True
9,22,9:22,6,6.0,2.9648905455799617,2.9361026667920824,1.6725557113457816,1.0254693436381395,0.3492620865191146,5.325761528118177,330,330,0,True
9,23,9:23,6,6.0,2.9648905455799617,2.9361026667920824,1.648546020218029,0.9173756669749892,0.31244672652312,5.1994144850460495,330,330,0,True
9,24,9:24,7,6.999995094799492,2.9648905455799617,2.9361026667920824,1.6202253307620555,0.8310834547388979,0.28305667378004884,5.054229061547954,330,330,0,True
9,25,9:25,7,7.0,2.9648905455799617,2.9361026667920824,1.8567934655484906,1.1349647889214594,0.3865548714485163,6.403171826886196,330,330,0,True
9,26,9:26,7,6.948484848484849,2.9648905455799617,2.9361026667920824,1.7219969403329116,0.9820100885574051,0.334460405511067,5.595691576731751,330,330,0,True
9,27,9:27,6,5.999999804393845,2.9648905455799617,2.9361026667920824,1.5195059265641544,0.6304666383759493,0.21472908475124355,4.569966738098294,330,330,0,True
9,28,9:28,6,5.9999998598008375,2.9648009463961706,2.9361026667920824,1.6077305171448009,0.768383698525326,0.2617019177210326,4.991470307404127,330,329,1,True
9,29,9:29,8,7.9999999927700225,2.9648905455799617,2.9361026667920824,1.7054925814114388,0.6870984543352192,0.2340171759340851,5.504096215056256,330,330,0,True
9,30,9:30,7,7.0,2.9648905455799617,2.9361026667920824,1.7143676605316043,1.0539399919880015,0.3589588347533882,5.553162917815013,330,330,0,True
10,1,10:1,7,,2.7762094531403787,2.9361026667920824,1.693290965900176,0.7289505057098556,0.24827146337709302,5.437345411274247,330,306,24,False
10,2,10:2,8,,2.7743395444216223,2.9361026667920824,1.6961395933962031,0.6260838650958082,0.21323636675820087,5.452856465036387,330,327,3,True
10,3,10:3,8,,2.8827866319004776,2.9361026667920824,1.844332836054754,0.9825216905600418,0.3346346507813101,6.323879318409914,330,318,12,True
10,4,10:4,8,,2.8338023730679276,2.9361026667920824,1.684546011428067,0.9667253866908349,0.3292546264218535,5.390003376874657,330,330,0,True
10,5,10:5,5,,2.873918513231871,2.9361026667920824,1.3557689079297872,0.6767725069608874,0.23050028686507523,3.8797429751765575,330,330,0,True
10,6,10:6,9,,2.812446308853656,2.9361026667920824,1.9393155835270055,0.929376931123307,0.31653420761976375,6.953989916299361,330,330,0,True
10,7,10:7,6,,2.675016911064019,2.9361026667920824,1.3873406232284122,0.5967497448421899,0.20324553074780072,4.004187238526623,330,328,2,True
10,8,10:8,5,,2.871266711639994,2.9361026667920824,1.5612956867432957,0.7662886818131944,0.26098838112170775,4.764991183029083,330,326,4,True
10,9,10:9,8,,2.905804571378446,2.9361026667920824,1.7348498132406673,1.002310235535687,0.34137438273941145,5.66807646984038,330,330,0,True
10,10,10:10,6,,2.8548798611833264,2.9361026667920824,1.5529697967632725,0.7430677611382969,0.2530796247496875,4.7254830889320765,330,330,0,True
10,11,10:11,10,,2.881844688440571,2.9361026667920824,2.011475804717646,1.1032608160538544,0.37575689315362104,7.474339877820327,330,330,0,True
10,12,10:12,6,,2.8164479033408454,2.9361026667920824,1.487572276321859,0.9244620644422373,0.3148602652414342,4.426336542345508,330,329,1,True
10,13,10:13,5,,2.840200872168044,2.9361026667920824,1.4650294057061535,0.6471208769132215,0.22040131097331508,4.327670496636686,330,330,0,True
10,14,10:14,5,,2.8675218777431724,2.9361026667920824,1.2490521530318983,0.8151910722537259,0.2776439262406259,3.487036213862992,330,330,0,True
10,15,10:15,6,,2.825326513384547,2.9361026667920824,1.619274512962472,0.7545588531869631,0.2569933475832358,5.049425694518371,330,330,0,True
10,16,10:16,11,,2.8219853038768092,2.9361026667920824,1.8704611415098316,0.8725398808621457,0.29717621618983187,6.491289112063523,330,326,4,True
10,17,10:17,11,,2.9036398506362486,2.9361026667920824,2.0926178775570614,0.6641305050199997,0.22619457845648608,8.106108210561025,330,328,2,True
10,18,10:18,6,,2.7898989908637293,2.9361026667920824,1.6067250071918504,0.8321560560881663,0.2834219884406701,4.986453856798338,330,330,0,True
10,19,10:19,6,,2.8813512387245583,2.9361026667920824,1.6211310997634047,0.8254776517131034,0.2811474070881183,5.058809099472682,330,330,0,True
10,20,10:20,6,,2.8913057132897713,2.9361026667920824,1.566123448594849,0.6954820457937566,0.23687252276965645,4.788051044657088,330,330,0,True
10,21,10:21,7,,2.854598311992305,2.9361026667920824,1.6732714062249687,0.9317855067061656,0.3173545384651732,5.329574512675627,330,330,0,True
10,22,10:22,9,,2.861150363568024,2.9361026667920824,1.8417169869682857,0.5668291437154109,0.19305494665645165,6.307358621717059,330,327,3,True
10,23,10:23,10,,2.76536337018642,2.9361026667920824,1.6231454373580665,0.745789092844003,0.25400647643525176,5.06900951892109,330,327,3,True
10,24,10:24,7,,2.8503785698421633,2.9361026667920824,1.5214541539445565,0.8737954315291445,0.2976038411094913,4.578878750919818,330,330,0,True
10,25,10:25,8,7.999999956743096,2.9606220922688147,2.9361026667920824,1.8280279882957604,0.8153407961417845,0.2776949203321309,6.2216054743706035,330,330,0,True
11,1,11:1,7,7.0,2.9648905455799617,2.9361026667920824,1.8631836606687633,1.0233638535860927,0.34854498283065705,6.4442203586290026,330,330,0,True
11,2,11:2,8,8.0,2.9648905455799617,2.9361026667920824,2.027041280415334,1.2897968405485805,0.4392887398442993,7.591591706445009,330,330,0,True
11,3,11:3,7,6.997494703877682,2.9648905455799617,2.9361026667920824,1.796860826055285,0.6783486780664135,0.23103711111286226,6.030686345414201,330,330,0,True
11,4,11:4,9,9.0,2.9648905455799617,2.9361026667920824,2.148061120833104,1.0978558908645677,0.3739160429509298,8.568229519981982,330,330,0,True
11,5,11:5,7,7.0,2.9648905455799617,2.9361026667920824,1.931455978486649,1.1623205020121554,0.39587188661971406,6.899548526266531,330,330,0,True
11,6,11:6,7,6.948484848484849,2.9648905455799617,2.9361026667920824,1.7435930460459597,1.1501073822353352,0.39171225013460303,5.717851060309699,330,330,0,True
11,7,11:7,7,7.0,2.9648905455799617,2.9361026667920824,1.8763376950325887,1.020801149653052,0.34767215778879956,6.529547824546308,330,330,0,True
11,8,11:8,7,6.999999999754795,2.9648905455799617,2.9361026667920824,1.812248413861654,1.2024673679303737,0.40954540913385756,6.124201703791157,330,330,0,True
11,9,11:9,7,7.0,2.9648905455799617,2.9361026667920824,1.8052180885134395,0.7900284138968111,0.2690738381978917,6.081297565055436,330,330,0,True
11,10,11:10,7,7.0,2.9648905455799617,2.9361026667920824,1.8369691568984594,1.0782255523611035,0.36723019414683744,6.2774833323108234,330,330,0,True
11,11,11:11,7,7.0,2.9648905455799617,2.9361026667920824,1.907842554937035,1.0744779433831442,0.3659538052043302,6.738535085506393,330,330,0,True
11,12,11:12,9,8.948484848477257,2.9648905455799617,2.9361026667920824,2.021134725972226,1.1042387117086032,0.37608995223422104,7.546883721772446,330,330,0,True
11,13,11:13,7,6.999999999754795,2.9648905455799617,2.9361026667920824,1.8470346996450597,1.191386553683475,0.40577142180969994,6.340988680863257,330,330,0,True
11,14,11:14,6,6.0,2.964408068307418,2.9361026667920824,1.6917278830512457,1.1557683164056003,0.39364029380769777,5.428853028795943,330,329,1,True
11,15,11:15,7,7.0,2.9648905455799617,2.9361026667920824,1.8522333898818266,1.2444454059913437,0.423842606073103,6.374039352475189,330,330,0,True
11,16,11:16,6,6.0,2.9648905455799617,2.9361026667920824,1.7908014231307157,1.1764509892315067,0.40068455457549434,5.994254476093803,330,330,0,True
11,17,11:17,7,7.0,2.9648905455799617,2.9361026667920824,1.905253334653993,1.2673142060671139,0.43163143455462066,6.721110102080115,330,330,0,True
11,18,11:18,7,6.999999999992409,2.9648905455799617,2.9361026667920824,1.80055004853261,1.0323730188895637,0.3516133923264715,6.052975979462042,330,330,0,True
11,19,11:19,7,7.0,2.9648905455799617,2.9361026667920824,1.8894060899491947,0.6878809314749672,0.23428367790235685,6.6154385386444785,330,330,0,True
11,20,11:20,9,9.0,2.9648905455799617,2.9361026667920824,2.050702370494495,1.0312856523429792,0.3512430488235406,7.773358967343899,330,330,0,True
11,21,11:21,5,5.0,2.9648905455799617,2.9361026667920824,1.5117229314320968,0.70997036105937,0.24180706250134879,4.53453676372845,330,330,0,True
11,22,11:22,7,6.999885428530992,2.9648905455799617,2.9361026667920824,1.6903497422649951,0.602383609080365,0.2051643547391738,5.421376458081258,330,330,0,True
11,23,11:23,7,6.948370277015841,2.9648905455799617,2.9361026667920824,1.5693285562929367,1.0870541998092653,0.3702371215094312,4.803421883357526,330,330,0,True
11,24,11:24,7,6.999995094799492,2.9648905455799617,2.9361026667920824,1.6906157023901964,0.9977610138360987,0.339824974487772,5.42281851979977,330,330,0,True
11,25,11:25,6,6.0,2.9648905455799617,2.9361026667920824,1.7541422803388171,1.1564735353703717,0.3938804826038007,5.778489291903112,330,330,0,True
12,1,12:1,5,5.0,2.9648905455799617,2.9361026667920824,1.5943826139617636,1.1275699029402406,0.384036265384479,4.925287329619457,330,330,0,True
12,2,12:2,5,5.0,2.9648905455799617,2.9361026667920824,1.5587159287983572,1.0436382941846007,0.35545020478621603,4.752714501409172,330,330,0,True
12,3,12:3,5,5.0,2.9648905455799617,2.9361026667920824,1.4760142305685915,0.819523386631219,0.2791194585598777,4.375471259950113,330,330,0,True
12,4,12:4,5,4.999995094799492,2.9648905455799617,2.9361026667920824,1.4037192410626198,0.8876529374954534,0.30232353505038784,4.070310315174346,330,330,0,True
12,5,12:5,5,4.999999804393845,2.9648905455799617,2.9361026667920824,1.433917281661282,0.7227994088854307,0.2461764764088255,4.195100436810473,330,330,0,True
12,6,12:6,5,4.999885428530992,2.9648905455799617,2.9361026667920824,1.4172073303533175,0.8096893675314762,0.27577011413436847,4.125582947274862,330,330,0,True
12,7,12:7,5,5.0,2.9648905455799617,2.9361026667920824,1.5238436060289628,0.8130964972811471,0.2769305400922909,4.589832844224138,330,330,0,True
12,8,12:8,5,5.0,2.9648905455799617,2.9361026667920824,1.5299800064425904,1.1496444247088333,0.39155457256707854,4.618084489439391,330,330,0,True
12,9,12:9,5,5.0,2.9648905455799617,2.9361026667920824,1.5678477712523013,1.0488946427345844,0.3572404516360398,4.796314311780368,330,330,0,True
12,10,12:10,6,6.0,2.9648905455799617,2.9361026667920824,1.6670210089102049,1.0686382385939712,0.3639648744849718,5.296366444376083,330,330,0,True
12,11,12:11,5,5.0,2.9648905455799617,2.9361026667920824,1.5098171900830721,1.071816981440271,0.3650475147080988,4.525903338669642,330,330,0,True
12,12,12:12,5,5.0,2.9648905455799617,2.9361026667920824,1.4116537109664717,0.8788237511415781,0.2993164241432199,4.102734534257093,330,330,0,True
12,13,12:13,4,3.999995094799492,2.9648905455799617,2.9361026667920824,1.115277700985354,0.7421417380561494,0.25276423282125765,3.050415164869883,330,330,0,True
12,14,12:14,5,5.0,2.9648905455799617,2.9361026667920824,1.6009515258283769,0.9594420185233188,0.3267740019362412,4.9577476056283185,330,330,0,True
12,15,12:15,5,5.0,2.9648905455799617,2.9361026667920824,1.573577292870805,0.9912276376011434,0.3375997879134573,4.823873774194576,330,330,0,True
12,16,12:16,4,4.0,2.9648905455799617,2.9361026667920824,1.3444916653649004,0.7651231924123499,0.2605914299476134,3.836235953262939,330,330,0,True
12,17,12:17,5,5.0,2.9648905455799617,2.9361026667920824,1.5927614326015496,1.074449828764062,0.3659442297152303,4.917309014502259,330,330,0,True
12,18,12:18,5,5.0,2.9648905455799617,2.9361026667920824,1.5414046453969277,0.9449766289121972,0.32184727039693634,4.671146970081377,330,330,0,True
12,19,12:19,5,5.0,2.9648905455799617,2.9361026667920824,1.5437921400548957,0.9157055278183782,0.3118778979274784,4.682312632194543,330,330,0,True
12,20,12:20,5,4.948484848484849,2.9648905455799617,2.9361026667920824,1.3997238096641396,0.8059047560045507,0.27448112258453944,4.0540801144571725,330,330,0,True
12,21,12:21,5,4.999999999999788,2.9648905455799617,2.9361026667920824,1.440962723192803,0.8944236103221831,0.3046295418884005,4.2247611353234715,330,330,0,True
12,22,12:22,5,5.0,2.9648905455799617,2.9361026667920824,1.5492097755589989,0.9576813710835268,0.32617434734660256,4.707748534361772,330,330,0,True
12,23,12:23,5,5.0,2.9648905455799617,2.9361026667920824,1.5958446495841352,1.1140017107933766,0.3794151081271654,4.932493541731546,330,330,0,True
12,24,12:24,5,5.0,2.9648905455799617,2.9361026667920824,1.5194811320009582,0.9704326718114639,0.330517281560776,4.56985342917393,330,330,0,True
12,25,12:25,5,5.0,2.9648905455799617,2.9361026667920824,1.4631509908238092,0.9377504343828206,0.31938611854039317,4.319548966159808,330,330,0,True
13,1,13:1,12,11.845454545454547,2.9648905455799617,2.9361026667920824,2.125291237623739,1.2053843654035448,0.41053890214285993,8.37533634602187,330,330,0,True
13,2,13:2,9,8.999885428522976,2.9648905455799617,2.9361026667920824,1.8303198805388448,1.1566787947814683,0.3939503914027736,6.235881076518888,330,330,0,True
13,3,13:3,11,10.891959104725062,2.9648905455799617,2.9361026667920824,1.9260509095105627,1.2601447529605478,0.4291896081199888,6.862356593605005,330,330,0,True
13,4,13:4,11,10.891959104725062,2.9648905455799617,2.9361026667920824,1.9476770955428722,1.103172749387484,0.3757268987439002,7.012379559201385,330,330,0,True
13,5,13:5,8,7.896969696969698,2.9648905455799617,2.9361026667920824,1.712674452698238,1.0004485576547892,0.34074031843983715,5.543768214699577,330,330,0,True
13,6,13:6,10,9.896969696969698,2.9648905455799617,2.9361026667920824,2.0478852054568812,1.3363067492684917,0.4551294354868419,7.751490949606594,330,330,0,True
13,7,13:7,6,6.0,2.9648905455799617,2.9361026667920824,1.7194085885359063,1.066658585701222,0.36329062936570555,5.581226686571554,330,330,0,True
13,8,13:8,8,7.9542682926829285,2.964325991812353,2.9361026667920824,1.8188086272139339,0.7714312784376948,0.2627398854824592,6.164509844020628,330,328,2,True
13,9,13:9,6,6.0,2.9648905455799617,2.9361026667920824,1.680698276412153,1.1098609396259926,0.3780048130396615,5.369303920694797,330,330,0,True
13,10,13:10,7,6.948484848484849,2.9648905455799617,2.9361026667920824,1.7984400235023268,0.5623359633144068,0.1915246253731318,6.0402175137123235,330,330,0,True
13,11,13:11,6,5.999999999992409,2.9648905455799617,2.9361026667920824,1.648286999448289,1.1138347563690632,0.3793582455296133,5.198067903107808,330,330,0,True
13,12,13:12,6,6.0,2.9648905455799617,2.9361026667920824,1.7650443175510133,1.2471540634464198,0.42476514106675684,5.841831248003613,330,330,0,True
13,13,13:13,8,7.845339973985327,2.9648905455799617,2.9361026667920824,1.2418558010085725,0.5838064042013211,0.19883719013108436,3.4620323499604124,330,330,0,True
13,14,13:14,7,6.948484848484849,2.9648905455799617,2.9361026667920824,1.7478836710076044,0.8767405345249173,0.2986069065094456,5.742436921433055,330,330,0,True
13,15,13:15,6,5.948484848484849,2.9648905455799617,2.9361026667920824,1.5002790694072936,0.9152254331103284,0.3117143836493574,4.48293994718321,330,330,0,True
13,16,13:16,8,7.948484848484849,2.9648905455799617,2.9361026667920824,1.871901484217181,0.7733612638234443,0.2633972144674358,6.500645529603708,330,330,0,True
13,17,13:17,8,8.0,2.9648905455799617,2.9361026667920824,2.048384904585447,1.2899924346438845,0.439355356757092,7.755365330811034,330,330,0,True
13,18,13:18,7,7.0,2.9648905455799617,2.9361026667920824,1.8639940852955978,0.8642796493076041,0.29436288420114953,6.44944503032373,330,330,0,True
13,19,13:19,7,7.0,2.9648905455799617,2.9361026667920824,1.8170277058830075,1.0575455900179123,0.3601868565356953,6.15354110707262,330,330,0,True
13,20,13:20,7,6.957186544342509,2.963638833686447,2.9361026667920824,1.681770226994008,0.9072572082005285,0.30900050548701574,5.375062635133956,330,327,3,True
13,21,13:21,12,11.894349822155991,2.9648905455799617,2.9361026667920824,2.009754388103532,1.3187666898228008,0.44915550969600615,7.461484492886218,330,330,0,True
13,22,13:22,6,5.999995094799492,2.9648905455799617,2.9361026667920824,1.5302347231079714,0.5904471297480666,0.20109893854399014,4.619260942345708,330,330,0,True
13,23,13:23,14,13.845454545446955,2.9648905455799617,2.9361026667920824,2.288883035422939,1.033852743618142,0.3521173681394818,9.863913883324596,330,330,0,True
13,24,13:24,8,7.999999999999788,2.9648905455799617,2.9361026667920824,1.9754475008915058,0.8914974955567951,0.3036329436432223,7.2098453442361325,330,330,0,True
13,25,13:25,8,7.997494703877682,2.9648905455799617,2.9361026667920824,1.8158435038490768,1.0296213062561002,0.3506761932752987,6.146258384136472,330,330,0,True
14,1,14:1,15,14.739799469387208,2.9648905455799617,2.9361026667920824,2.0018115162807235,1.036955192557964,0.35317402360828115,7.402453625608124,330,330,0,True
14,2,14:2,4,3.948484848484849,2.9648905455799617,2.9361026667920824,1.0898052254148678,0.6647725193865209,0.22641324055362,2.973694815978574,330,330,0,True
14,3,14:3,4,4.0,2.9648905455799617,2.9361026667920824,1.291383566764698,0.6985909719908988,0.23793138431162664,3.6378162371422524,330,330,0,True
14,4,14:4,3,3.0,2.9648905455799617,2.9361026667920824,1.0722005959684016,0.6177074725558052,0.21038347178462188,2.92180213657324,330,330,0,True
14,5,14:5,5,5.0,2.9648905455799617,2.9361026667920824,1.440321346247949,0.7900321869950636,0.26907512326816363,4.2220523397061465,330,330,0,True
14,6,14:6,5,4.999999999992409,2.9648905455799617,2.9361026667920824,1.4380565994873746,0.6470785431800463,0.22038689263105002,4.212501279795163,330,330,0,True
14,7,14:7,3,3.0,2.9648905455799617,2.9361026667920824,0.9811974779678722,0.5017110896629061,0.17087654847269493,2.6676487806914055,330,330,0,True
14,8,14:8,4,3.999995094799492,2.9648905455799617,2.9361026667920824,1.1304353419351512,0.7093736531818845,0.24160383123010126,3.097004462607048,330,330,0,True
14,9,14:9,11,10.845339973977948,2.9648905455799617,2.9361026667920824,1.828309679150503,0.9382829708063167,0.31956749381364885,6.22335829059911,330,330,0,True
14,10,14:10,4,4.0,2.964408068307418,2.9361026667920824,1.354998197440763,0.8015490665170478,0.2729976289939485,3.8767539685482055,330,329,1,True
14,11,14:11,4,4.0,2.9648905455799617,2.9361026667920824,1.3551731719242492,0.5320164765561042,0.18119818580369093,3.8774323609204018,330,330,0,True
14,12,14:12,3,3.0,2.9648905455799617,2.9361026667920824,1.0576576175191392,0.6432210506611574,0.21907307872306991,2.8796179166566254,330,330,0,True
14,13,14:13,3,3.0,2.9648905455799617,2.9361026667920824,1.019899165366172,0.5111299354287057,0.17408449003152685,2.7729151439836657,330,330,0,True
14,14,14:14,3,3.0,2.9648905455799617,2.9361026667920824,1.0963496472320466,0.6162988736830477,0.2099037205522522,2.9932197492226393,330,330,0,True
14,15,14:15,4,4.0,2.9648905455799617,2.9361026667920824,1.2133976052452478,0.4057038589283516,0.13817768142679226,3.364897847380468,330,330,0,True
14,16,14:16,3,3.0,2.9648905455799617,2.9361026667920824,1.091495241798457,0.6645581047076798,0.22634021358447953,2.978724657997914,330,330,0,True
14,17,14:17,3,3.0,2.9648905455799617,2.9361026667920824,1.1002918168964175,0.6294647939986177,0.2143878690340063,3.0050428182773423,330,330,0,True
14,18,14:18,4,4.0,2.9648905455799617,2.9361026667920824,1.1748011505163705,0.6927208034433042,0.2359320780155671,3.2374991048013113,330,330,0,True
14,19,14:19,4,4.0,2.9648905455799617,2.9361026667920824,1.371006305121245,0.85502432614979,0.29121063640597067,3.9393128522642002,330,330,0,True
14,20,14:20,3,3.0,2.9648905455799617,2.9361026667920824,0.9314299353457146,0.4946304103699699,0.16846495729333322,2.538135954285065,330,330,0,True
14,21,14:21,3,3.0,2.9648905455799617,2.9361026667920824,1.0620319609686018,0.6425307610451234,0.21883797467720623,2.89224194521569,330,330,0,True
14,22,14:22,3,3.0,2.9648905455799617,2.9361026667920824,1.0166086664411695,0.6387209082487916,0.2175403862653901,2.7638058649388535,330,330,0,True
14,23,14:23,4,4.0,2.9648905455799617,2.9361026667920824,1.364071551749164,0.7821268812051759,0.2663826745744247,3.912089192960409,330,330,0,True
14,24,14:24,4,4.0,2.9648905455799617,2.9361026667920824,1.329614348812563,0.6435768767234818,0.21919426864818695,3.779585504831787,330,330,0,True
14,25,14:25,6,6.0,2.9648905455799617,2.9361026667920824,1.5859052022024114,0.7711688179030548,0.2626504946932309,4.883710123441865,330,330,0,True
15,1,15:1,7,7.0,2.9648905455799617,2.9361026667920824,1.7674992735366806,1.0857897270076544,0.3698064578218455,5.856190304807775,330,330,0,True
15,2,15:2,8,7.997380132401083,2.9648905455799617,2.9361026667920824,1.701743006057418,1.1605889690852864,0.3952821480705642,5.483496835140167,330,330,0,True
15,3,15:3,8,7.997775825402439,2.965876076088758,2.9361026667920824,1.69448897464846,1.0733154608899074,0.36555787814551693,5.443863302109963,330,329,1,True
15,4,15:4,9,8.948484841262468,2.9648905455799617,2.9361026667920824,1.8671846031578312,0.9524958665208527,0.32440822907651506,6.470054960586728,330,330,0,True
15,5,15:5,10,9.999880523330482,2.9648905455799617,2.9361026667920824,2.0175317736576086,1.1931233857072332,0.40636296516525156,7.519741584873022,330,330,0,True
15,6,15:6,9,8.999999992777619,2.9648905455799617,2.9361026667920824,1.8339228994864936,0.9829003589829162,0.33476362052993547,6.2583895991596625,330,330,0,True
15,7,15:7,6,5.994989407755364,2.9648905455799617,2.9361026667920824,1.3994780137606455,0.764968122382423,0.26053861502677267,4.053083760627463,330,330,0,True
15,8,15:8,7,6.945979552362531,2.9648905455799617,2.9361026667920824,1.537814287369332,0.826027238398708,0.28133458946829204,4.6544059511686635,330,330,0,True
15,9,15:9,8,7.999999999999995,2.9648905455799617,2.9361026667920824,1.8087977904494934,0.9871865457905433,0.3362234423733964,6.103105807939375,330,330,0,True
15,10,15:10,8,7.999885428530992,2.9648905455799617,2.9361026667920824,1.8486940697313454,1.0472308176149656,0.3566737735227582,6.351519462613485,330,330,0,True
15,11,15:11,8,8.0,2.9648905455799617,2.9361026667920824,1.86299601998264,0.959234529384942,0.3267033337199272,6.44301127413965,330,330,0,True
15,12,15:12,9,8.99999999975479,2.9648905455799617,2.9361026667920824,1.8691510513143437,0.9973843520395985,0.3396966881710977,6.482790506027492,330,330,0,True
15,13,15:13,8,7.999999999999995,2.9648905455799617,2.9361026667920824,1.7572493188684257,1.0980539928501099,0.3739835140199025,5.796471201553067,330,330,0,True
15,14,15:14,9,8.997494703877683,2.9648905455799617,2.9361026667920824,1.9327898504864875,1.2640164673087928,0.4305082658059188,6.90875778147564,330,330,0,True
15,15,15:15,10,9.999995094799491,2.9648905455799617,2.9361026667920824,2.0971540703563343,1.238596569751288,0.42185056529530346,8.14296260638218,330,330,0,True
15,16,15:16,8,7.948484848484849,2.9648905455799617,2.9361026667920824,1.785044572461471,0.945529710658241,0.3220356431511657,5.959845586650234,330,330,0,True
15,17,15:17,7,7.0,2.9648905455799617,2.9361026667920824,1.721410639361852,0.7947210484878947,0.27067209109420837,5.592411778894843,330,330,0,True
15,18,15:18,8,7.999999804393845,2.9648905455799617,2.9361026667920824,1.7995080292210888,1.0344034740743921,0.3523049400736921,6.046671946631656,330,330,0,True
15,19,15:19,6,6.0,2.9648905455799617,2.9361026667920824,1.6749460557800708,0.9225817154158155,0.3142198417822381,5.338507159701249,330,330,0,True
15,20,15:20,10,9.997380132408669,2.9648905455799617,2.9361026667920824,1.8211930424562421,1.1846442252823137,0.4034750687300143,6.179226133153755,330,330,0,True
15,21,15:21,8,7.997494703877682,2.9648905455799617,2.9361026667920824,1.7887286925395145,1.0740124532409339,0.36579526505943843,5.981842868872321,330,330,0,True
15,22,15:22,8,7.999999999999995,2.9648905455799617,2.9361026667920824,1.7557759711829355,1.1153454037601211,0.37987275321633135,5.787937272390393,330,330,0,True
15,23,15:23,6,6.0,2.9648905455799617,2.9361026667920824,1.444061134564085,0.7305075428838712,0.24880177084611513,4.237871483403451,330,330,0,True
15,24,15:24,9,8.999999804393845,2.9648905455799617,2.9361026667920824,1.8105241232362679,0.9316443163527326,0.31730645078927894,6.113650899146225,330,330,0,True
15,25,15:25,8,8.0,2.9648905455799617,2.9361026667920824,1.7416846919917892,0.7556987033542044,0.257381566353694,5.7069497811161565,330,330,0,True
16,1,16:1,6,6.0,2.9648905455799617,2.9361026667920824,1.7544467839582136,1.1191181520490312,0.38115770429504553,5.780249130732188,330,330,0,True
16,2,16:2,6,6.0,2.9648905455799617,2.9361026667920824,1.7116462489946311,1.1654701817620676,0.39694462831418403,5.538071021128974,330,330,0,True
16,3,16:3,7,7.0,2.9648905455799617,2.9361026667920824,1.823161509700229,1.1541184608132737,0.3930783735414255,6.19140171707756,330,330,0,True
16,4,16:4,7,6.948484848484849,2.9648905455799617,2.9361026667920824,1.7224999223568798,0.8522191425804188,0.29025522581999275,5.598506816954777,330,330,0,True
16,5,16:5,6,6.0,2.9648905455799617,2.9361026667920824,1.6375564116982997,0.7469382393035587,0.25439786140708975,5.142587778870125,330,330,0,True
16,6,16:6,6,5.999999999999995,2.9648905455799617,2.9361026667920824,1.6881769177541406,0.5295211014126819,0.18034829210901687,5.4096095467766805,330,330,0,True
16,7,16:7,8,7.9484846528786886,2.9648905455799617,2.9361026667920824,1.7129990692490418,0.9279513444810844,0.316048670564692,5.545568105737293,330,330,0,True
16,8,16:8,6,6.0,2.9648905455799617,2.9361026667920824,1.7640732689541816,1.0290832314155465,0.35049293168617257,5.836161299310706,330,330,0,True
16,9,16:9,6,6.0,2.9648905455799617,2.9361026667920824,1.7192847605477253,0.9611403665269765,0.3273524381138539,5.580535617287117,330,330,0,True
16,10,16:10,7,7.0,2.9648905455799617,2.9361026667920824,1.872574276593883,0.9581978103245449,0.326350240119992,6.505020585946915,330,330,0,True
16,11,16:11,7,6.948484848484849,2.9648905455799617,2.9361026667920824,1.7556188898530642,0.938175910453558,0.31953103039090497,5.787028166910053,330,330,0,True
16,12,16:12,8,7.999999992777619,2.9648905455799617,2.9361026667920824,1.8187748855605255,1.0967619631085712,0.3735434647817911,6.164301846775144,330,330,0,True
16,13,16:13,7,6.997494703877682,2.9648905455799617,2.9361026667920824,1.8055655899830043,1.0648703968063657,0.3626815944994929,6.08341119211914,330,330,0,True
16,14,16:14,7,6.9999998043862535,2.9648905455799617,2.9361026667920824,1.6514968976589353,0.8616307894557886,0.2934607155264044,5.214779979651779,330,330,0,True
16,15,16:15,7,6.999999992777619,2.9648905455799617,2.9361026667920824,1.743960689191816,1.013240606060858,0.34509713080568166,5.719953575525022,330,330,0,True
16,16,16:16,5,5.0,2.9648905455799617,2.9361026667920824,1.5546167170926022,0.8235255842277898,0.2804825572150563,4.733271995190655,330,330,0,True
16,17,16:17,6,6.0,2.9648905455799617,2.9361026667920824,1.6748474650950973,0.7752503917632686,0.26404062791519795,5.337980858568258,330,330,0,True
16,18,16:18,7,6.999999804393845,2.9648905455799617,2.9361026667920824,1.6729633596760347,0.8345056520827313,0.2842222315728805,5.327933008482542,330,330,0,True
16,19,16:19,6,6.0,2.9648905455799617,2.9361026667920824,1.744160320657709,1.1402677541073978,0.3883609953439495,5.721095572227589,330,330,0,True
16,20,16:20,6,5.997494703877682,2.9648905455799617,2.9361026667920824,1.5061824436065054,0.7063778188843604,0.2405834873806141,4.5094826879855265,330,330,0,True
16,21,16:21,7,7.0,2.9648905455799617,2.9361026667920824,1.7405818646350915,0.8730009911502041,0.2973332646109493,5.700659469975383,330,330,0,True
16,22,16:22,6,6.0,2.9648905455799617,2.9361026667920824,1.708529897726577,0.9834043379433852,0.33493526948695906,5.5208393104570925,330,330,0,True
16,23,16:23,6,6.0,2.9648905455799617,2.9361026667920824,1.773649116709233,1.1992128244975786,0.40843695217504455,5.89231592636695,330,330,0,True
16,24,16:24,8,7.997380132408674,2.9648905455799617,2.9361026667920824,1.8233505241500072,1.2270868794455385,0.41793050812702853,6.192572092071877,330,330,0,True
16,25,16:25,7,6.99988542853078,2.9648905455799617,2.9361026667920824,1.6317055767140671,0.7210180569405652,0.24556977012262748,5.112587196195642,330,330,0,True
17,1,17:1,14,13.949143746605124,2.9641907751940266,2.9361026667920824,2.2900103471906816,1.3849205998758585,0.4716867075322644,9.875039859564968,330,329,1,True
17,2,17:2,17,16.957184271636834,2.963024930550344,2.9361026667920824,2.5451382781288494,1.639960422059796,0.5585500945209041,12.744990317636999,330,329,1,True
17,3,17:3,15,14.89446440084717,2.9648905455799617,2.9361026667920824,2.3761525673089086,1.4153723509104459,0.48205819466689454,10.76341159604076,330,330,0,True
17,4,17:4,17,16.94848464538833,2.9648905455799617,2.9361026667920824,2.5246391479488732,1.6356598222123866,0.5570853637756035,12.4863887115787,330,330,0,True
17,5,17:5,16,15.995456712605105,2.964408068307418,2.9361026667920824,2.5106659089156897,1.5644380886642077,0.5328281283751827,12.313126751966713,330,330,0,True
17,6,17:6,15,14.998041969617567,2.9637139603321527,2.9361026667920824,2.436029405087651,1.5551309468212569,0.529658231781233,11.42757626583408,330,330,0,True
17,7,17:7,17,16.896969696961893,2.9648905455799617,2.9361026667920824,2.564184290712878,1.6261773598621996,0.5538557552004553,12.9900579359237,330,330,0,True
17,8,17:8,12,11.999454828660436,2.9582947144246785,2.9361026667920824,2.329236920562185,1.4394573285510224,0.4902612380798455,10.270101638807985,330,330,0,True
17,9,17:9,15,14.954265311963265,2.9637139603321527,2.9361026667920824,2.48283541178446,1.0736883422751529,0.36568487690120177,11.975170866356585,330,330,0,True
17,10,17:10,16,15.999999929144634,2.9540065129114863,2.9361026667920824,2.491921495406518,1.6654111785699717,0.5672183052064597,12.084474087362816,330,319,11,True
17,11,17:11,14,13.79142919261657,2.9648905455799617,2.9361026667920824,1.948145421406363,0.9835609507934171,0.33498860987311213,7.015664407043135,330,330,0,True
17,12,17:12,18,17.999885232434213,2.9648905455799617,2.9361026667920824,2.638868233490356,1.7490513427565655,0.5957051034143633,13.997352904536998,330,330,0,True
17,13,17:13,11,10.999999997965595,2.957364388123652,2.9361026667920824,2.2352139383265923,1.5421508207978851,0.5252373625213873,9.348481636791275,330,330,0,True
17,14,17:14,17,16.997804855592754,2.9637139603321527,2.9361026667920824,2.413652531094427,1.5055483160205967,0.5127710052678518,11.174702643853081,330,330,0,True
17,15,17:15,19,18.952631787752317,2.953554741454703,2.9361026667920824,2.591235693175929,1.6187235677778484,0.5513170864513496,13.346253292060553,330,330,0,True
17,16,17:16,14,13.998292713106466,2.9627894592412627,2.9361026667920824,2.4536252602888626,1.5297259995256585,0.5210056231436218,11.630433734496652,330,330,0,True
17,17,17:17,12,11.999999056486894,2.9583403826128736,2.9361026667920824,2.194731056986529,1.4072007152931103,0.47927503735098786,8.977586273008347,330,330,0,True
17,18,17:18,14,13.948370074187304,2.9648905455799617,2.9361026667920824,2.3384804345918893,1.6329390239568604,0.5561586937765265,10.36547357423689,330,330,0,True
17,19,17:19,15,14.993630573248407,2.9597618537813104,2.9361026667920824,2.3380905060975055,1.4926821932637262,0.5083889641006989,10.36143256863533,330,330,0,True
17,20,17:20,15,14.963037028380953,2.963967518462076,2.9361026667920824,2.439820771991387,1.2019040634081672,0.40935355462938894,11.47098463681116,330,325,5,True
17,21,17:21,13,12.999999999754579,2.9648905455799617,2.9361026667920824,2.369737523898719,1.4495769154789655,0.49370784335097506,10.694584842749693,330,330,0,True
17,22,17:22,16,,2.9424898771665458,2.9361026667920824,2.4330582263262834,1.4192498133345146,0.4833788100758595,11.393673284788758,330,318,12,True
17,23,17:23,20,19.972034151610547,2.959072504436325,2.9361026667920824,2.6906317734474032,1.6716071847635503,0.5693285877465277,14.740985942727628,330,322,8,True
17,24,17:24,18,17.975067619475933,2.961331300932862,2.9361026667920824,2.596200196750722,1.3254040497584898,0.45141611182370384,13.412675554597149,330,330,0,True
17,25,17:25,16,15.998746411712167,2.962705336911224,2.9361026667920824,2.5868192395826903,1.3815838107957004,0.47055023873030527,13.287440152100347,330,330,0,True
17,26,17:26,14,13.99498450255464,2.9648905455799617,2.9361026667920824,2.2693800965965627,1.5314340069098855,0.5215873491859516,9.673402379981907,330,330,0,True
17,27,17:27,15,14.948365168986374,2.9648905455799617,2.9361026667920824,2.224922671520378,1.34996245680397,0.4597803993955388,9.252767273816241,330,330,0,True
17,28,17:28,16,15.908458508305984,2.9634792069234037,2.9361026667920824,2.4961913437614522,1.365868999990814,0.4651979698935837,12.136183275799809,330,329,1,True
17,29,17:29,13,12.920243851137114,2.963804727511061,2.9361026667920824,2.197681901985721,1.417640760416256,0.48283078669218926,9.00411686314526,330,326,4,True
17,30,17:30,16,15.995551790856677,2.9641907751940266,2.9361026667920824,2.5317819018274292,1.5875196623389345,0.5406894248944712,12.575895193820635,330,330,0,True
18,1,18:1,9,8.999999995240152,2.965876076088758,2.9361026667920824,1.9081965303435244,0.819496304599684,0.27911023475723573,6.740920783416712,330,329,1,True
18,2,18:2,7,6.999885232924837,2.9648905455799617,2.9361026667920824,1.5248865569293688,0.6288528046698528,0.21417943309077908,4.594622311677287,330,330,0,True
18,3,18:3,8,7.999995094799492,2.9648905455799617,2.9361026667920824,1.8958739715122406,0.5800152633005794,0.197545974757855,6.6583650838580475,330,330,0,True
18,4,18:4,9,8.999999804393632,2.9648905455799617,2.9361026667920824,2.023592409168837,0.903893454878451,0.30785485300009074,7.565454382134633,330,330,0,True
18,5,18:5,5,5.0,2.9648905455799617,2.9361026667920824,1.5264601837022844,0.4627240591946066,0.15759805146737874,4.601858224178005,330,330,0,True
18,6,18:6,7,6.896969696969698,2.9648905455799617,2.9361026667920824,1.4607889322028955,0.6754722309543623,0.2300574290518143,4.3093579788787455,330,330,0,True
18,7,18:7,11,10.954268093904009,2.96452939467023,2.9361026667920824,2.0071729828896174,0.8157009778925319,0.277817593750476,7.442248216906282,330,328,2,True
18,8,18:8,11,10.945979545140151,2.9648905455799617,2.9361026667920824,2.1368385790190243,0.950051592456848,0.3235757397730415,8.472609757881248,330,330,0,True
18,9,18:9,8,7.997494703632477,2.9648905455799617,2.9361026667920824,1.8043755231290908,0.42941164045588853,0.14625225654151042,6.076175832235588,330,330,0,True
18,10,18:10,9,8.999770857054392,2.9648905455799617,2.9361026667920824,1.7655226343911703,0.8416924433586381,0.28666996317204796,5.844626162640971,330,330,0,True
18,11,18:11,7,6.999885428530992,2.9648905455799617,2.9361026667920824,1.7160440906995431,0.8116308277471292,0.2764313513034945,5.562480215375149,330,330,0,True
18,12,18:12,5,5.0,2.9648009463961706,2.9361026667920824,1.5023794249189002,0.12709871130575634,0.04328823809305737,4.492365609965762,330,329,1,True
18,13,18:13,8,7.948370277015841,2.9648905455799617,2.9361026667920824,1.6063255788210788,0.44001077958454465,0.1498621913195189,4.984462523382396,330,330,0,True
18,14,18:14,5,4.999999992777407,2.9648905455799617,2.9361026667920824,1.2410461466752332,0.33712539573465605,0.11482071098794083,3.4592304349105008,330,330,0,True
18,15,18:15,7,6.999999999852636,2.9672967032613595,2.9361026667920824,1.7979764518539623,0.5690544240884586,0.19381284943628838,6.0374180890400995,330,329,1,True
18,16,18:16,9,8.949143746756606,2.964408068307418,2.9361026667920824,1.8565176855024959,0.7921507027275503,0.269796663341148,6.401406203338327,330,329,1,True
18,17,18:17,6,5.999995094799492,2.9648905455799617,2.9361026667920824,1.5231861807632534,0.3234975000286121,0.11017921944196112,4.586816363810827,330,330,0,True
18,18,18:18,9,8.999885428530991,2.9648905455799617,2.9361026667920824,1.8710083160862172,0.7599554448854999,0.25883135950276887,6.494841952356912,330,330,0,True
18,19,18:19,7,6.999885428530992,2.9648905455799617,2.9361026667920824,1.728003127992343,0.6902449765241081,0.235088842202597,5.629401483099362,330,330,0,True
18,20,18:20,6,6.0,2.9648905455799617,2.9361026667920824,1.728970360629625,0.5994508023308629,0.20416547728755308,5.634849058053623,330,330,0,True
18,21,18:21,9,8.999999999848518,2.963703148534635,2.9361026667920824,1.9220166840401,0.9330786954364065,0.3177949824404017,6.8347280671713335,330,329,1,True
18,22,18:22,8,7.968174912846272,2.9636016706068045,2.9361026667920824,1.663821494153062,0.8953906502663871,0.3049589036491936,5.279447722061853,330,323,7,True
18,23,18:23,9,8.896969501363543,2.9648905455799617,2.9361026667920824,1.8317214774688917,0.8570214876251921,0.2918908447304242,6.244627396267503,330,330,0,True
18,24,18:24,7,6.948484848484849,2.9648905455799617,2.9361026667920824,1.6449600111297504,0.44338110931462027,0.1510100836491008,5.180802728358022,330,330,0,True
18,25,18:25,6,5.999999804393845,2.9648905455799617,2.9361026667920824,1.539207653959659,0.3984095021071423,0.13569331434259255,4.660895765213894,330,330,0,True
19,1,19:1,10,9.999995087577112,2.9648905455799617,2.9361026667920824,2.0039510170898738,1.2315097976980691,0.41943689899767306,7.418308135450342,330,330,0,True
19,2,19:2,11,10.951367781155003,2.963956735321475,2.9361026667920824,2.1919033094210554,1.43129368180463,0.48748080167388297,8.952235784564214,330,329,1,True
19,3,19:3,10,9.99988542130861,2.9648905455799617,2.9361026667920824,2.0539669951686435,1.4193444861038478,0.4834110544419724,7.7987775352963205,330,330,0,True
19,4,19:4,8,8.0,2.9648905455799617,2.9361026667920824,1.9923376774835637,1.3231427722894458,0.4506459488813042,7.332655125181228,330,330,0,True
19,5,19:5,13,12.842949249332019,2.9648905455799617,2.9361026667920824,2.045059567715674,1.3435979315653817,0.4576127213675963,7.729618959941076,330,330,0,True
19,6,19:6,10,9.999999804393845,2.9648905455799617,2.9361026667920824,2.1630801936502095,1.4702453953275916,0.5007472701674793,8.697887617997507,330,330,0,True
19,7,19:7,11,10.948484848484844,2.9648905455799617,2.9361026667920824,2.1635296448542554,1.523305919984596,0.5188190240121694,8.701797772706119,330,330,0,True
19,8,19:8,13,12.997380132163464,2.9648905455799617,2.9361026667920824,2.1608717389952625,1.2484451639624365,0.42520487382222866,8.678699922975161,330,330,0,True
19,9,19:9,16,15.958645620560324,2.967037182616683,2.9361026667920824,2.208519430134589,1.252607656282838,0.4266225668639197,9.102229924340339,330,326,4,True
19,10,19:10,13,12.94347424877263,2.9648905455799617,2.9361026667920824,2.118040401088029,1.2837832338498625,0.4372405803004478,8.314827785188118,330,330,0,True
19,11,19:11,14,13.992483916026883,2.9648905455799617,2.9361026667920824,2.255708777183347,1.4699110406498221,0.500633393128522,9.542054104146743,330,330,0,True
19,12,19:12,10,9.99988542130861,2.9648905455799617,2.9361026667920824,2.0582508612358374,1.4321103557765151,0.48775895065726893,7.832258115704952,330,330,0,True
19,13,19:13,10,9.999999992532409,2.9648905455799617,2.9361026667920824,1.9767873638925155,1.170981988150804,0.3988218809222334,7.219512023822876,330,330,0,True
19,14,19:14,15,14.94575040940933,2.9648905455799617,2.9361026667920824,2.3185132496789795,1.3850850242191717,0.47174270841573923,10.160556859750933,330,330,0,True
19,15,19:15,16,15.88797612322717,2.9652085002498145,2.9361026667920824,2.276216990007459,1.4443105965158272,0.49191420070260944,9.739764999553383,330,328,2,True
19,16,19:16,12,11.999995087577112,2.9648905455799617,2.9361026667920824,2.246138053865743,1.4497230390947846,0.49375761123459566,9.451165373653879,330,330,0,True
19,17,19:17,15,14.910958516748899,2.9706691045870905,2.9361026667920824,2.1787247534863616,1.3066882915570484,0.4450417576796474,8.83503222761817,330,327,3,True
19,18,19:18,12,12.0,2.957869709614897,2.9361026667920824,2.303201348713443,1.4850027309302858,0.5057734348754109,10.006164456439652,330,321,9,True
19,19,19:19,12,11.948370276770635,2.9648905455799617,2.9361026667920824,2.090511668877583,1.3478881985323685,0.459073932862518,8.089053022288832,330,330,0,True
19,20,19:20,11,10.997489798677174,2.9648905455799617,2.9361026667920824,2.0535791769727645,1.2543941891072965,0.42723103769318066,7.795753613866298,330,330,0,True
19,21,19:21,13,12.997489791447203,2.9648905455799617,2.9361026667920824,2.245322466338285,1.3848659511778043,0.47166809486634087,9.44346026357813,330,330,0,True
19,22,19:22,12,11.896969501363332,2.9648905455799617,2.9361026667920824,2.1147934120704943,1.3133617783802913,0.447314664175296,8.287873414641005,330,330,0,True
19,23,19:23,13,12.997775825402437,2.9648009463961706,2.9361026667920824,2.2534689333249855,1.3566255645541203,0.46204977090816035,9.520705310772678,330,329,1,True
19,24,19:24,13,12.990506329113924,2.9439732230000746,2.9361026667920824,2.146372292632711,1.2772930551064434,0.4350301062537381,8.553771464363587,330,330,0,True
19,25,19:25,11,10.999999997946281,2.960325215789317,2.9361026667920824,2.0811405617867242,1.2891117919965178,0.4390554208395483,8.013603714074526,330,330,0,True
20,1,20:1,18,17.943354765125513,2.9648905455799617,2.9361026667920824,2.40070255574335,1.4109408483157415,0.48054888007622115,11.030923497589878,330,330,0,True
20,2,20:2,7,6.948484848484849,2.9648905455799617,2.9361026667920824,1.5143028906890668,1.0175284379995195,0.3465575129602833,4.546250788183453,330,330,0,True
20,3,20:3,9,8.99804206757664,2.965053846279006,2.9361026667920824,2.026726713979796,1.2452621466844445,0.424120777780904,7.589204022064225,330,328,2,True
20,4,20:4,9,8.918773006134957,2.966720887962775,2.9361026667920824,1.5519648026352284,0.9948927140717028,0.33884806731186257,4.720736391776431,330,326,4,True
20,5,20:5,6,6.0,2.9672967032613595,2.9361026667920824,1.6290248108505752,1.0978591393206087,0.37391714933459874,5.098899901379292,330,329,1,True
20,6,20:6,8,7.949143746756606,2.964408068307418,2.9361026667920824,1.6827027119143816,1.1004295889166515,0.37479261245280476,5.380077137597892,330,329,1,True
20,7,20:7,8,7.952310360259568,2.966473059126803,2.9361026667920824,1.7098814843061616,1.1186627494329697,0.3810025998359229,5.528306247746556,330,328,2,True
20,8,20:8,7,7.0,2.9648905455799617,2.9361026667920824,1.68137385145073,1.1012046754823275,0.37505659728359503,5.37293251395366,330,330,0,True
20,9,20:9,8,8.0,2.963956735321475,2.9361026667920824,2.011441873033535,1.4035413730202453,0.4780287109488995,7.474086265183428,330,329,1,True
20,10,20:10,7,6.997494703877682,2.9648905455799617,2.9361026667920824,1.6399518647311917,1.0219621187802579,0.3480675694139912,5.154921372736636,330,330,0,True
20,11,20:11,7,6.998292714958444,2.966064522553202,2.9361026667920824,1.7077078897853455,1.1678782709359974,0.3977647934947704,5.516303001398099,330,327,3,True
21,1,21:1,6,5.999999992777619,2.9648905455799617,2.9361026667920824,1.2995123754394624,0.8680059764818957,0.29563202482638623,3.667507864611799,330,330,0,True
21,2,21:2,7,6.999999999992409,2.9648905455799617,2.9361026667920824,1.6933191358302673,1.0821868952623215,0.36857937820161235,5.437498583071775,330,330,0,True
21,3,21:3,6,5.999999999999788,2.9648905455799617,2.9361026667920824,1.528059986571346,1.0575937232682118,0.36020325012126164,4.609226182236837,330,330,0,True
21,4,21:4,7,6.997494703877682,2.9648905455799617,2.9361026667920824,1.5306291266129133,0.8937862631855201,0.3044124693916273,4.621083154371394,330,330,0,True
21,5,21:5,7,6.999995094799492,2.9648905455799617,2.9361026667920824,1.5583089130450414,1.0619533477249745,0.36168808391337354,4.750780465354357,330,330,0,True
21,6,21:6,5,5.0,2.9648905455799617,2.9361026667920824,1.4579635855919766,0.8260957478672326,0.28135792294000594,4.297199732635643,330,330,0,True
21,7,21:7,6,6.0,2.9648905455799617,2.9361026667920824,1.7115213709526256,0.7616090070669357,0.25939454218712726,5.537379480843365,330,330,0,True
21,8,21:8,7,6.997494703877682,2.9648905455799617,2.9361026667920824,1.5433445373373098,1.0045167688188248,0.34212590049391445,4.680217285312248,330,330,0,True
21,9,21:9,6,5.999999804393845,2.9648905455799617,2.9361026667920824,1.4721153708258037,0.9518095450223734,0.32417447652206877,4.35844512402494,330,330,0,True
21,10,21:10,7,6.999999999999995,2.9648905455799617,2.9361026667920824,1.4976618479870574,0.9693726209483821,0.33015624143943717,4.471222441070398,330,330,0,True
21,11,21:11,6,6.0,2.9648905455799617,2.9361026667920824,1.696765413528688,1.0250176160909519,0.34910823374267846,5.456270040422446,330,330,0,True
21,12,21:12,6,6.0,2.964408068307418,2.9361026667920824,1.683390723388701,0.854637984229396,0.2910790531596613,5.383779966049451,330,329,1,True
21,13,21:13,6,5.999995094799492,2.9648905455799617,2.9361026667920824,1.1292105756614301,0.5946439264948375,0.2025283152460509,3.0932136778781913,330,330,0,True
21,14,21:14,6,6.0,2.9648905455799617,2.9361026667920824,1.440362741903811,0.8991794922430115,0.3062493360375011,4.222227117949338,330,330,0,True
21,15,21:15,6,5.948484848484849,2.9648905455799617,2.9361026667920824,1.372939736828062,0.8733434953771306,0.2974499172848494,3.946936612270598,330,330,0,True
21,16,21:16,7,6.999995094799492,2.9648905455799617,2.9361026667920824,1.669480377931853,0.9290792021827656,0.31643280485074315,5.309408194601344,330,330,0,True
21,17,21:17,6,6.0,2.9648905455799617,2.9361026667920824,1.668066768221185,1.0684565968238275,0.36390300956035654,5.301908065995824,330,330,0,True
21,18,21:18,6,6.0,2.9648905455799617,2.9361026667920824,1.3747515224178959,0.8817862554686378,0.300325416219882,3.9540940971047287,330,330,0,True
21,19,21:19,6,6.0,2.9648905455799617,2.9361026667920824,1.4440383109119463,0.9320067474476859,0.3174298903062456,4.23777476080269,330,330,0,True
21,20,21:20,8,7.999880523322893,2.9648905455799617,2.9361026667920824,1.3532619462168027,0.9302927202150202,0.31684611397851303,3.8700287897147705,330,330,0,True
21,21,21:21,7,6.948484848484849,2.9648905455799617,2.9361026667920824,1.6996970317298918,0.9636907840382495,0.3282210785534811,5.472289210556089,330,330,0,True
21,22,21:22,6,6.0,2.9634264472403125,2.9361026667920824,1.4912905714443647,0.9462740469914971,0.322289154835779,4.442825604523459,330,329,1,True
21,23,21:23,5,5.0,2.9648905455799617,2.9361026667920824,1.3784820564738882,1.0006658943341897,0.3408143406059755,3.968872528376013,330,330,0,True
21,24,21:24,6,5.999999999992409,2.9648905455799617,2.9361026667920824,1.4733423518565059,0.8968093633403421,0.3054420996525217,4.363796135639026,330,330,0,True
21,25,21:25,6,5.999995094799492,2.9648905455799617,2.9361026667920824,1.4247290909626127,0.8384458534379643,0.2855642150804048,4.156731594052597,330,330,0,True
22,1,22:1,8,7.999880327724329,2.9648905455799617,2.9361026667920824,1.711132524417119,0.8373515367842352,0.28519150445754204,5.535226708592594,330,330,0,True
22,2,22:2,7,6.999999995092788,2.9634264472403125,2.9361026667920824,1.5837795771446777,0.773735416150936,0.26352464609022047,4.873340212005083,330,329,1,True
22,3,22:3,8,7.997380132408674,2.9648905455799617,2.9361026667920824,1.8134352156886986,0.6631264613594261,0.22585261369076806,6.131474232233816,330,330,0,True
22,4,22:4,7,7.0,2.9648009463961706,2.9361026667920824,1.640861017507148,0.9063134757056499,0.30867908195317534,5.159610114881004,330,329,1,True
22,5,22:5,6,6.0,2.9648905455799617,2.9361026667920824,1.6668017126167987,1.0852803681636438,0.3696329765434926,5.295205098190422,330,330,0,True
22,6,22:6,6,5.9542682926829285,2.9648190928702567,2.9361026667920824,1.4294630426218786,0.6321755694546468,0.21531112539240568,4.176456010861401,330,328,2,True
22,7,22:7,5,5.0,2.9648905455799617,2.9361026667920824,1.5205680508828572,1.0025991127495082,0.3414727707205568,4.574823189527523,330,330,0,True
22,8,22:8,8,7.948484848239644,2.9648905455799617,2.9361026667920824,1.6568752664972437,0.6624586484101884,0.22562516491767481,5.242902548776274,330,330,0,True
22,9,22:9,6,6.0,2.9648905455799617,2.9361026667920824,1.6587060353407053,1.1806757461993036,0.4021234541806001,5.252509883132663,330,330,0,True
22,10,22:10,6,5.999999804393845,2.9648905455799617,2.9361026667920824,1.6046546914305857,1.0063285977384004,0.3427429868581168,4.976141001902393,330,330,0,True
22,11,22:11,8,7.997494703870091,2.9648905455799617,2.9361026667920824,1.7757006929264414,1.1490128790615255,0.39133947598532387,5.9044168703458295,330,330,0,True
22,12,22:12,6,,2.9340558050809706,2.9361026667920824,1.592032079607537,1.1624776431405925,0.3959254069309125,4.913723868027633,330,287,43,False
22,13,22:13,5,5.0,2.9648905455799617,2.9361026667920824,1.5870341382143303,0.8078483225289264,0.2751430771361829,4.889226632979232,330,330,0,True
22,14,22:14,7,6.999999999953845,2.9643689140077383,2.9361026667920824,1.6075395051444523,0.9609937200061253,0.32730249213529194,4.9905169677285866,330,327,3,True
22,15,22:15,7,6.999995094799492,2.9648905455799617,2.9361026667920824,1.6724786624759305,0.7983104300742387,0.27189458975780784,5.3253512000192,330,330,0,True
22,16,22:16,6,,2.939023580205969,2.9361026667920824,1.7102413578946394,1.143292854358771,0.38939130681281875,5.530296097179789,330,297,33,False
22,17,22:17,8,7.999995094799274,2.9648905455799617,2.9361026667920824,1.661962946209042,0.7617845875380052,0.25945434270876955,5.269644727841623,330,330,0,True
22,18,22:18,6,5.999999999999788,2.9648905455799617,2.9361026667920824,1.4684564062819097,0.8398824713454182,0.2860535092470231,4.342526867776724,330,330,0,True
22,19,22:19,7,6.948479943284341,2.9648905455799617,2.9361026667920824,1.5992812200600646,1.075349150154105,0.36625052737989117,4.949473563218843,330,330,0,True
22,20,22:20,8,7.999994899193337,2.9648905455799617,2.9361026667920824,1.7292016876576335,1.014221004105046,0.34543104216895804,5.636152701717694,330,330,0,True
22,21,22:21,6,6.0,2.9648905455799617,2.9361026667920824,1.6403082090372108,1.1880174293284507,0.4046239400158479,5.1567586269438825,330,330,0,True
22,22,22:22,11,10.997260655739158,2.9648905455799617,2.9361026667920824,1.8192137997486115,1.1760340918160783,0.4005425645081362,6.167008040165231,330,330,0,True
22,23,22:23,8,7.948475038083833,2.9648905455799617,2.9361026667920824,1.5489200581039249,0.9568528387865218,0.32589215956537276,4.70638481499346,330,330,0,True
22,24,22:24,8,,2.945096658385208,2.9361026667920824,1.7351874321636394,1.2193245296117752,0.41528674845147046,5.669990442792014,330,249,81,False
22,25,22:25,7,6.948484848484849,2.9648905455799617,2.9361026667920824,1.6672963623247086,1.185851616749184,0.40388629122591885,5.297825017763371,330,330,0,True
23,1,23:1,4,4.0,2.9648905455799617,2.9361026667920824,1.3758428958901179,0.05472678391348662,0.018639260994670816,3.9584118462188287,330,330,0,True
23,2,23:2,4,4.0,2.9648905455799617,2.9361026667920824,1.2965868580085276,0.4948027812873371,0.16852366468095856,3.6567941855943644,330,330,0,True
23,3,23:3,4,4.0,2.9648905455799617,2.9361026667920824,1.34402087752448,0.8180570369244444,0.2786200381127117,3.8344303250904033,330,330,0,True
23,4,23:4,4,4.0,2.9648905455799617,2.9361026667920824,1.3647888581400904,0.6021913090488966,0.20509885974349693,3.91489636622169,330,330,0,True
23,5,23:5,4,4.0,2.9648905455799617,2.9361026667920824,1.3503112363896663,0.3072939775531882,0.10466050149701696,3.858626288742662,330,330,0,True
23,6,23:6,4,4.0,2.9648905455799617,2.9361026667920824,1.3823642763618968,0.4353991962136651,0.14829154345933418,3.9843105116719086,330,330,0,True
23,7,23:7,4,4.0,2.9648905455799617,2.9361026667920824,1.374670773163634,0.3829852035132463,0.13043999034668874,3.95377481984598,330,330,0,True
23,8,23:8,4,4.0,2.9648905455799617,2.9361026667920824,1.3851820577135008,0.5152202523616517,0.17547760103517407,3.9955532598949897,330,330,0,True
23,9,23:9,4,4.0,2.9648905455799617,2.9361026667920824,1.3688970470743103,0.8103703746759916,0.27600205668604344,3.9310125817146964,330,330,0,True
23,10,23:10,4,4.0,2.9648905455799617,2.9361026667920824,1.338830377378934,0.8478681609090161,0.28877333565293106,3.814579276931834,330,330,0,True
23,11,23:11,4,4.0,2.9648905455799617,2.9361026667920824,1.3545502556356548,0.7594821887476242,0.2586701743564767,3.8750177972584545,330,330,0,True
23,12,23:12,4,4.0,2.9648905455799617,2.9361026667920824,1.378633367256014,0.2106762736213314,0.07175371488338023,3.969473107018305,330,330,0,True
23,13,23:13,4,4.0,2.9648905455799617,2.9361026667920824,1.3599663985205916,0.8434369162759281,0.28726410892077137,3.8960623861357058,330,330,0,True
23,14,23:14,4,4.0,2.9648905455799617,2.9361026667920824,1.3482335997907946,0.782019708697736,0.26634617295319324,3.8506177878019034,330,330,0,True
23,15,23:15,4,4.0,2.9648905455799617,2.9361026667920824,1.3735679269239542,0.6508716736862799,0.22167878563912996,3.949416817698222,330,330,0,True
23,16,23:16,4,4.0,2.9648905455799617,2.9361026667920824,1.3538964977979508,0.7328009532618985,0.2495828778571084,3.8724853019117944,330,330,0,True
23,17,23:17,4,4.0,2.9648905455799617,2.9361026667920824,1.3582416014405558,0.6191835375387038,0.2108862011338348,3.889348261024656,330,330,0,True
23,18,23:18,4,4.0,2.9648905455799617,2.9361026667920824,1.3900864619528794,0.8124097895946046,0.27669665600700016,4.01519719977758,330,330,0,True
23,19,23:19,4,4.0,2.9648905455799617,2.9361026667920824,1.3816370160745448,0.3843744799477702,0.13091316059725147,3.981413934274814,330,330,0,True
23,20,23:20,5,4.999885428530992,2.9648905455799617,2.9361026667920824,1.3955209993264188,0.34359528443941295,0.11702427450018878,4.037077339389128,330,330,0,True
23,21,23:21,4,4.0,2.964408068307418,2.9361026667920824,1.2857752304332697,0.748267793059499,0.25485069085715556,3.617471244280376,330,329,1,True
23,22,23:22,4,4.0,2.9648905455799617,2.9361026667920824,1.1360260590172022,0.767798873198197,0.2615027334984427,3.1143674288504335,330,330,0,True
23,23,23:23,4,4.0,2.9648905455799617,2.9361026667920824,1.2728615487700035,0.7787590719393456,0.26523564068357314,3.571056708493387,330,330,0,True
23,24,23:24,4,4.0,2.9648905455799617,2.9361026667920824,1.2391445070448903,0.8191142571530656,0.27898011415520796,3.452658475954265,330,330,0,True
23,25,23:25,4,4.0,2.9648905455799617,2.9361026667920824,1.202984655335585,0.739045596994479,0.251709725737194,3.3300411302269706,330,330,0,True
24,1,24:1,9,9.0,2.9648905455799617,2.9361026667920824,1.9908443388625257,1.3124269647551012,0.4469962782973895,7.3217131601509635,330,330,0,True
24,2,24:2,14,13.842949249324638,2.9648905455799617,2.9361026667920824,2.1314171884013073,1.4206707336902538,0.48386275785187227,8.42680071738303,330,330,0,True
24,3,24:3,11,10.999999797171464,2.9648905455799617,2.9361026667920824,2.1481110369167475,1.3618568145277987,0.46383146949549003,8.56865722311792,330,330,0,True
24,4,24:4,10,9.999995094799491,2.9648905455799617,2.9361026667920824,2.062993158294572,1.334407872850715,0.45448270182890366,7.869489221035612,330,330,0,True
24,5,24:5,11,10.999999999992408,2.9648905455799617,2.9361026667920824,2.1921615715267624,1.4308532753058965,0.48733080470554985,8.954548106408424,330,330,0,True
24,6,24:6,11,10.999999999992196,2.9648905455799617,2.9361026667920824,2.226486221081696,1.4487078167947653,0.49341183916350917,9.267245749986115,330,330,0,True
24,7,24:7,12,11.999999999754795,2.9648905455799617,2.9361026667920824,2.3408287175460223,0.9416618816988334,0.3207183087802823,10.389843241381024,330,330,0,True
24,8,24:8,11,10.999999999999995,2.9648905455799617,2.9361026667920824,2.250198613988074,1.544900329765019,0.5261738110312543,9.489620420556973,330,330,0,True
24,9,24:9,11,10.948484652878694,2.9648905455799617,2.9361026667920824,2.134200266877477,1.4003836016112325,0.4769532133361192,8.450285830380084,330,330,0,True
24,10,24:10,10,9.999999999999577,2.9648905455799617,2.9361026667920824,2.0493832438816226,1.2910785244890488,0.4397252654314201,7.763111682877429,330,330,0,True
24,11,24:11,9,9.0,2.9648905455799617,2.9361026667920824,2.0698767082993426,1.3494903588865368,0.459619608724704,7.923846113159401,330,330,0,True
24,12,24:12,8,8.0,2.9648905455799617,2.9361026667920824,1.956598942665077,1.1938427825129643,0.40660798275740445,7.075222859895542,330,330,0,True
24,13,24:13,10,9.997494703877683,2.9648905455799617,2.9361026667920824,2.067172233849357,1.2735361578650441,0.4337505538443859,7.902445225921279,330,330,0,True
24,14,24:14,12,11.948484848477257,2.9648905455799617,2.9361026667920824,2.1617129025706214,1.4217513454149189,0.48423080074658675,8.686003200426702,330,330,0,True
24,15,24:15,11,10.94848484848485,2.9648905455799617,2.9361026667920824,2.1868262871365394,1.3374941201900092,0.4555338392343495,8.906900266089766,330,330,0,True
24,16,24:16,11,10.999999999999995,2.9648905455799617,2.9361026667920824,2.181365212662405,1.4027546432368327,0.477760760583161,8.858391595691272,330,330,0,True
24,17,24:17,10,9.948484848239644,2.9648905455799617,2.9361026667920824,2.044442394147799,1.4140597721150112,0.4816111466769587,7.724849915244797,330,330,0,True
24,18,24:18,12,11.94848484848485,2.9648905455799617,2.9361026667920824,2.2371307977101558,1.5039058311991125,0.5122115953943276,9.366418547314247,330,330,0,True
24,19,24:19,11,10.999999992770027,2.9648905455799617,2.9361026667920824,2.1443602747320543,1.391696574942549,0.4739945202471698,8.536578425210527,330,330,0,True
24,20,24:20,10,9.999995094799491,2.9648905455799617,2.9361026667920824,2.185433223748183,1.5361242378554354,0.5231847834305362,8.894501027892911,330,330,0,True
24,21,24:21,11,10.999999999754795,2.9648905455799617,2.9361026667920824,2.1671683297267736,1.3541164078881243,0.46119518339854254,8.733518548580381,330,330,0,True
24,22,24:22,12,11.999885428530991,2.9648905455799617,2.9361026667920824,2.2971709003417002,1.4234951206280881,0.48482470886597634,9.946004376729842,330,330,0,True
24,23,24:23,10,9.999885428530991,2.9648905455799617,2.9361026667920824,2.109060207141388,1.3828426228893425,0.4709789744512593,8.24049328769761,330,330,0,True
24,24,24:24,10,9.99988542853078,2.9648905455799617,2.9361026667920824,2.0644671443155724,1.4085323969396495,0.4797285915340894,7.881097291104662,330,330,0,True
24,25,24:25,11,11.0,2.9648905455799617,2.9361026667920824,2.1912471782601495,1.459626601459328,0.4971306412299547,8.946363870289808,330,330,0,True
25,1,25:1,7,6.9999998598008375,2.9672967032613595,2.9361026667920824,1.5708585220627032,1.0266991751706567,0.349680951821894,4.810776579198599,330,329,1,True
25,2,25:2,7,7.0,2.9648905455799617,2.9361026667920824,1.622068678576291,1.0831362780374776,0.36890272615054265,5.063554355881108,330,330,0,True
25,3,25:3,7,6.999995094799492,2.9648905455799617,2.9361026667920824,1.5841373800698402,1.085206239802194,0.36960772934683006,4.875084219375114,330,330,0,True
25,4,25:4,7,6.999999804393845,2.9648905455799617,2.9361026667920824,1.5548391008927198,0.9485897668534049,0.32307786017912377,4.734324715253542,330,330,0,True
25,5,25:5,7,6.999999992777619,2.9648905455799617,2.9361026667920824,1.574673766570279,1.1018984475491391,0.37529288740882066,4.8291659257398445,330,330,0,True
25,6,25:6,7,6.999999999754795,2.9648905455799617,2.9361026667920824,1.6159861405760048,0.859426023603786,0.2927097997369332,5.032848573308724,330,330,0,True
25,7,25:7,7,6.999995094799492,2.9648905455799617,2.9361026667920824,1.6279532254308096,1.0400174846644021,0.3542170021597716,5.09343892106414,330,330,0,True
25,8,25:8,7,6.999999995240152,2.9648009463961706,2.9361026667920824,1.5517249533255,1.0391177936402634,0.3539105786023414,4.719604262187132,330,329,1,True
25,9,25:9,7,6.999999999999788,2.9648905455799617,2.9361026667920824,1.6044454000417019,1.0844886246607937,0.3693633185673581,4.9750996474178875,330,330,0,True
25,10,25:10,7,6.999999804393845,2.9648905455799617,2.9361026667920824,1.5869135129004968,1.0607533150185502,0.36127936771962565,4.88863690405106,330,330,0,True
25,11,25:11,7,6.999904781401903,2.965876076088758,2.9361026667920824,1.5598483353624282,1.0968466640722851,0.37357231287510606,4.758099554967264,330,329,1,True
25,12,25:12,7,6.999885428530992,2.9648905455799617,2.9361026667920824,1.545199670397652,1.0597303207127464,0.360930948600167,4.6889077696378365,330,330,0,True
25,13,25:13,7,6.999999999999788,2.9648905455799617,2.9361026667920824,1.5980718047744147,1.0300716223746158,0.3508295653367081,4.943491212537936,330,330,0,True
25,14,25:14,7,7.0,2.9648905455799617,2.9361026667920824,1.6264662437039918,1.0212207608106656,0.34781507212294716,5.085870698760508,330,330,0,True
25,15,25:15,7,6.999999992777619,2.9648905455799617,2.9361026667920824,1.6705483156241712,1.1531369054066998,0.39274406799493505,5.315081340480241,330,330,0,True
25,16,25:16,7,6.997494703877682,2.9648905455799617,2.9361026667920824,1.6210496491754196,1.0417030944843202,0.35479109987065294,5.058397073277141,330,330,0,True
25,17,25:17,7,6.948484848484849,2.9648905455799617,2.9361026667920824,1.564315203640504,1.1499651624848455,0.3916638118588921,4.779400898662849,330,330,0,True
25,18,25:18,7,6.999999999999788,2.9648905455799617,2.9361026667920824,1.6167496776369863,1.0846620022931646,0.3694223688295754,5.03669280713749,330,330,0,True
25,19,25:19,7,6.999999999754795,2.9648905455799617,2.9361026667920824,1.5319867196988926,1.0563021746175298,0.3597633647367042,4.627360965303665,330,330,0,True
25,20,25:20,7,6.999999992777619,2.9648905455799617,2.9361026667920824,1.6113379846504887,1.1172425773207888,0.38051890690234685,5.009509392487212,330,330,0,True
25,21,25:21,7,6.997494703877682,2.9648905455799617,2.9361026667920824,1.5986323288402315,1.0827810342452682,0.3687817345393748,4.946262935067739,330,330,0,True
25,22,25:22,7,6.999999999754795,2.9648905455799617,2.9361026667920824,1.573605534532202,1.069371909495316,0.36421475365631095,4.824010010328086,330,330,0,True
25,23,25:23,7,6.999999999754795,2.9648905455799617,2.9361026667920824,1.5597307896341157,1.0118614189668493,0.3446273968588386,4.757540293559731,330,330,0,True
25,24,25:24,7,6.999999999992409,2.9648905455799617,2.9361026667920824,1.7033315864511647,1.1641186450635004,0.39648431174765064,5.492214733409411,330,330,0,True
25,25,25:25,7,6.999999992777619,2.9648905455799617,2.9361026667920824,1.5699625146629057,1.0912893212956831,0.3716795511404921,4.806468018324331,330,330,0,True
26,1,26:1,9,,2.9067557377811966,2.9361026667920824,1.7187090761726296,1.0888679437110729,0.3708548600927313,5.577323914679784,330,328,2,True
26,2,26:2,7,,2.832476841345412,2.9361026667920824,1.7272394357163643,1.1757091150121652,0.40043188145621544,5.625103993856874,330,327,3,True
26,3,26:3,7,,2.8263034481465716,2.9361026667920824,1.6160516817197017,1.1061443561851778,0.3767389910086916,5.033178442770164,330,280,50,False
26,4,26:4,9,,2.905753996013332,2.9361026667920824,1.779101484143909,0.9547215224084223,0.32516625975192104,5.924530741535637,330,328,2,True
26,5,26:5,7,,2.9199230834659025,2.9361026667920824,1.7156226718406353,1.1642725356023071,0.39653672494850606,5.560136575171863,330,329,1,True
26,6,26:6,7,7.0,2.955656652076301,2.9361026667920824,1.1306505981469366,0.3472539668412978,0.11827037615843979,3.097671183810917,330,330,0,True
26,7,26:7,8,,2.891224331074308,2.9361026667920824,1.8293882330374394,1.0539138828971282,0.3589499423222179,6.2300741389243575,330,326,4,True
26,8,26:8,7,,2.9083275755511466,2.9361026667920824,1.6616481900880875,0.9733121394352691,0.3314979923705077,5.267986335916476,330,328,2,True
26,9,26:9,7,,2.9354657754528746,2.9361026667920824,1.8844967744577563,1.0563688679576917,0.3597860796577171,6.583040854040555,330,324,6,True
26,10,26:10,6,,2.9264536187138153,2.9361026667920824,1.572560131650058,0.9253583878118052,0.3151655418176607,4.8189696114426,330,328,2,True
26,11,26:11,7,,2.895493016605705,2.9361026667920824,1.7140384810347578,1.0978426062753652,0.3739115183853031,5.551335231274791,330,330,0,True
26,12,26:12,7,,2.87577199412164,2.9361026667920824,1.71672311521154,1.003036132557545,0.34162161422421883,5.566258558437489,330,294,36,False
26,13,26:13,7,,2.894564543430836,2.9361026667920824,1.630590108473657,1.1257044787423232,0.38340092513598706,5.106887447087515,330,330,0,True
26,14,26:14,7,,2.8905530075733052,2.9361026667920824,1.7471315177381155,1.1150576331761561,0.3797747421395323,5.738119352668046,330,330,0,True
26,15,26:15,8,,2.905347042572039,2.9361026667920824,1.841164032393719,1.1540820740416384,0.3930659806601932,6.303871903001122,330,330,0,True
26,16,26:16,6,,2.837168276046709,2.9361026667920824,1.5133260009081488,0.929771090130932,0.31666845326862436,4.541811770815357,330,330,0,True
26,17,26:17,7,,2.891544206601766,2.9361026667920824,1.7431020939300204,0.9781316506200225,0.33313945785441706,5.715044558218456,330,330,0,True
26,18,26:18,8,,2.867562577954737,2.9361026667920824,1.7089128857954932,1.0680589441500887,0.3637675740123301,5.522954130993067,330,311,19,False
26,19,26:19,7,,2.851289931749693,2.9361026667920824,1.6223701839731126,1.0702816859926545,0.36452461220030136,5.065081275022119,330,313,17,True
26,20,26:20,8,,2.879501379979511,2.9361026667920824,1.6806093523537695,1.0535401661391275,0.358822659048977,5.3688264816277,330,328,2,True
26,21,26:21,7,,2.9212179938734146,2.9361026667920824,1.756792088982434,0.9133279999951395,0.31106814156230456,5.7938214874968175,330,330,0,True
26,22,26:22,7,,2.88166875942372,2.9361026667920824,1.5214691850894928,0.8314478068590124,0.2831807675742596,4.578947577227237,330,328,2,True
26,23,26:23,7,,2.8668316357893664,2.9361026667920824,1.7235099028623082,1.0281665482405138,0.3501807208137802,5.604164056069126,330,328,2,True
26,24,26:24,7,,2.8582539915916985,2.9361026667920824,1.5900679984780774,0.9463119778279564,0.32230207360625945,4.904082387127839,330,327,3,True
26,25,26:25,7,,2.9206716410305407,2.9361026667920824,1.5083993785316356,0.6880474292824302,0.23434038498189672,4.519491007448197,330,303,27,False
27,1,27:1,15,14.914366668125888,2.9638428585714123,2.9361026667920824,2.345268523367028,1.3751388473691497,0.46835516445737724,10.436074681249021,330,327,3,True
27,2,27:2,11,10.951367781155005,2.96574388165261,2.9361026667920824,2.253049217422051,1.2182344947318975,0.41491549614745327,9.516710157819855,330,329,1,True
27,3,27:3,12,11.999900984341242,2.9648009463961706,2.9361026667920824,2.2520169784424797,1.2274721755291103,0.4180617351743418,9.50689170700331,330,329,1,True
27,4,27:4,17,16.94409908771613,2.963075535403636,2.9361026667920824,2.5248604222974302,1.586037894264955,0.5401847531434666,12.48915193481062,330,324,6,True
27,5,27:5,17,16.948479747432977,2.9648905455799617,2.9361026667920824,2.656255801601586,1.2223161464971857,0.41630565590291835,14.242861040972521,330,330,0,True
27,6,27:6,15,14.952229397239595,2.9641080362199568,2.9361026667920824,2.301035465283659,1.4242997501995218,0.4850987556765781,9.984515723426751,330,329,1,True
27,7,27:7,21,,2.9595834607862317,2.9361026667920824,2.6520106164609767,1.5195001696993962,0.5175228328645493,14.182525617055852,330,323,7,True
27,8,27:8,16,15.95418732974765,2.9639173631900304,2.9361026667920824,2.5128509888801305,1.5835503677608116,0.5393375325975784,12.340061334924076,330,328,2,True
27,9,27:9,16,15.996815286624203,2.9611410869477734,2.9361026667920824,2.3984635379717085,1.417265864632378,0.48270310185741894,11.006252693332385,330,327,3,True
27,10,27:10,17,16.95231025926822,2.963224847006117,2.9361026667920824,2.5183272603580242,1.6594626333662212,0.5651923047974721,12.407824235519724,330,328,2,True
27,11,27:11,7,7.0,2.9630068914137215,2.9361026667920824,1.8826194777726908,1.2960205344538873,0.44140845247413957,6.570694126129375,330,328,2,True
27,12,27:12,10,10.0,2.9648905455799617,2.9361026667920824,2.1369599909466346,1.2495501852760376,0.42558123031892037,8.473638496213129,330,330,0,True
27,13,27:13,17,16.811623931623938,2.962307623399841,2.9361026667920824,2.1716777866297288,1.222547671803812,0.41638451053877457,8.7729909066453,330,325,5,True
27,14,27:14,19,,2.950169229271788,2.9361026667920824,2.6580850192750347,1.5745769125122413,0.5362812855017047,14.268938177217136,330,321,9,True
27,15,27:15,15,14.978118530006157,2.9558609056883527,2.9361026667920824,2.3838913634964,1.5507465176914874,0.5281649498264299,10.847030582490563,330,330,0,True
27,16,27:16,15,14.999999999860469,2.962395263583703,2.9361026667920824,2.6170948009053947,1.3709307887042144,0.4669219520862537,13.695876483263259,330,327,3,True
27,17,27:17,13,12.944695677959809,2.961966924921702,2.9361026667920824,2.184171173390705,1.3298204174809438,0.45292027166538923,8.883282800164235,330,329,1,True
27,18,27:18,23,22.85399630356363,2.9634264472403125,2.9361026667920824,2.6727358626820052,1.6313226619394463,0.5556081810047165,14.479529056148413,330,329,1,True
27,19,27:19,16,15.931046182357184,2.964412952965099,2.9361026667920824,2.3748093228518043,1.1258518183933008,0.3834511071860373,10.748963408970857,330,324,6,True
27,20,27:20,16,15.932069354752231,2.9670332425988644,2.9361026667920824,2.3219250014520134,1.2733986872261442,0.4337037330569336,10.195281359636324,330,324,6,True
27,21,27:21,14,13.978124835189135,2.9651904118607573,2.9361026667920824,2.2999591443403684,1.3950794263019084,0.4751466772877325,9.973774961335508,330,326,4,True
27,22,27:22,16,15.938080495352496,2.964259604535017,2.9361026667920824,2.4603899741266124,1.5701931103455797,0.5347882170827276,11.709377003786843,330,323,7,True
27,23,27:23,10,9.94904852815439,2.9641907751940266,2.9361026667920824,1.7586173766073112,1.11770661473108,0.38067695226484033,5.804406535598519,330,329,1,True
27,24,27:24,15,14.999921919907896,2.9639173631900304,2.9361026667920824,2.482315951138994,1.5822259898059416,0.538886465960894,11.96895185177529,330,328,2,True
27,25,27:25,18,,2.9435253002518045,2.9361026667920824,2.6130457870335206,1.5224251497870724,0.5185190446526309,13.640533806637402,330,311,19,False
28,1,28:1,7,6.999999999992409,2.9648905455799617,2.9361026667920824,1.731661281416625,0.961312903548897,0.3274112020746213,5.650032409952212,330,330,0,True
28,2,28:2,7,6.999995094799492,2.9648905455799617,2.9361026667920824,1.762757971759881,0.9446105704362465,0.32172259543917997,5.828490058814728,330,330,0,True
28,3,28:3,9,9.0,2.9648905455799617,2.9361026667920824,2.0316523954219607,1.3800727440936924,0.47003558823150005,7.626678240740605,330,330,0,True
28,4,28:4,15,14.945864785287368,2.9648905455799617,2.9361026667920824,2.4640775508997104,1.493869382903401,0.5087933061058686,11.752635941760527,330,330,0,True
28,5,28:5,8,7.999995094799492,2.9648905455799617,2.9361026667920824,1.9171505408509129,0.8097140112003736,0.27577850746106514,6.8015500915966385,330,330,0,True
28,6,28:6,10,9.94847994328434,2.9648905455799617,2.9361026667920824,2.106230190620519,1.255029449811053,0.4274473995768919,8.217205523474686,330,330,0,True
28,7,28:7,7,6.948484848484849,2.9648905455799617,2.9361026667920824,1.6952019760155987,0.7546516851027614,0.257024964977562,5.447746168166793,330,330,0,True
28,8,28:8,9,9.0,2.9648905455799617,2.9361026667920824,2.0589724362711843,1.173164201121731,0.39956511548129986,7.837911717135158,330,330,0,True
28,9,28:9,12,11.997494703877678,2.9648905455799617,2.9361026667920824,2.3284873949613396,1.4276009210916512,0.48622309336730885,10.262406818798947,330,330,0,True
28,10,28:10,8,7.9999996087876895,2.9648905455799617,2.9361026667920824,1.8025597744429633,0.8376552230191586,0.2852949362068327,6.065153034295427,330,330,0,True
28,11,28:11,9,8.999904781401904,2.9641907751940266,2.9361026667920824,2.0579949454473763,1.3388048240319406,0.4559802486384741,7.830253973650575,330,329,1,True
28,12,28:12,10,9.998229610481884,2.9636388336864465,2.9361026667920824,1.990946709397467,1.2080808606042055,0.41145729482413723,7.32246272620994,330,327,3,True
28,13,28:13,8,8.0,2.9688552232178327,2.9361026667920824,1.9332108970506878,0.9518781564847997,0.3241978447316352,6.911667302681392,330,316,14,True
28,14,28:14,8,7.95712350612458,2.9651779847129713,2.9361026667920824,1.6657607668014442,0.9617796173946652,0.32757015899770403,5.289695944464738,330,327,3,True
28,15,28:15,9,8.999999999754584,2.9648905455799617,2.9361026667920824,1.9585007803296317,1.0590102620642923,0.3606857055926257,7.08869158882391,330,330,0,True
28,16,28:16,10,9.999999797171464,2.9648905455799617,2.9361026667920824,2.1461700921345304,1.2143822362260464,0.4136034648791257,8.552042062361036,330,330,0,True
28,17,28:17,7,7.0,2.9648905455799617,2.9361026667920824,1.7760986687539462,1.156503581608965,0.3938907159784484,5.906767153182596,330,330,0,True
28,18,28:18,10,10.0,2.9646108529195274,2.9361026667920824,2.1180881905737325,1.2713528080432723,0.43300693208808083,8.315225156026683,330,329,1,True
28,19,28:19,8,7.9542682926829285,2.9696443899530354,2.9361026667920824,1.8300731786176163,1.0513716611798272,0.3580840932679413,6.234342862424747,330,328,2,True
28,20,28:20,8,7.999999995240152,2.9672967032613595,2.9361026667920824,1.8046729567665027,1.0355574030106696,0.35269795389753705,6.077983360111395,330,329,1,True
28,21,28:21,5,5.0,2.9648905455799617,2.9361026667920824,1.5297425254140113,1.1343351227462874,0.38634041499156285,4.616987912198073,330,330,0,True
28,22,28:22,7,7.0,2.9648905455799617,2.9361026667920824,1.7763519284659253,1.3179529085853496,0.4488783459419402,5.9082632887779765,330,330,0,True
28,23,28:23,8,7.896969696969693,2.9648905455799617,2.9361026667920824,1.7106470349709915,0.7629210364777773,0.25984140306351317,5.53254006666457,330,330,0,True
28,24,28:24,8,7.999999945931462,2.9653558635672645,2.9361026667920824,1.8223197565116245,0.6068458503834064,0.20668413855106507,6.186192277778944,330,325,5,True
28,25,28:25,10,9.902735562158526,2.9651487934141416,2.9361026667920824,1.8342634451286932,0.7401963362786901,0.2521016532052714,6.260521229402938,330,329,1,True
29,1,29:1,6,6.0,2.9648905455799617,2.9361026667920824,1.6540437756928812,1.1071350309648107,0.37707640250006674,5.228078315665355,330,330,0,True
29,2,29:2,7,6.948484848484849,2.9648905455799617,2.9361026667920824,1.7279520109576878,1.240855774177759,0.4226200221852219,5.629113732143214,330,330,0,True
29,3,29:3,6,6.0,2.9648905455799617,2.9361026667920824,1.6645369969785841,1.1545354756056814,0.3932204035859209,5.283226533538118,330,330,0,True
29,4,29:4,7,6.948484848484849,2.9648905455799617,2.9361026667920824,1.604318787154422,1.1809174578599964,0.4022057781617832,4.974469775562811,330,330,0,True
29,5,29:5,7,7.0,2.9648905455799617,2.9361026667920824,1.7934810446346872,1.122583735852445,0.38233803897564456,6.010338349010075,330,330,0,True
29,6,29:6,6,6.0,2.9648905455799617,2.9361026667920824,1.6854993840480275,1.1034923855778875,0.3758357628493753,5.3951445088334795,330,330,0,True
29,7,29:7,6,6.0,2.9648905455799617,2.9361026667920824,1.5855404675101747,1.1095180437337342,0.3778880269694274,4.8819291897369155,330,330,0,True
29,8,29:8,6,6.0,2.964408068307418,2.9361026667920824,1.526565689969194,1.0050729141269488,0.34231531665923254,4.602343774673945,330,329,1,True
29,9,29:9,7,6.948484848484849,2.9648905455799617,2.9361026667920824,1.6489514855179142,1.17554769425162,0.40037690355562267,5.20152309465458,330,330,0,True
29,10,29:10,8,7.948484848484849,2.9648905455799617,2.9361026667920824,1.784354497324691,1.1599906453746756,0.3950783664666789,5.955734264115721,330,330,0,True
29,11,29:11,7,7.0,2.9648905455799617,2.9361026667920824,1.845357099017342,0.9708344231882603,0.33065411307601567,6.330359952145615,330,330,0,True
29,12,29:12,7,7.0,2.9648905455799617,2.9361026667920824,1.6645481772070336,1.143263604648726,0.38938134472587405,5.2832856015479095,330,330,0,True
29,13,29:13,7,6.999999999999788,2.9648905455799617,2.9361026667920824,1.7424989338558776,1.208463600517624,0.4115876512717327,5.711598510882548,330,330,0,True
29,14,29:14,7,6.997494696655301,2.9648905455799617,2.9361026667920824,1.5837349317395701,0.9078983076708438,0.3092188559818967,4.87312264461382,330,330,0,True
29,15,29:15,7,7.0,2.9648905455799617,2.9361026667920824,1.789727524404434,1.2198429274062583,0.41546330828377687,5.987820709072339,330,330,0,True
29,16,29:16,7,7.0,2.961966924921702,2.9361026667920824,1.8185293948274528,1.115664199449476,0.37998133105761756,6.162788753528682,330,329,1,True
29,17,29:17,6,6.0,2.9648905455799617,2.9361026667920824,1.7115607808784585,1.1424352656158674,0.38909922276800546,5.537597712858239,330,330,0,True
29,18,29:18,5,5.0,2.9648905455799617,2.9361026667920824,1.5405412015287543,0.9681512691311241,0.3297402642220627,4.667115437624184,330,330,0,True
29,19,29:19,5,5.0,2.9648905455799617,2.9361026667920824,1.514077394595177,1.008711713543614,0.3435546464203546,4.5452257419651785,330,330,0,True
29,20,29:20,7,7.0,2.9648905455799617,2.9361026667920824,1.8059206739741003,1.0218766546996443,0.3480384614125646,6.08557169760247,330,330,0,True
29,21,29:21,6,6.0,2.9648905455799617,2.9361026667920824,1.6053473205737954,1.1533226735550686,0.3928073383125809,4.979588816071481,330,330,0,True
29,22,29:22,7,6.948484848484849,2.9648905455799617,2.9361026667920824,1.6889953876181558,1.1965874802926106,0.4075427926367351,5.414038961590807,330,330,0,True
29,23,29:23,7,7.0,2.9648905455799617,2.9361026667920824,1.8396034087112076,1.185230731828098,0.40367482555473905,6.294041603911741,330,330,0,True
29,24,29:24,7,6.999999999999788,2.9648905455799617,2.9361026667920824,1.7373576808142854,1.0874488653617842,0.37037153968117387,5.6823090943330525,330,330,0,True
29,25,29:25,7,7.0,2.9648905455799617,2.9361026667920824,1.708930601394577,1.12497764585574,0.38315337490731016,5.523051974300884,330,330,0,True
30,1,30:1,6,6.0,2.9648905455799617,2.9361026667920824,1.6364417102889885,1.118447023761368,0.38092912635897613,5.136858522823651,330,330,0,True
30,2,30:2,6,6.0,2.9648905455799617,2.9361026667920824,1.7161063272360761,1.0317707880364524,0.3514082799985129,5.562826415651329,330,330,0,True
30,3,30:3,6,6.0,2.9648905455799617,2.9361026667920824,1.579275573172069,1.0277887388056781,0.3500520436257824,4.851440024618182,330,330,0,True
30,4,30:4,5,5.0,2.9648905455799617,2.9361026667920824,1.5583370542025865,1.0864208059519764,0.37002139545037593,4.750914159697042,330,330,0,True
30,5,30:5,5,5.0,2.9648905455799617,2.9361026667920824,1.4752226694905501,0.9093218260025054,0.3097036885961516,4.372009177608232,330,330,0,True
30,6,30:6,5,5.0,2.9648905455799617,2.9361026667920824,1.5450939863362334,1.1934680526692365,0.4064803544397826,4.68841225300569,330,330,0,True
30,7,30:7,5,5.0,2.9648905455799617,2.9361026667920824,1.5818315776922531,1.1265295691171184,0.3836819406413804,4.863856188376123,330,330,0,True
30,8,30:8,5,5.0,2.9648905455799617,2.9361026667920824,1.5128063166008938,1.0390043753345042,0.353871949739992,4.539452075712923,330,330,0,True
30,9,30:9,6,6.0,2.9648905455799617,2.9361026667920824,1.764576986828971,1.1398172256847974,0.388207550974413,5.839101818611213,330,330,0,True
30,10,30:10,6,6.0,2.9648905455799617,2.9361026667920824,1.7608737631431857,1.1323693788556748,0.3856709071051917,5.817518307403892,330,330,0,True
30,11,30:11,6,6.0,2.9648905455799617,2.9361026667920824,1.7531140905536744,1.1462877914357263,0.39041134508015474,5.772550961628039,330,330,0,True
30,12,30:12,6,6.0,2.9648905455799617,2.9361026667920824,1.7081248862416178,1.0114767913329885,0.34449639747717153,5.518603759872133,330,330,0,True
30,13,30:13,6,5.999999999999788,2.9648905455799617,2.9361026667920824,1.547002830621177,1.1114194290346215,0.37853561512170575,4.697370248929951,330,330,0,True
30,14,30:14,6,6.0,2.9648905455799617,2.9361026667920824,1.7744199370514218,1.2145206116269298,0.413650593817241,5.8968595942964575,330,330,0,True
30,15,30:15,6,6.0,2.9648905455799617,2.9361026667920824,1.6894221168514696,0.9076620121404374,0.30913837666723276,5.416349783298539,330,330,0,True
30,16,30:16,6,5.999999999992409,2.9648905455799617,2.9361026667920824,1.4852763184981435,0.9490528318014695,0.32323557433309463,4.416185517951844,330,330,0,True
30,17,30:17,5,5.0,2.9648905455799617,2.9361026667920824,1.526613764481362,1.0554593050219683,0.35947629385015295,4.602565035424201,330,330,0,True
30,18,30:18,6,6.0,2.9648905455799617,2.9361026667920824,1.7014010936874602,1.1135793550299575,0.37927125901446374,5.4816222802266275,330,330,0,True
30,19,30:19,5,5.0,2.9648905455799617,2.9361026667920824,1.5635764300393096,1.1508164972968755,0.39195376589274067,4.775871307394351,330,330,0,True
30,20,30:20,6,6.0,2.9648905455799617,2.9361026667920824,1.7445360365789726,0.976419208482213,0.3325562213902506,5.723245482773666,330,330,0,True
30,21,30:21,6,6.0,2.9648905455799617,2.9361026667920824,1.779988374443767,1.2215711172231885,0.416051908211319,5.929787481112617,330,330,0,True
30,22,30:22,6,6.0,2.9648905455799617,2.9361026667920824,1.7714148373764214,1.0252608802665373,0.3491910864910979,5.879165542955773,330,330,0,True
30,23,30:23,6,6.0,2.9648905455799617,2.9361026667920824,1.7695897655886872,1.0132718710535247,0.34510777927278746,5.86844542925207,330,330,0,True
30,24,30:24,6,6.0,2.9648905455799617,2.9361026667920824,1.7681454728394075,1.2506284500283467,0.4259484738640813,5.859975793857844,330,330,0,True
30,25,30:25,6,5.997494703877682,2.9648905455799617,2.9361026667920824,1.5169316774460422,1.079534570410778,0.3676760293911154,4.558217634301191,330,330,0,True
31,1,31:1,6,,2.161301477666099,2.9361026667920824,1.5710566404868547,1.4567716711577514,0.49615828752656876,4.811729777093329,330,46,284,False
31,2,31:2,5,,2.3601764185745218,2.9361026667920824,1.5726607947432776,1.4695581404271438,0.5005131997079478,4.819454728246088,330,107,223,False
31,3,31:3,4,,2.0453679513998635,2.9361026667920824,1.5083883431493221,1.5083883431493221,0.5137382831361793,4.519441133412257,330,8,322,False
31,4,31:4,5,,2.0804258848016857,2.9361026667920824,1.5729562078390842,1.5729562078390842,0.5357292936754353,4.820878668602418,330,43,287,False
31,5,31:5,5,,1.8100458163214366,2.9361026667920824,1.6568269877751245,1.6568269877751245,0.564294636735348,5.242649434251096,330,22,308,False
31,6,31:6,5,,2.1249047465398494,2.9361026667920824,1.6687891850588954,1.6687891850588952,0.5683688121444934,5.305739637483934,330,16,314,False
31,7,31:7,5,,1.8172814607175372,2.9361026667920824,1.6571130980576458,1.6571130980576458,0.5643920823341539,5.244149624761621,330,20,310,False
31,8,31:8,6,,2.298829247521674,2.9361026667920824,1.719933859618765,1.6251290120851358,0.5534987010044556,5.584159113649039,330,29,301,False
31,9,31:9,7,,2.240708964366096,2.9361026667920824,1.8639924687029217,1.562401537510682,0.5321345044169472,6.449434604206556,330,76,254,False
31,10,31:10,5,,2.0552985161531163,2.9361026667920824,1.6491224537065192,1.6491224537065192,0.561670568389324,5.202412465660969,330,21,309,False
31,11,31:11,5,,2.8593255654535583,2.9361026667920824,1.5261058056229917,1.2676900805728015,0.4317594527298496,4.600227715424688,330,102,228,False
31,12,31:12,5,,2.8059237531852887,2.9361026667920824,1.499670288624039,1.2382257238234862,0.4217242597910729,4.480211650042578,330,121,209,False
31,13,31:13,2,,0.8031808349614794,2.9361026667920824,0.8031808349614794,0.8031808349614794,0.273553389002918,2.2326312775228883,330,3,327,False
31,14,31:14,6,,2.28006185431435,2.9361026667920824,1.6397226029138514,1.4270035642890417,0.48601964108024626,5.153739681557986,330,62,268,False
31,15,31:15,7,,2.6788967239390864,2.9361026667920824,1.5894674584358273,1.4797039885771108,0.5039687492242229,4.90113817343147,330,47,283,False
31,16,31:16,5,,2.044764709134241,2.9361026667920824,1.5407938452758003,1.4699249480733168,0.5006381298237512,4.668294704117122,330,34,296,False
31,17,31:17,3,,1.6321790402101224,2.9361026667920824,1.2549201679861441,1.2549201679861441,0.4274101795484014,3.5075583477185712,330,5,325,False
31,18,31:18,5,,1.7769273004501673,2.9361026667920824,1.61892666267696,1.61892666267696,0.5513862580444987,5.047669555803246,330,19,311,False
31,19,31:19,5,,1.8900412836820846,2.9361026667920824,1.7046918602294352,1.7046918602294356,0.5805968161501459,5.499690732645998,330,13,317,False
31,20,31:20,5,,2.184439978491689,2.9361026667920824,1.2251716335125309,1.2251716335125307,0.4172781992160801,3.4047504019157846,330,39,291,False
31,21,31:21,6,,2.624170607341602,2.9361026667920824,1.7771413426733988,1.5249114091739902,0.5193658336341737,5.9129291971845195,330,90,240,False
31,22,31:22,6,,2.8619039997842766,2.9361026667920824,1.3776093302529646,1.0845464810382437,0.36938302372893317,3.9654103002613756,330,157,173,False
31,23,31:23,6,,2.774135392504145,2.9361026667920824,1.6236612724348911,1.220652093496176,0.41573890017607323,5.071624966347476,330,104,226,False
31,24,31:24,5,,1.8360659454096737,2.9361026667920824,1.5510672626604856,1.450669658290301,0.4940800179427203,4.716501243046543,330,24,306,False
31,25,31:25,5,,2.636821828552603,2.9361026667920824,1.495780818524962,1.495780818524962,0.5094443172721944,4.462819845169942,330,15,315,False
32,1,32:1,5,4.999999999999995,2.9648905455799617,2.9361026667920824,1.3915318879127738,0.6908600921429991,0.2352983429213042,4.021005066453689,330,330,0,True
32,2,32:2,4,4.0,2.9648905455799617,2.9361026667920824,1.3344281422740925,0.7917228165416591,0.2696509306354321,3.7978235106001987,330,330,0,True
32,3,32:3,5,,2.9445499693395383,2.9361026667920824,1.372755004283046,0.8602692524813125,0.29299699299044696,3.946207551967853,330,274,56,False
32,4,32:4,8,7.900511527911611,2.965876076088758,2.9361026667920824,1.4540342598940665,0.4534318528031244,0.15443324170218256,4.280347765413376,330,329,1,True
32,5,32:5,8,7.997772168540941,2.963703148534635,2.9361026667920824,1.7785768850715116,0.6684759165225646,0.2276745714934164,5.921423553289532,330,329,1,True
32,6,32:6,5,4.997494703877682,2.9648905455799617,2.9361026667920824,1.2731910183628596,0.6477016844682925,0.22059912679278218,3.572233456933971,330,330,0,True
32,7,32:7,9,8.896969696969485,2.9648905455799617,2.9361026667920824,1.8290931977292175,0.8037741778773289,0.2737554742101419,6.228236318204868,330,330,0,True
32,8,32:8,4,4.0,2.9672967032613595,2.9361026667920824,1.231771425011474,0.7714286315565194,0.262738983987697,3.4272953588489634,330,329,1,True
32,9,32:9,5,4.997494703877682,2.9648905455799617,2.9361026667920824,1.3724570148290618,0.797503752396453,0.27161984538769113,3.9450317989238375,330,330,0,True
32,10,32:10,4,4.0,2.9648905455799617,2.9361026667920824,1.2640014399187594,0.8353694388826138,0.2845164265987058,3.5395565109990237,330,330,0,True
32,11,32:11,5,4.997494703877682,2.9648905455799617,2.9361026667920824,1.3714996647853,0.7653089878328629,0.2606547095538119,3.9412568298302286,330,330,0,True
32,12,32:12,6,5.999885421308611,2.9648905455799617,2.9361026667920824,1.410145449096434,0.8103088040554398,0.27598108649952774,4.096551200411702,330,330,0,True
32,13,32:13,6,,2.895860857007114,2.9361026667920824,1.3927526385612288,0.9775704646625727,0.33294832490671844,4.025916708331049,330,253,77,False
32,14,32:14,5,5.0,2.9648009463961706,2.9361026667920824,1.5575544396260879,0.6395732471101454,0.21783068226593325,4.7471974795776894,330,329,1,True
32,15,32:15,4,4.0,2.963703148534635,2.9361026667920824,1.3163164920947548,0.7722388109123463,0.2630149209857421,3.7296578196739025,330,329,1,True
32,16,32:16,6,5.896969696969698,2.9648905455799617,2.9361026667920824,1.296051702857096,0.59864995308703,0.20389271800944925,3.6548377568913595,330,330,0,True
32,17,32:17,8,7.999999902125623,2.9641080362199568,2.9361026667920824,1.8990434211850857,0.8838271820083577,0.30102053038016097,6.679501915262444,330,328,2,True
32,18,32:18,12,11.896964791516389,2.9648905455799617,2.9361026667920824,1.9598834596266326,1.0516931462228702,0.35819358706959853,7.098499755138247,330,330,0,True
32,19,32:19,6,5.960122699386497,2.9612378785433715,2.9361026667920824,1.4633338356621242,0.7274565869510103,0.2477626532541563,4.320338845602608,330,326,4,True
32,20,32:20,7,6.998042067491945,2.964325991812353,2.9361026667920824,1.6414476627677292,0.563231298746165,0.19182956547004482,5.162637863721765,330,328,2,True
32,21,32:21,6,6.0,2.9648009463961706,2.9361026667920824,1.6970296645666256,0.7762141077420973,0.26436885757478323,5.457712055962556,330,329,1,True
32,22,32:22,7,,2.9606496119974635,2.9361026667920824,1.7734551263685765,1.1502682562031097,0.39176704180438826,5.89117298485653,330,308,22,False
32,23,32:23,9,8.969040247398986,2.9642587714323447,2.9361026667920824,1.8722688648571513,0.8233666014331762,0.2804284096552957,6.503034179663621,330,323,7,True
32,24,32:24,9,8.952310360259567,2.9636826097812814,2.9361026667920824,1.9695583721815695,0.7220354684250395,0.24591628780267372,7.167510417296377,330,328,2,True
32,25,32:25,8,7.9965854299168875,2.9719308008265712,2.9361026667920824,1.7891370810029883,0.8128854314479721,0.27685865369827545,5.984286283387472,330,327,3,True
33,1,33:1,7,7.0,2.9648905455799617,2.9361026667920824,1.8469628768327955,1.194804288702281,0.40693545979020423,6.340533269578317,330,330,0,True
33,2,33:2,7,7.0,2.9648905455799617,2.9361026667920824,1.8539142852946593,1.1329936188113805,0.385883515459377,6.3847624556667,330,330,0,True
33,3,33:3,7,7.0,2.9648905455799617,2.9361026667920824,1.8425466867400244,1.1443705579872474,0.38975835924619084,6.312594007324556,330,330,0,True
33,4,33:4,7,7.0,2.9648905455799617,2.9361026667920824,1.848298305030787,1.1600609020422117,0.39510229501261523,6.349006252767948,330,330,0,True
33,5,33:5,7,7.0,2.9648905455799617,2.9361026667920824,1.8852745887243567,0.9714522661996331,0.33086454271063326,6.588163229004353,330,330,0,True
33,6,33:6,7,7.0,2.9648905455799617,2.9361026667920824,1.8685763312738934,1.1305612776818192,0.38505509036475355,6.479065786843542,330,330,0,True
33,7,33:7,7,7.0,2.9648905455799617,2.9361026667920824,1.8615129665779138,1.0031000500599498,0.34164338372946396,6.433463026363606,330,330,0,True
33,8,33:8,7,7.0,2.9648905455799617,2.9361026667920824,1.855241036751773,1.041546150716073,0.3547376467778772,6.393239070495191,330,330,0,True
33,9,33:9,7,7.0,2.9648905455799617,2.9361026667920824,1.8579155708167157,1.0270333510903653,0.34979476797808234,6.410360892416324,330,330,0,True
33,10,33:10,7,7.0,2.9648905455799617,2.9361026667920824,1.8556616546158744,1.072411411495684,0.3652499701815181,6.395928746680984,330,330,0,True
33,11,33:11,7,7.0,2.9648905455799617,2.9361026667920824,1.8483883040168199,1.0122316030617835,0.34475347695103736,6.34957768260668,330,330,0,True
33,12,33:12,7,7.0,2.9648905455799617,2.9361026667920824,1.8550472934644135,1.0381273118796885,0.3535732328508534,6.392000543322836,330,330,0,True
33,13,33:13,7,7.0,2.9639473589371845,2.9361026667920824,1.838113436943073,1.1580260025353426,0.39440923358466035,6.2846706425819985,330,317,13,True
33,14,33:14,7,7.0,2.9648905455799617,2.9361026667920824,1.8517212762184714,1.0257591138186095,0.34936077863357895,6.37077595551843,330,330,0,True
33,15,33:15,7,7.0,2.9648905455799617,2.9361026667920824,1.8582887467569376,0.996926107306016,0.33954061572214517,6.412753531279375,330,330,0,True
33,16,33:16,7,7.0,2.9648905455799617,2.9361026667920824,1.8146792373784957,0.9657087980091028,0.3289083889781735,6.139106665641176,330,330,0,True
33,17,33:17,7,7.0,2.9648905455799617,2.9361026667920824,1.8603766818282998,1.0318420812789428,0.3514325615889684,6.426156932127375,330,330,0,True
33,18,33:18,7,7.0,2.9648905455799617,2.9361026667920824,1.8662401310184316,0.9114475391814512,0.3104276800297578,6.463947058761655,330,330,0,True
33,19,33:19,7,7.0,2.9648905455799617,2.9361026667920824,1.864456073504257,1.026354402893626,0.3495635266783763,6.452425286248676,330,330,0,True
33,20,33:20,7,7.0,2.9648905455799617,2.9361026667920824,1.8609933762463744,1.0030495603761582,0.3416261875719989,6.430121129460637,330,330,0,True
33,21,33:21,7,7.0,2.9648905455799617,2.9361026667920824,1.861157797689313,1.0598862852997348,0.3609840681960015,6.431178466177045,330,330,0,True
33,22,33:22,7,7.0,2.9648905455799617,2.9361026667920824,1.8560238251019763,0.7361824833718726,0.25073458489658623,6.398245582823754,330,330,0,True
33,23,33:23,7,7.0,2.9648905455799617,2.9361026667920824,1.8623434710489197,0.824738188304408,0.2808955550609195,6.438808265486313,330,330,0,True
33,24,33:24,7,7.0,2.9648905455799617,2.9361026667920824,1.8556775548677196,0.7784082391097046,0.2651161513913188,6.396030444367347,330,330,0,True
33,25,33:25,7,7.0,2.9648905455799617,2.9361026667920824,1.8652185351740092,0.9229632760246314,0.31434979657337375,6.457346889234765,330,330,0,True
34,1,34:1,9,9.0,2.9632612513310077,2.9361026667920824,2.109554839828478,1.2521726943346507,0.4264744242416923,8.244570313267385,330,328,2,True
34,2,34:2,12,11.997494696655302,2.9648905455799617,2.9361026667920824,2.3332924693001944,1.2946699980059966,0.44094847658052877,10.311837109462575,330,330,0,True
34,3,34:3,11,10.999999992777408,2.9648905455799617,2.9361026667920824,2.182903537043061,1.4537383128150296,0.4951251634546384,8.872029162267527,330,330,0,True
34,4,34:4,12,11.95426829268293,2.9656658777592058,2.9361026667920824,2.2557520053924027,1.4463342707643536,0.4926034389473801,9.542466598972021,330,328,2,True
34,5,34:5,9,8.997494703877683,2.9648905455799617,2.9361026667920824,1.9907608979278768,1.2423640065781316,0.42313370735619055,7.32110225504925,330,330,0,True
34,6,34:6,7,7.0,2.963956735321475,2.9361026667920824,1.8823784923274847,1.0748865200303177,0.3660929613216536,6.569110875257947,330,329,1,True
34,7,34:7,10,9.963075837735508,2.964497526016393,2.9361026667920824,1.9503079649476194,1.1873711917106102,0.40440383953191406,7.030852503334932,330,325,5,True
34,8,34:8,13,12.993650793650794,2.9651745099982856,2.9361026667920824,2.2331163885446643,1.435405830006236,0.48888134813573364,9.32889328212912,330,315,15,True
34,9,34:9,11,10.999880523330482,2.9648905455799617,2.9361026667920824,2.1429235842695338,0.938538085260949,0.31965438261951984,8.524322810275061,330,330,0,True
34,10,34:10,10,9.94848484848485,2.9648905455799617,2.9361026667920824,2.1309627054522835,0.8534012402062184,0.2906578335486561,8.42297175030819,330,330,0,True
34,11,34:11,6,6.0,2.9648905455799617,2.9361026667920824,1.7392729903030053,0.752762485497104,0.2563815271213097,5.693202904037569,330,330,0,True
34,12,34:12,7,6.948484848484849,2.9648905455799617,2.9361026667920824,1.787208013124601,1.075724769815084,0.36637845875818636,5.97275331645761,330,330,0,True
34,13,34:13,7,6.997494703877682,2.9648905455799617,2.9361026667920824,1.7088189094511634,1.1942122571446205,0.4067338212152469,5.522435128341304,330,330,0,True
34,14,34:14,6,6.0,2.9648905455799617,2.9361026667920824,1.7836475831261185,0.889769230177845,0.30304431798019726,5.951525558773542,330,330,0,True
34,15,34:15,6,5.999999999698751,2.961628009329395,2.9361026667920824,1.5760770031182498,0.9236015389831677,0.3145671809876707,4.835947144577388,330,324,6,True
34,16,34:16,11,11.0,2.963428249863995,2.9361026667920824,2.1622689144151543,1.014522604287194,0.34553376343465464,8.69083406397201,330,328,2,True
34,17,34:17,11,10.94848484848485,2.9648905455799617,2.9361026667920824,2.1289271483017207,1.3140380617566094,0.4475449978703561,8.405843748360427,330,330,0,True
34,18,34:18,13,12.948255705531647,2.9648905455799617,2.9361026667920824,2.1848047417066914,1.2214747232129524,0.41601907761199214,8.888912749978951,330,330,0,True
34,19,34:19,9,9.0,2.9648905455799617,2.9361026667920824,2.1501647087375466,1.0756554260037787,0.3663548411197129,8.58627251482208,330,330,0,True
34,20,34:20,11,,2.951987952930716,2.9361026667920824,2.0768275604284616,1.2652285718844551,0.43092109352797753,7.9791154577817345,330,312,18,False
34,21,34:21,12,11.999994899193336,2.9648905455799617,2.9361026667920824,2.3349291291595162,1.0464747887379648,0.35641627950337273,10.328727897802747,330,330,0,True
34,22,34:22,11,10.999995094791899,2.9648905455799617,2.9361026667920824,2.2403142219041174,0.977117019907973,0.332793887270825,9.396283341661688,330,330,0,True
34,23,34:23,10,9.999996202939233,2.965876076088758,2.9361026667920824,2.0075434312451517,1.1154121197867113,0.37989547586405914,7.4450056962400195,330,329,1,True
34,24,34:24,7,6.948484848484849,2.9648905455799617,2.9361026667920824,1.6752028936077632,0.8341411905999747,0.28409810053111595,5.339878466377442,330,330,0,True
34,25,34:25,13,12.948370277008248,2.9648905455799617,2.9361026667920824,2.3663504293432016,1.3102889418827801,0.4462680943355334,10.658422549780493,330,330,0,True
35,1,35:1,7,7.0,2.9648905455799617,2.9361026667920824,1.772022534012094,0.9936805317485284,0.3384352131099696,5.882739377870534,330,330,0,True
35,2,35:2,9,9.0,2.9648905455799617,2.9361026667920824,2.078949921970168,1.1991662730759292,0.40842109734061527,7.996068008924005,330,330,0,True
35,3,35:3,8,8.0,2.9648905455799617,2.9361026667920824,1.9985994683866402,1.2801476129250566,0.4360023330940659,7.37871473566467,330,330,0,True
35,4,35:4,11,10.94847994328434,2.9648905455799617,2.9361026667920824,2.149215830598781,1.306323135798799,0.44491739017629695,8.57812905272687,330,330,0,True
35,5,35:5,5,5.0,2.9648905455799617,2.9361026667920824,1.4898877125150303,0.9191463196754526,0.31304978877993067,4.436597316678732,330,330,0,True
35,6,35:6,11,10.99738013216347,2.9648905455799617,2.9361026667920824,2.110175763230235,1.2691829450383205,0.4322679037736103,8.249691149571344,330,330,0,True
35,7,35:7,8,7.997494703877682,2.9648905455799617,2.9361026667920824,1.9217813619864728,1.3350853190874328,0.4547134315797329,6.833119894153293,330,330,0,True
35,8,35:8,8,8.0,2.9648905455799617,2.9361026667920824,1.9751731728813424,1.2314905707782846,0.41943035054826017,7.207867752976003,330,330,0,True
35,9,35:9,8,8.0,2.9648905455799617,2.9361026667920824,2.012935528774225,1.0745501606821344,0.3659784015169207,7.485258318563588,330,330,0,True
35,10,35:10,9,9.0,2.9648905455799617,2.9361026667920824,2.0914165845230683,1.2084155313930984,0.4115712795266063,8.09637624587593,330,330,0,True
35,11,35:11,8,8.0,2.9648905455799617,2.9361026667920824,1.9623739697350888,1.2162137435171634,0.4142272534515866,7.116200673542031,330,330,0,True
35,12,35:12,8,7.999999992777619,2.9648905455799617,2.9361026667920824,1.9388000447889604,1.28059117628717,0.4361534052507483,6.950405789071129,330,330,0,True
35,13,35:13,8,7.999999999999788,2.9648905455799617,2.9361026667920824,1.984438649904831,1.221902675550451,0.41616483284812156,7.274962438160893,330,330,0,True
35,14,35:14,9,8.94848484848485,2.9648905455799617,2.9361026667920824,2.025835528514596,1.224609551822901,0.4170867611931571,7.582443646568942,330,330,0,True
35,15,35:15,8,7.999999999992409,2.9648905455799617,2.9361026667920824,1.9430315010754373,1.2599865992785317,0.42913574294565243,6.979878439480604,330,330,0,True
35,16,35:16,5,5.0,2.9648905455799617,2.9361026667920824,1.5237418265779874,1.0245746378793459,0.34895736088097096,4.589365717329547,330,330,0,True
35,17,35:17,9,9.0,2.9648905455799617,2.9361026667920824,2.11864476194859,1.3525646058616725,0.4606666589555784,8.319854460473692,330,330,0,True
35,18,35:18,9,8.999999804393845,2.9648905455799617,2.9361026667920824,2.0477221063293993,1.2791728889548715,0.4356703542497259,7.75022679129039,330,330,0,True
35,19,35:19,9,8.94848484848485,2.9648905455799617,2.9361026667920824,2.024196337415446,1.2374179829384113,0.42144915330579547,7.5700247536837635,330,330,0,True
35,20,35:20,9,8.999999999754795,2.9648905455799617,2.9361026667920824,2.0934009489200514,1.4108835884945836,0.48052937809428925,8.112458357750729,330,330,0,True
35,21,35:21,8,8.0,2.9648905455799617,2.9361026667920824,2.0263008416538533,1.308517192914832,0.4456646587036711,7.585972678214091,330,330,0,True
35,22,35:22,4,4.0,2.9648905455799617,2.9361026667920824,1.123793606943445,0.66899943911271,0.2278528767672975,3.0765031372472063,330,330,0,True
35,23,35:23,8,7.999999995240152,2.964408068307418,2.9361026667920824,1.8597144352142376,1.029042311564191,0.3504789948944458,6.421902640308302,330,329,1,True
35,24,35:24,4,4.0,2.9648905455799617,2.9361026667920824,1.1292082730839386,0.6492122556938971,0.22111360853849546,3.0932065555221997,330,330,0,True
35,25,35:25,5,4.999996202939339,2.963956735321475,2.9361026667920824,1.2055423638721858,0.7397669780680972,0.2519554191462758,3.3385693064984228,330,329,1,True
36,1,36:1,4,3.9999998043938447,2.9648905455799617,2.9361026667920824,1.1141517495834878,0.7052887673263931,0.2402125699837926,3.0469824785203814,330,330,0,True
36,2,36:2,6,5.94837027700825,2.9648905455799617,2.9361026667920824,1.2390983434679415,0.8466747588229585,0.28836687776589764,3.4524990925679138,330,330,0,True
36,3,36:3,3,3.0,2.9648905455799617,2.9361026667920824,0.972238511428455,0.6547184384674986,0.22298894581327044,2.643856142390478,330,330,0,True
36,4,36:4,3,3.0,2.9648905455799617,2.9361026667920824,0.983114298861424,0.6480765999792341,0.22072681834634464,2.6727670894843683,330,330,0,True
36,5,36:5,3,3.0,2.9648905455799617,2.9361026667920824,1.0039541496032103,0.6876131044286402,0.23419245934608626,2.72905160008418,330,330,0,True
36,6,36:6,5,4.945979552362531,2.9648905455799617,2.9361026667920824,1.0665475286153563,0.7310493039429704,0.24898628791536703,2.905331590718097,330,330,0,True
36,7,36:7,3,3.0,2.9648905455799617,2.9361026667920824,1.0068348488619554,0.6197117925743303,0.2110661182197055,2.7369245113059812,330,330,0,True
36,8,36:8,3,3.0,2.9648905455799617,2.9361026667920824,0.9223239957883279,0.6088875082201874,0.20737950178201492,2.5151287517706304,330,330,0,True
36,9,36:9,3,3.0,2.9648905455799617,2.9361026667920824,1.0184630008563276,0.5862344005133964,0.19966413543498548,2.768935639960289,330,330,0,True
36,10,36:10,3,3.0,2.9648905455799617,2.9361026667920824,1.0147026893488327,0.6621160375758287,0.22550847593461074,2.7585431311907795,330,330,0,True
36,11,36:11,3,3.0,2.9648905455799617,2.9361026667920824,1.0786750573425723,0.6536309910432956,0.22261857476443003,2.940780603027524,330,330,0,True
36,12,36:12,3,3.0,2.9648905455799617,2.9361026667920824,1.0340460025684728,0.6440715718176903,0.21936275563599003,2.8124219121282485,330,330,0,True
36,13,36:13,3,3.0,2.9648905455799617,2.9361026667920824,0.9454904610039346,0.6160072778284151,0.20980440663590635,2.574075552719219,330,330,0,True
36,14,36:14,3,3.0,2.9634264472403125,2.9361026667920824,1.045842334017623,0.6936515957389012,0.23624909427869867,2.8457946239706295,330,329,1,True
36,15,36:15,3,3.0,2.96574388165261,2.9361026667920824,1.0495582312582343,0.7060438578553815,0.24046974441353192,2.856388975932329,330,329,1,True
36,16,36:16,3,3.0,2.9648905455799617,2.9361026667920824,1.0286510850324713,0.5933364242451502,0.20208299626436965,2.7972899822940684,330,330,0,True
36,17,36:17,3,3.0,2.9648905455799617,2.9361026667920824,1.0512399367863492,0.6847607844855816,0.2332209946983003,2.861196622453411,330,330,0,True
36,18,36:18,3,3.0,2.9648905455799617,2.9361026667920824,1.0968185255191267,0.667625525118426,0.22738493877254576,2.994623534047903,330,330,0,True
36,19,36:19,3,3.0,2.9648905455799617,2.9361026667920824,1.023733972424627,0.7162901237197514,0.24395949495265892,2.7835691535295557,330,330,0,True
36,20,36:20,3,3.0,2.9648905455799617,2.9361026667920824,1.043042053385818,0.6550807200150008,0.22311233439623787,2.837836747746547,330,330,0,True
36,21,36:21,3,3.0,2.9648905455799617,2.9361026667920824,1.042300984714186,0.7345722485806001,0.25018615898168733,2.8357344948906618,330,330,0,True
36,22,36:22,3,3.0,2.9648905455799617,2.9361026667920824,1.0779573830460667,0.705874451311893,0.2404120466547292,2.9386708375298576,330,330,0,True
36,23,36:23,3,3.0,2.9648905455799617,2.9361026667920824,1.0296208601579235,0.7597678834604525,0.25876747841742104,2.800004040337858,330,330,0,True
36,24,36:24,3,3.0,2.9648905455799617,2.9361026667920824,1.019596141648195,0.7159427206811607,0.24384117380451928,2.7720750122234543,330,330,0,True
36,25,36:25,3,3.0,2.9648905455799617,2.9361026667920824,1.0406821028285775,0.679088937600263,0.23128923429037304,2.8311474895961726,330,330,0,True
37,1,37:1,6,6.0,2.9648905455799617,2.9361026667920824,1.6809719507688252,0.8499427122708898,0.28947990200884816,5.3707735625835475,330,330,0,True
37,2,37:2,7,6.948484848484849,2.9648905455799617,2.9361026667920824,1.7572957724699156,1.0548337538438763,0.35926323890995376,5.796740474770619,330,330,0,True
37,3,37:3,6,6.0,2.9648905455799617,2.9361026667920824,1.5227562879990206,0.9635290377283537,0.32816598977483413,4.584844948424125,330,330,0,True
37,4,37:4,9,8.999999999992408,2.9648905455799617,2.9361026667920824,1.9155353864409232,1.2346417211464429,0.42050359311698854,6.790573404879672,330,330,0,True
37,5,37:5,6,6.0,2.9648905455799617,2.9361026667920824,1.7662345195504745,0.9498549140700198,0.3235087535640602,5.848788346590552,330,330,0,True
37,6,37:6,6,6.0,2.9648905455799617,2.9361026667920824,1.6132770211816496,0.8676934608000397,0.2955255858774385,5.019232437826049,330,330,0,True
37,7,37:7,7,7.0,2.9648905455799617,2.9361026667920824,1.8909098310672807,1.126233279155406,0.3835810279706269,6.625393928878071,330,330,0,True
37,8,37:8,6,6.0,2.9648905455799617,2.9361026667920824,1.6711255941826986,0.8562065889992333,0.2916133004077493,5.318150508772219,330,330,0,True
37,9,37:9,7,7.0,2.9648905455799617,2.9361026667920824,1.7700004209521663,0.9842410854172794,0.33522025525511967,5.870855832731562,330,330,0,True
37,10,37:10,6,6.0,2.9648905455799617,2.9361026667920824,1.7006614020013204,1.0254943434860084,0.3492706011559329,5.477569069047499,330,330,0,True
37,11,37:11,7,7.0,2.965607802197246,2.9361026667920824,1.8153625478114286,1.1199456945986164,0.3814395549806312,6.143303014816005,330,328,2,True
37,12,37:12,8,8.0,2.9648905455799617,2.9361026667920824,1.917994004103473,1.1578545516646515,0.39435083955347394,6.807289369253991,330,330,0,True
37,13,37:13,7,6.948370277015841,2.9648905455799617,2.9361026667920824,1.568688852360606,0.8521348294813819,0.290226509828556,4.8003500981114025,330,330,0,True
37,14,37:14,7,6.997494703877682,2.9648905455799617,2.9361026667920824,1.571016938172644,1.0292699920678081,0.350556540038283,4.8115387440780735,330,330,0,True
37,15,37:15,9,8.999999985555238,2.9648905455799617,2.9361026667920824,1.8762736336208277,0.8840850488180909,0.30110835660389956,6.52912954589241,330,330,0,True
37,16,37:16,8,8.0,2.9648905455799617,2.9361026667920824,1.8523730433684678,1.2372433565946508,0.42138967774803127,6.374929571454396,330,330,0,True
37,17,37:17,7,7.0,2.9648905455799617,2.9361026667920824,1.8856238926383446,1.199499410245344,0.4085345597113909,6.590464902174556,330,330,0,True
37,18,37:18,9,8.999885428530774,2.9648905455799617,2.9361026667920824,1.7970584695831537,1.1490824174017076,0.39136315987791,6.031878389334981,330,330,0,True
37,19,37:19,7,6.9999998598008375,2.9641907751940266,2.9361026667920824,1.7393537629165248,1.0971861624223462,0.37368794178478315,5.693662777487765,330,329,1,True
37,20,37:20,8,7.948479943284341,2.9648905455799617,2.9361026667920824,1.7753952065664416,1.0648135421450358,0.3626622305099523,5.902613427005882,330,330,0,True
37,21,37:21,9,8.997775965454236,2.9648009463961706,2.9361026667920824,1.8872517294419833,1.18909388025717,0.4049905657952848,6.6012018401158326,330,329,1,True
37,22,37:22,6,6.0,2.9648009463961706,2.9361026667920824,1.727004452035387,1.0755877315633484,0.366331785236417,5.623782341503968,330,329,1,True
37,23,37:23,9,8.945979552362319,2.9648905455799617,2.9361026667920824,1.7647423229531898,1.0465646742549795,0.3564468933909698,5.840067312888163,330,330,0,True
37,24,37:24,10,9.999885428285575,2.9648905455799617,2.9361026667920824,1.9004126695482837,1.2844256425244738,0.4374593766940062,6.6886540766880165,330,330,0,True
37,25,37:25,7,6.999999999992409,2.9648905455799617,2.9361026667920824,1.7217892232802852,1.1332156594636174,0.38595913974007673,5.594529376878568,330,330,0,True
38,1,38:1,12,11.945864980893523,2.9648905455799617,2.9361026667920824,2.0544562908668698,0.5095486018197274,0.17354590749936152,7.802594377301803,330,330,0,True
38,2,38:2,12,11.89685512550069,2.9648905455799617,2.9361026667920824,2.0490890406514497,0.47462093349198814,0.16164997868093894,7.760828086281352,330,330,0,True
38,3,38:3,12,11.954262526992313,2.9641080362199563,2.9361026667920824,2.087679915886078,0.5802145477043825,0.1976138485437607,8.066179223953037,330,328,2,True
38,4,38:4,12,11.951367495996832,2.9646108529195274,2.9361026667920824,2.106513945038815,1.029862254304951,0.35075825717979897,8.21953752268991,330,329,1,True
38,5,38:5,12,11.924900284900113,2.9649559412715156,2.9361026667920824,2.0117371459497817,0.972800329582009,0.331323676308931,7.476293486281498,330,325,5,True
38,6,38:6,10,9.954268289652763,2.9642221903383787,2.9361026667920824,2.0039770050268295,0.7199709674181134,0.2452131444724775,7.418500924479567,330,328,2,True
38,7,38:7,11,10.999995087577112,2.9648905455799617,2.9361026667920824,2.112535523839423,0.572352199240071,0.19493603058009198,8.269181432941293,330,330,0,True
38,8,38:8,10,9.957186544342509,2.9614013818834044,2.9361026667920824,2.0340951396652125,0.3193289340906865,0.10875945780178657,7.645331037839573,330,327,3,True
38,9,38:9,15,14.952830188641155,2.9569801639732844,2.9361026667920824,2.159165441118238,1.301825243080076,0.44338546393625267,8.663904102349695,330,318,12,True
38,10,38:10,11,10.999904781397682,2.9641907751940266,2.9361026667920824,2.049462217235559,0.37857218620161437,0.12893697161320097,7.763724786053096,330,329,1,True
38,11,38:11,10,10.0,2.973596541756316,2.9361026667920824,2.105917857875937,1.2432934585109603,0.423450267108457,8.214639421880385,330,315,15,True
38,12,38:12,11,10.94848465263349,2.9648905455799617,2.9361026667920824,2.077858928931665,0.5392799674688709,0.18367204034390106,7.987349111383949,330,330,0,True
38,13,38:13,12,11.93104766272508,2.96698832877217,2.9361026667920824,2.0040822577827693,1.0782063357042997,0.36722364919286793,7.4192817832398585,330,324,6,True
38,14,38:14,13,,2.9623449517544946,2.9361026667920824,2.0931607940722845,0.727040082050834,0.2476207968726043,8.110510345470466,330,310,20,False
38,15,38:15,12,11.99993481974469,2.966967783140687,2.9361026667920824,2.0175537184773327,1.2488791964391055,0.4253526998780332,7.5199066060571464,330,327,3,True
38,16,38:16,11,10.948484848484838,2.9648905455799617,2.9361026667920824,2.0878572265537385,0.4304655125191271,0.14661119224057778,8.067609570380798,330,330,0,True
38,17,38:17,11,10.998948164818344,2.969382549492682,2.9361026667920824,2.0449506392654575,0.7700409492098258,0.2622663566635954,7.7287770303828776,330,324,6,True
38,18,38:18,12,,2.9528125417686866,2.9361026667920824,2.004939616256382,0.6550623221181451,0.22310606830170926,7.4256454949461075,330,302,28,False
38,19,38:19,10,9.999885428285786,2.9648905455799617,2.9361026667920824,2.064156716178204,0.2811816215904126,0.09576695827793553,7.87865115644632,330,330,0,True
38,20,38:20,11,10.999999714841827,2.9646108529195274,2.9361026667920824,2.101108778132094,0.9297959253614889,0.31667691183883645,8.175229404744938,330,329,1,True
38,21,38:21,11,10.998745353405024,2.9668859073055778,2.9361026667920824,2.0385678596360184,0.8034159752317475,0.2736334748503672,7.679603050077808,330,325,5,True
38,22,38:22,11,,2.9374996299416485,2.9361026667920824,1.929745793994292,1.220477337757981,0.41567938054817616,6.887759109285099,330,234,96,False
38,23,38:23,13,12.896964791761388,2.9648905455799617,2.9361026667920824,2.106656730181165,0.6485310281168082,0.22088159091023138,8.220711234317436,330,330,0,True
38,24,38:24,12,11.997775680443429,2.9646108529195274,2.9361026667920824,2.1242139626599568,0.6146940752129022,0.20935714618062135,8.366318663996683,330,329,1,True
38,25,38:25,10,9.997494696655302,2.9648905455799617,2.9361026667920824,2.045650754782179,0.24788708457042963,0.08442725364275674,7.734189961724641,330,330,0,True
38,26,38:26,11,10.999922379516764,2.9668859073055778,2.9361026667920824,2.0443249563267214,0.7965406357149425,0.2712918198413083,7.723942778969696,330,325,5,True
38,27,38:27,10,9.999996202791976,2.965876076088758,2.9361026667920824,2.0565202467330885,0.35364296292296027,0.12044638865075599,7.8187152183680215,330,329,1,True
38,28,38:28,10,9.999885428530986,2.9648905455799617,2.9361026667920824,2.031634267423347,0.3460861594535257,0.11787263550686783,7.626539985581178,330,330,0,True
39,1,39:1,9,8.999999713397333,2.9635046755528105,2.9361026667920824,2.002185452431169,1.12617826600176,0.38356229117566804,7.405222188221297,330,330,0,True
39,2,39:2,9,8.999999999988876,2.9712594424223093,2.9361026667920824,2.0627975468750734,1.0059913427579057,0.3426281220121735,7.867950009626927,330,330,0,True
39,3,39:3,9,,2.9601824485781543,2.9361026667920824,2.122254225710837,0.9981626406813743,0.33996176358912666,8.349938935404696,330,330,0,True
39,4,39:4,8,,2.896454724363532,2.9361026667920824,1.8144168626233532,1.3525075235708361,0.460647217438263,6.137496130324129,330,330,0,True
39,5,39:5,9,,2.9363169961779643,2.9361026667920824,1.9869923586954856,1.2367303342170237,0.42121494871575677,7.293564315470477,330,330,0,True
39,6,39:6,11,10.999904501003579,2.961966924921702,2.9361026667920824,2.0512712798845496,0.9256906651195236,0.31527871133025187,7.777782562445772,330,330,0,True
39,7,39:7,11,10.99999626832184,2.967405936466858,2.9361026667920824,2.210457178669112,1.0829854685552742,0.3688513623191927,9.119884856922658,330,330,0,True
39,8,39:8,10,9.94837027701584,2.9648905455799617,2.9361026667920824,2.0833280997455703,0.9601378563536556,0.32701099563479497,8.031152964213392,330,330,0,True
39,9,39:9,12,,2.9660165369281075,2.9361026667920824,1.9022972305777794,1.1898685537532783,0.40525440993972495,6.701271138578095,330,330,0,True
39,10,39:10,9,8.999999999999954,2.9668293576923745,2.9361026667920824,2.1011113889726314,1.0992280564018184,0.37438338544299254,8.175250748993134,330,330,0,True
39,11,39:11,10,,2.9750257039800263,2.9361026667920824,1.8976864774844633,0.9866278081045861,0.33603314327647565,6.6704443539054505,330,330,0,True
39,12,39:12,10,10.0,2.9646976533356257,2.9361026667920824,2.0837040629448773,1.1555064721702084,0.39355111292231754,8.0341729498421,330,330,0,True
39,13,39:13,11,11.0,2.964237746535565,2.9361026667920824,2.270000666942375,1.0831405906069909,0.3689041949580071,9.679407269677561,330,330,0,True
39,14,39:14,10,,2.9384529041627436,2.9361026667920824,2.122614562109344,1.4495258017791266,0.49369043466141627,8.352948264481272,330,330,0,True
39,15,39:15,9,,2.922512011245009,2.9361026667920824,2.02566797648813,1.2548929356608636,0.42740090455758156,7.581173299198005,330,330,0,True
39,16,39:16,11,10.948484848239639,2.9648905455799617,2.9361026667920824,2.1702023989407877,1.3340465179183345,0.45435962883950604,8.760056887558905,330,330,0,True
39,17,39:17,7,6.999999999992409,2.9648905455799617,2.9361026667920824,1.810608110292074,1.0834157255913823,0.3689979025069642,6.114164388248387,330,330,0,True
39,18,39:18,9,,2.966868201987387,2.9361026667920824,1.9420887555245807,1.0246448548676597,0.3489812759126583,6.973301290912169,330,330,0,True
39,19,39:19,11,10.998527607361956,2.969274701257019,2.9361026667920824,2.22010187446239,1.3505456182031064,0.45997901690497806,9.208268905544593,330,330,0,True
39,20,39:20,9,8.999303132448826,2.965041519874451,2.9361026667920824,1.9187250300688379,1.0980041514278032,0.37396653865222534,6.812267493884156,330,330,0,True
39,21,39:21,7,6.908536585365857,2.9696443899530354,2.9361026667920824,1.532091014244797,0.9659659580687003,0.32899597449161827,4.62784359898187,330,330,0,True
39,22,39:22,7,7.0,2.9648905455799617,2.9361026667920824,1.841628623703475,0.8604698455190061,0.2930653124807572,6.306801307540324,330,330,0,True
39,23,39:23,10,9.999885037318467,2.9648905455799617,2.9361026667920824,1.907862714470324,0.9616978289880282,0.3275423028850544,6.73867093259807,330,330,0,True
39,24,39:24,8,7.999999999754795,2.9648905455799617,2.9361026667920824,1.9689264347211903,1.1065427987702021,0.3768746955906638,7.162982429819169,330,330,0,True
39,25,39:25,12,,2.987629687295782,2.9361026667920824,2.217380227113802,1.1295700823940173,0.38471750159477885,9.18324131847476,330,330,0,True
40,1,40:1,7,7.0,2.9648905455799617,2.9361026667920824,1.750640451355638,1.00817543220586,0.3433719956759445,5.758289399548263,330,330,0,True
40,2,40:2,7,7.0,2.9648905455799617,2.9361026667920824,1.8984514748358245,1.2433860050494292,0.4234817873068192,6.675549178508287,330,330,0,True
40,3,40:3,5,4.948484848484849,2.9648905455799617,2.9361026667920824,1.2931969488147188,0.6950384189185207,0.23672142898119553,3.644418972639632,330,330,0,True
40,4,40:4,7,7.0,2.9648905455799617,2.9361026667920824,1.8024607346146924,1.1436455229808455,0.3895114213531116,6.064552372325694,330,330,0,True
40,5,40:5,7,6.999999999953845,2.967627128133856,2.9361026667920824,1.7723328113654482,1.2033910588604055,0.4098600067603231,5.88456494187611,330,327,3,True
40,6,40:6,6,5.948484848484849,2.9648905455799617,2.9361026667920824,1.4886688889527537,0.980878469026499,0.3340749899928343,4.431193181345571,330,330,0,True
40,7,40:7,7,7.0,2.9648905455799617,2.9361026667920824,1.9263687862092145,1.1848972977644663,0.4035612620654909,6.864538323606146,330,330,0,True
40,8,40:8,7,7.0,2.9648905455799617,2.9361026667920824,1.9134026184155444,1.2593736177684498,0.42892696907782596,6.776106120212776,330,330,0,True
40,9,40:9,6,6.0,2.964408068307418,2.9361026667920824,1.6266978448918132,1.0061999476643215,0.342699170245185,5.087048728866767,330,329,1,True
40,10,40:10,7,7.0,2.9648905455799617,2.9361026667920824,1.824991897295063,1.0990668075724035,0.3743284661000013,6.202744759890658,330,330,0,True
40,11,40:11,7,6.9542682926829285,2.9634792069234037,2.9361026667920824,1.720035511497979,1.053366729802875,0.3587635887929488,5.5847267827686,330,328,2,True
40,12,40:12,7,6.999999999999995,2.9648905455799617,2.9361026667920824,1.7725121018563825,1.1197168905771178,0.3813616271805967,5.885620082999032,330,330,0,True
40,13,40:13,7,,2.95942591311896,2.9361026667920824,1.467060444852123,0.8934320177979702,0.30429181782465164,4.336469096952441,330,305,25,False
40,14,40:14,7,7.0,2.9648905455799617,2.9361026667920824,1.797030844356812,0.9982449371092129,0.3399897927274703,6.031711759630811,330,330,0,True
40,15,40:15,7,7.0,2.9648905455799617,2.9361026667920824,1.8201732636089871,1.2877210095877452,0.4385817376729129,6.172927900998542,330,330,0,True
40,16,40:16,8,8.0,2.9648905455799617,2.9361026667920824,2.035485422466051,1.2658561456565542,0.43113483733850466,7.655967602291235,330,330,0,True
40,17,40:17,7,7.0,2.9606740836641814,2.9361026667920824,1.7645092614729454,1.0262036424245347,0.34951217954028185,5.83870637675255,330,325,5,True
40,18,40:18,8,7.948484848239644,2.9648905455799617,2.9361026667920824,1.6470739948572144,0.9681628325420202,0.32974420257579495,5.19176644549778,330,330,0,True
40,19,40:19,7,6.999999804393839,2.9648905455799617,2.9361026667920824,1.670141446822937,1.0081398288019774,0.3433598696000122,5.312919239582303,330,330,0,True
40,20,40:20,8,7.997494703877682,2.9648905455799617,2.9361026667920824,1.7885989564801743,1.1274323133588269,0.3839894040866879,5.981066858490274,330,330,0,True
40,21,40:21,8,7.993650793650795,2.9618007322222155,2.9361026667920824,1.7407370830570321,1.1716143227025093,0.39903724619500036,5.701544386018194,330,315,15,True
40,22,40:22,7,7.0,2.96338078403962,2.9361026667920824,1.7617701972220436,1.0316841986070988,0.3513787887173213,5.8227356672292165,330,326,4,True
40,23,40:23,7,6.999999995240152,2.965876076088758,2.9361026667920824,1.7290586754996438,1.1921906290855113,0.406045279877107,5.635346720990956,330,329,1,True
40,24,40:24,8,7.999999999509585,2.9648905455799617,2.9361026667920824,1.6564904099030044,1.0595752840971036,0.36087814505981525,5.24088517138282,330,330,0,True
40,25,40:25,7,6.99999999975479,2.9648905455799617,2.9361026667920824,1.6333042579608006,1.001330966297093,0.34104085583326144,5.120767130279923,330,330,0,True
40,26,40:26,7,6.999999804393845,2.9648905455799617,2.9361026667920824,1.6572359592178298,0.9656019536099991,0.3288719991065549,5.2447939666501835,330,330,0,True
40,27,40:27,7,7.0,2.9648009463961706,2.9361026667920824,1.8279614697285222,1.2624935515812006,0.4299895796765757,6.2211916358526524,330,329,1,True
41,1,41:1,7,6.999885428530992,2.9648905455799617,2.9361026667920824,1.6748404799931573,0.9412200972855795,0.3205678425114251,5.337943572358032,330,330,0,True
41,2,41:2,7,6.999990189598984,2.9648905455799617,2.9361026667920824,1.5553750359674174,1.0437712319697514,0.3554954817401367,4.736862685956465,330,330,0,True
41,3,41:3,6,6.0,2.9648905455799617,2.9361026667920824,1.681912591624144,0.9015171593097864,0.3070455163254775,5.375827908410595,330,330,0,True
41,4,41:4,7,6.999885428285787,2.9648905455799617,2.9361026667920824,1.6736124962180237,1.1625043979243752,0.39593451927704576,5.331392687272094,330,330,0,True
41,5,41:5,7,6.948484848484849,2.9648905455799617,2.9361026667920824,1.5651720198657577,0.9210563371903046,0.31370031695677364,4.7834977217614325,330,330,0,True
41,6,41:6,7,6.999885428530992,2.9648905455799617,2.9361026667920824,1.7877358157015757,1.156619510816985,0.39393020002283524,5.975906583127606,330,330,0,True
41,7,41:7,6,6.0,2.9648905455799617,2.9361026667920824,1.6879014246974793,1.0014807694166379,0.3410918769100239,5.408119442173455,330,330,0,True
41,8,41:8,7,6.999999992777619,2.9648905455799617,2.9361026667920824,1.6229656534636199,1.0050410997810915,0.342304481089272,5.068098274564776,330,330,0,True
41,9,41:9,7,6.948484848484849,2.9648905455799617,2.9361026667920824,1.5594116587937767,0.9873689177396525,0.33628555598787313,4.756022257966771,330,330,0,True
41,10,41:10,9,8.948479943031545,2.9648905455799617,2.9361026667920824,1.6176737072981615,1.0151778254090944,0.3457569235881844,5.041349011589723,330,330,0,True
41,11,41:11,6,5.999999999754795,2.9648905455799617,2.9361026667920824,1.609544885299144,1.1483657388302644,0.3911190680825007,5.0005348929342235,330,330,0,True
41,12,41:12,6,6.0,2.9648905455799617,2.9361026667920824,1.5159537734519997,0.9546209768348497,0.3251320151818282,4.553762313863769,330,330,0,True
41,13,41:13,7,6.948484848484849,2.9648905455799617,2.9361026667920824,1.531196371922301,1.011813910350425,0.34461121601579053,4.6237051857121845,330,330,0,True
41,14,41:14,7,6.999999992777619,2.9648905455799617,2.9361026667920824,1.6823238755530514,0.9988106595822612,0.3401824707558808,5.378039354768896,330,330,0,True
41,15,41:15,9,8.948365371815333,2.9648905455799617,2.9361026667920824,1.8513521767042787,1.3235868268356117,0.4507971883291574,6.368424939114415,330,330,0,True
41,16,41:16,7,6.997494703877682,2.9648905455799617,2.9361026667920824,1.7152257343670707,1.1273252488916425,0.38395293926262186,5.557929986574864,330,330,0,True
41,17,41:17,6,6.0,2.9648905455799617,2.9361026667920824,1.5213776222000188,0.9570677335231776,0.32596535003622595,4.5785283347501355,330,330,0,True
41,18,41:18,6,5.999999992777619,2.9648905455799617,2.9361026667920824,1.4956396330989221,1.050489374192994,0.35778359730885506,4.462189804526087,330,330,0,True
41,19,41:19,8,7.99749470387747,2.9648905455799617,2.9361026667920824,1.7229468648298487,1.1298122249528058,0.38479997233448665,5.601009586691866,330,330,0,True
41,20,41:20,6,6.0,2.9648905455799617,2.9361026667920824,1.6077685603147736,0.9855776760946563,0.335675481392984,4.991660202369525,330,330,0,True
41,21,41:21,7,6.948484848484849,2.9648905455799617,2.9361026667920824,1.5792379341575535,0.9676876031849998,0.32958234537563796,4.851257424633139,330,330,0,True
41,22,41:22,8,7.999995094799492,2.9648905455799617,2.9361026667920824,1.8116584121807864,0.9596050064187976,0.3268295135834742,6.1205894802057275,330,330,0,True
41,23,41:23,7,6.999999804393845,2.9648905455799617,2.9361026667920824,1.6503770710557872,1.1598203781119398,0.3950203755576206,5.208943598778194,330,330,0,True
41,24,41:24,7,6.997494703877682,2.9648905455799617,2.9361026667920824,1.6169436055795565,1.0248440500086469,0.34904911929676075,5.037669657327148,330,330,0,True
41,25,41:25,7,6.99749470387747,2.9648905455799617,2.9361026667920824,1.5476115632786265,1.125198530333854,0.38322860540950354,4.700230562099299,330,330,0,True
42,1,42:1,7,6.999999804393845,2.9648905455799617,2.9361026667920824,1.7835926609812436,0.18167140132899517,0.061875016627904615,5.951198697200628,330,330,0,True
42,2,42:2,7,7.0,2.9648905455799617,2.9361026667920824,1.8368025061625939,1.1409085661162106,0.388579247933023,6.27643727225987,330,330,0,True
42,3,42:3,6,6.0,2.9648905455799617,2.9361026667920824,1.6917650016018995,0.9836276503304987,0.3350113269047187,5.429054543692032,330,330,0,True
42,4,42:4,8,7.999999999754795,2.9648905455799617,2.9361026667920824,1.9374676159438773,0.9858747041145401,0.33577664543715835,6.941151034932638,330,330,0,True
42,5,42:5,7,7.0,2.9648905455799617,2.9361026667920824,1.9033053725596547,1.2691075947826238,0.43224224041498566,6.708030377908813,330,330,0,True
42,6,42:6,8,7.999995094799492,2.9648905455799617,2.9361026667920824,1.9143645459877314,1.1253398463954252,0.38327673590002403,6.78262737950859,330,330,0,True
42,7,42:7,8,7.999999999992409,2.9648905455799617,2.9361026667920824,1.9397614986016967,0.842401171304786,0.2869113470835044,6.957091496701624,330,330,0,True
42,8,42:8,13,,2.9349530658856713,2.9361026667920824,2.094336809783212,1.174868757209084,0.4001456660548993,8.120054043730004,330,330,0,True
42,9,42:9,10,9.997380132408674,2.9648905455799617,2.9361026667920824,2.0108864420758605,1.1180293813142423,0.380786882543101,7.469936078969064,330,330,0,True
42,10,42:10,11,10.951363984094344,2.9641907751940266,2.9361026667920824,2.123541374547969,1.1811469221506432,0.4022839308412662,8.360693469453723,330,329,1,True
42,11,42:11,8,8.0,2.9648905455799617,2.9361026667920824,1.8439892562708906,1.0067318547328503,0.3428803311679772,6.321706934535478,330,330,0,True
42,12,42:12,6,6.0,2.9648905455799617,2.9361026667920824,1.7159115148520523,0.7807318161483445,0.2659075327911997,5.5617428137283484,330,330,0,True
42,13,42:13,8,8.0,2.9648905455799617,2.9361026667920824,1.9802889935675991,1.028449023173811,0.3502769282579177,7.244836393771739,330,330,0,True
42,14,42:14,10,9.945979552362532,2.9648905455799617,2.9361026667920824,1.9231720131750467,0.8752370626719777,0.2980948427216414,6.842628990841592,330,330,0,True
42,15,42:15,8,7.999885428530992,2.9648905455799617,2.9361026667920824,1.951026329934719,0.8494970691818451,0.2893281215230753,7.035905036166851,330,330,0,True
42,16,42:16,13,12.943474256240215,2.9648905455799617,2.9361026667920824,2.219876638204423,1.2763001597474024,0.4346919384606732,9.206195103070472,330,330,0,True
42,17,42:17,9,8.997494501049147,2.9648905455799617,2.9361026667920824,1.8347654126803417,1.0424967856730825,0.35506142120435125,6.263664596784715,330,330,0,True
42,18,42:18,10,9.999999999992403,2.9648905455799617,2.9361026667920824,2.00003918000648,1.235983799786535,0.4209606883866027,7.389345607867932,330,330,0,True
42,19,42:19,9,8.89685512550069,2.9648905455799617,2.9361026667920824,1.845820139253014,1.0308653840828752,0.3510999106884688,6.3332918422489035,330,330,0,True
42,20,42:20,13,12.945974647162023,2.9648905455799617,2.9361026667920824,2.2646583695477847,1.41518608975141,0.48199475643595574,9.627834877624322,330,330,0,True
42,21,42:21,10,9.94837027701584,2.9648905455799617,2.9361026667920824,2.005546482187826,1.3012442557920745,0.4431875869019879,7.430153233874216,330,330,0,True
42,22,42:22,11,10.94847974743298,2.9648905455799617,2.9361026667920824,2.065964182666278,0.9992284427808853,0.3403247625099633,7.892904431661093,330,330,0,True
42,23,42:23,6,6.0,2.9648905455799617,2.9361026667920824,1.7461787526155437,0.9741062030204255,0.3317684405377797,5.7326548762743,330,330,0,True
42,24,42:24,11,10.948484848239644,2.9648905455799617,2.9361026667920824,2.084044387704737,1.3789261664384285,0.46964507816241013,8.036907643137452,330,330,0,True
42,25,42:25,12,11.948370277008248,2.9648905455799617,2.9361026667920824,2.2262033546878466,1.070185532255152,0.36449186343487494,9.26462472831685,330,330,0,True
43,1,43:1,4,4.0,2.9648905455799617,2.9361026667920824,0.9869300796563436,0.5194158416697576,0.1769065664986638,2.682985265575553,330,330,0,True
43,2,43:2,8,7.999999999999897,2.9648009463961706,2.9361026667920824,1.8130256890037808,1.2097575502664704,0.41202835444041996,6.128963744008877,330,329,1,True
43,3,43:3,4,4.0,2.9648905455799617,2.9361026667920824,1.3487565485907484,0.7748873705125243,0.2639169873985191,3.8526319903696202,330,330,0,True
43,4,43:4,7,7.0,2.9648905455799617,2.9361026667920824,1.909742006875212,1.4412686312437415,0.49087814521773454,6.75134677277518,330,330,0,True
43,5,43:5,5,4.948484848484849,2.9648905455799617,2.9361026667920824,1.231220913989252,0.7183891799257467,0.24467440735328305,3.4254091142243728,330,330,0,True
43,6,43:6,5,4.948484848484849,2.9648905455799617,2.9361026667920824,1.290654819246687,0.7552230856542039,0.25721957688875474,3.6351661533267383,330,330,0,True
43,7,43:7,8,8.0,2.9637139603321527,2.9361026667920824,1.9836814785646548,1.4357287270048782,0.48899132283188246,7.2694561299743015,330,328,2,True
43,8,43:8,6,6.0,2.9648009463961706,2.9361026667920824,1.7363504632038365,1.2987951038412882,0.4423534362510292,5.676588653893011,330,329,1,True
43,9,43:9,4,4.0,2.9646108529195274,2.9361026667920824,1.3829952886838395,0.5950324125264819,0.20266062874994778,3.986825454095599,330,329,1,True
43,10,43:10,7,7.0,2.9648905455799617,2.9361026667920824,1.6165358037024626,1.066761059846171,0.3633255307831893,5.035615705015981,330,330,0,True
43,11,43:11,6,5.951367781155005,2.9641907751940266,2.9361026667920824,1.4378271143389745,0.5837327852865255,0.19881211644560726,4.211534684227739,330,329,1,True
43,12,43:12,5,5.0,2.9648905455799617,2.9361026667920824,1.4619083755449818,0.967765253186251,0.3296087919989558,4.3141847621279945,330,330,0,True
43,13,43:13,6,6.0,2.964408068307418,2.9361026667920824,1.7578638833802096,1.0925078387031735,0.37209456299320154,5.800034601904663,330,329,1,True
43,14,43:14,9,8.997494703877683,2.9648905455799617,2.9361026667920824,2.0154870911455136,1.2215786383009748,0.4160544697967402,7.504381809042725,330,330,0,True
43,15,43:15,5,4.948484848484849,2.9648905455799617,2.9361026667920824,1.3622206538931085,0.7925579806387348,0.2699353771251689,3.9048550123903665,330,330,0,True
43,16,43:16,6,5.997494703877682,2.9648905455799617,2.9361026667920824,1.571918557118685,1.0643468734770891,0.3625032889738729,4.815878874847395,330,330,0,True
43,17,43:17,7,7.0,2.9648905455799617,2.9361026667920824,1.8596556310550099,1.027913887636603,0.3500946677589029,6.42152501682592,330,330,0,True
43,18,43:18,3,3.0,2.9648905455799617,2.9361026667920824,1.0680380986277538,0.5852663992712029,0.19933444626806984,2.9096654199988667,330,330,0,True
43,19,43:19,3,3.0,2.9648905455799617,2.9361026667920824,1.0574948757505378,0.760997102733906,0.2591861351923888,2.879149320675076,330,330,0,True
43,20,43:20,7,,2.9189840829200953,2.9361026667920824,1.756291544770504,1.2907621975067272,0.4396175284010024,5.790922149370289,330,304,26,False
43,21,43:21,10,9.999999999999897,2.964408068307418,2.9361026667920824,2.19514081008588,1.3460824832728988,0.4584589287348038,8.981265620568958,330,329,1,True
43,22,43:22,8,,2.9040904244633508,2.9361026667920824,1.940858160211358,1.450488492279856,0.49401831505593297,6.964725256921771,330,294,36,False
43,23,43:23,3,3.0,2.9648905455799617,2.9361026667920824,0.988113906251966,0.6609198603686506,0.22510107287588696,2.686163335659391,330,330,0,True
43,24,43:24,15,14.994869931085844,2.9648905455799617,2.9361026667920824,2.416669421563263,1.5273580039441192,0.5201991133412495,11.208466402924104,330,330,0,True
43,25,43:25,4,4.0,2.9648905455799617,2.9361026667920824,1.3260143732560787,0.7015829970218213,0.23895043077235256,3.7660035514192054,330,330,0,True
44,1,44:1,8,,2.9248876673568165,2.9361026667920824,1.9011757351300853,0.982252061110524,0.33454281834896116,6.693759906196149,330,330,0,True
44,2,44:2,6,,2.867476514499462,2.9361026667920824,1.6976519665678198,0.9689297483407828,0.33000540454513905,5.461109458092356,330,330,0,True
44,3,44:3,6,,2.785302505465896,2.9361026667920824,1.4827568171355243,1.0684195891526957,0.3638904052084889,4.405072937481054,330,330,0,True
44,4,44:4,13,,2.8332642525957104,2.9361026667920824,2.308512702264733,1.0963896893517544,0.37341667297678127,10.05945212310647,330,329,1,True
44,5,44:5,11,,2.868598585735552,2.9361026667920824,1.872529295901913,0.8225010337828298,0.2801336080939824,6.504727992200263,330,330,0,True
44,6,44:6,11,,2.9061553765195063,2.9361026667920824,1.8559845856558093,0.48293393110916083,0.16448128213336738,6.397994524136378,330,328,2,True
44,7,44:7,10,,2.787493875254449,2.9361026667920824,1.8242546016704473,1.0527944424522846,0.3585686748490111,6.19817318882535,330,328,2,True
44,8,44:8,7,,2.8169272246062467,2.9361026667920824,1.6711875406822572,0.8528174142461328,0.2904589896980344,5.318479959784426,330,324,6,True
44,9,44:9,9,,2.8416953175936315,2.9361026667920824,1.3704045337595747,0.39130735089787405,0.13327441009595464,3.936942999731256,330,330,0,True
44,10,44:10,12,,2.795125514141595,2.9361026667920824,2.103607218183259,1.0564689389104454,0.3598201625778702,8.195680262299813,330,330,0,True
44,11,44:11,13,,2.8965760973586945,2.9361026667920824,2.1682487814775953,1.2361809479116923,0.4210278345826084,8.742959793473359,330,327,3,True
44,12,44:12,5,,2.887228308395023,2.9361026667920824,1.488508153496203,0.6726354623166458,0.22909126098494087,4.430480988725339,330,325,5,True
44,13,44:13,19,,2.9132713719889027,2.9361026667920824,2.3582356100793147,1.1661074080731957,0.39716165965928485,10.572281359945586,330,327,3,True
44,14,44:14,14,,2.9194723899865433,2.9361026667920824,1.9610691257368995,0.9284780831279512,0.31622807118743734,7.106921197254336,330,190,140,False
44,15,44:15,13,,2.93234499725005,2.9361026667920824,2.225564107204461,0.8094840874029801,0.2757001982793073,9.258704232807302,330,329,1,True
44,16,44:16,10,,2.8869896047924835,2.9361026667920824,1.9924607823739766,1.13916908506747,0.3879868023525552,7.333557866451641,330,330,0,True
44,17,44:17,9,,2.876770963275566,2.9361026667920824,2.037681067445861,1.2134756734954053,0.4132947009040459,7.672795856798507,330,330,0,True
44,18,44:18,17,,2.6713577402179314,2.9361026667920824,2.3332417421775435,1.5270542269432397,0.5200956506782045,10.311314032903963,330,242,88,False
44,19,44:19,6,,2.946762715140216,2.9361026667920824,1.6760893185502268,0.8978563774781141,0.30579869962758865,5.344613966362338,330,330,0,True
44,20,44:20,8,,2.905260166873464,2.9361026667920824,1.8896593537667676,0.8962883080918906,0.30526463472449156,6.617114202047193,330,330,0,True
44,21,44:21,10,,2.8640270926546894,2.9361026667920824,1.9976881965221913,1.1144329980240242,0.37956199918636624,7.371993783302759,330,322,8,True
44,22,44:22,25,,2.9303231830472973,2.9361026667920824,2.736904654591114,1.259778936352834,0.42906501553954146,15.43912164329993,330,262,68,False
44,23,44:23,9,,2.936197258584776,2.9361026667920824,2.0595693005161175,1.097893538062398,0.3739288651176258,7.842591282787846,330,330,0,True
44,24,44:24,13,,2.9514838318858017,2.9361026667920824,2.2200151221407634,0.9826519326101258,0.33467900960144165,9.207470101488427,330,330,0,True
44,25,44:25,15,,2.9175439525954516,2.9361026667920824,2.0121871118522674,0.9431000607536849,0.3212081346542606,7.479658320400838,330,324,6,True
45,1,45:1,8,8.0,2.9648905455799617,2.9361026667920824,1.9355033637657006,1.4081659346354614,0.47960377903746493,6.92753024560518,330,330,0,True
45,2,45:2,9,9.0,2.9648905455799617,2.9361026667920824,2.0154037159954687,1.2611820352288134,0.42954289354150943,7.503756156165716,330,330,0,True
45,3,45:3,9,9.0,2.9648905455799617,2.9361026667920824,2.0827657038381524,1.4369523739607546,0.4894080817448851,8.026637546499709,330,330,0,True
45,4,45:4,9,9.0,2.9648905455799617,2.9361026667920824,2.079790303587208,1.4223336931019614,0.48442914111582147,8.002790581855015,330,330,0,True
45,5,45:5,9,9.0,2.9648905455799617,2.9361026667920824,2.0813748249370225,1.4214211457123909,0.48411833884044747,8.015481226033174,330,330,0,True
45,6,45:6,8,8.0,2.9648905455799617,2.9361026667920824,1.7546495809451927,1.1053240630838936,0.3764596093949075,5.781421466708974,330,330,0,True
45,7,45:7,8,8.0,2.9646108529195274,2.9361026667920824,1.944176945232236,1.3838373156712624,0.4713177544241704,6.98787808115102,330,329,1,True
45,8,45:8,8,7.999999999999782,2.9648905455799617,2.9361026667920824,1.820398147240309,1.2867601959518302,0.4382544965151762,6.174316247543162,330,330,0,True
45,9,45:9,8,7.999999999754795,2.9648905455799617,2.9361026667920824,1.9936881302472054,1.3903396341805296,0.4735323631239307,7.342564218935429,330,330,0,True
45,10,45:10,8,7.999999999992409,2.9648905455799617,2.9361026667920824,1.9986567620926945,1.4009149539135692,0.4771341853124558,7.379137501688595,330,330,0,True
45,11,45:11,7,7.0,2.9648905455799617,2.9361026667920824,1.7116931694978723,1.2395879038271302,0.4221882013347562,5.5383308763044905,330,330,0,True
45,12,45:12,7,7.0,2.964907061405403,2.9361026667920824,1.7310902098890233,1.2770361420848824,0.4349426048783718,5.646806758439393,330,317,13,True
45,13,45:13,8,7.997494703877682,2.9648905455799617,2.9361026667920824,1.7131797186651638,1.0894685997010825,0.3710594360419319,5.54656999987073,330,330,0,True
45,14,45:14,8,7.997494703877682,2.9648905455799617,2.9361026667920824,1.7253681424567537,1.1223853565709825,0.3822704734631349,5.614587617349598,330,330,0,True
45,15,45:15,7,7.0,2.9648905455799617,2.9361026667920824,1.6383990305149567,1.1197758901057107,0.38138172168521334,5.146922846247089,330,330,0,True
45,16,45:16,8,7.997494703877682,2.9648905455799617,2.9361026667920824,1.7214774879620642,1.1532799705626298,0.3927927942052097,5.592785636289856,330,330,0,True
45,17,45:17,7,7.0,2.9648905455799617,2.9361026667920824,1.7052617256754046,1.1515087788312417,0.3921895483611796,5.502825709530712,330,330,0,True
45,18,45:18,7,6.999999999999788,2.9648905455799617,2.9361026667920824,1.5917737609692333,1.036612901103268,0.3530574434019527,4.912454725497686,330,330,0,True
45,19,45:19,7,6.999999999999995,2.9648905455799617,2.9361026667920824,1.7299015462896772,1.2203647132877131,0.41564102205630815,5.640098592459297,330,330,0,True
45,20,45:20,8,7.948484848484849,2.9648905455799617,2.9361026667920824,1.748028254503504,1.2606170517884847,0.4293504672184388,5.7432672430620935,330,330,0,True
45,21,45:21,7,6.999999999992409,2.9648905455799617,2.9361026667920824,1.5954671878351527,1.0785528583489123,0.3673416704897837,4.93063206543259,330,330,0,True
45,22,45:22,8,8.0,2.9648905455799617,2.9361026667920824,2.0170048056481726,1.3778781161507587,0.469288125287593,7.515779965533574,330,330,0,True
45,23,45:23,8,8.0,2.9648905455799617,2.9361026667920824,2.0060183331259944,1.3600128008504782,0.46320342140365156,7.433659985915412,330,330,0,True
45,24,45:24,7,7.0,2.9648905455799617,2.9361026667920824,1.666167734850812,1.0407943096415553,0.35448157907185956,5.291849119812072,330,330,0,True
45,25,45:25,8,7.948484848484849,2.9648905455799617,2.9361026667920824,1.681407366173721,1.0522507111897201,0.35838348675299725,5.373112589316086,330,330,0,True
46,1,46:1,12,11.94837026979346,2.9648905455799617,2.9361026667920824,2.179315485461811,1.333875672141145,0.45430144089563007,8.840252905518016,330,330,0,True
46,2,46:2,13,12.89696969696927,2.9648905455799617,2.9361026667920824,2.1942479958513657,1.3788106652201104,0.4696057398859853,8.973250597274813,330,330,0,True
46,3,46:3,11,10.99999509479169,2.9648905455799617,2.9361026667920824,2.112231785474246,1.4008319874850041,0.47710592798020945,8.266670146697798,330,330,0,True
46,4,46:4,9,9.0,2.9648905455799617,2.9361026667920824,2.109721975071764,1.4821940605301516,0.5048168367183026,8.245948386691593,330,330,0,True
46,5,46:5,11,10.999999917594568,2.955907869094814,2.9361026667920824,2.0504473529407266,1.2746969109797723,0.434145891898418,7.771376877100129,330,330,0,True
46,6,46:6,13,12.944099378825127,2.9594149939616394,2.9361026667920824,2.148165356684887,1.2395226773727066,0.4221659860167561,8.569122683233276,330,330,0,True
46,7,46:7,13,12.924900284308913,2.9644739271265452,2.9361026667920824,2.153588372109153,1.2651143552756652,0.4308821927735585,8.615719400878909,330,330,0,True
46,8,46:8,11,10.978124918369542,2.9544965736624467,2.9361026667920824,2.108676023529556,1.5318867164215175,0.5217415364072474,8.237328033281436,330,330,0,True
46,9,46:9,7,6.997494703877682,2.9648905455799617,2.9361026667920824,1.6033040096583646,0.9552227141676161,0.325336959422904,4.969424356001837,330,330,0,True
46,10,46:10,11,10.999989745993613,2.9555848941403027,2.9361026667920824,2.227881578297245,1.2721991432812028,0.43329518332925937,9.280185894173846,330,330,0,True
46,11,46:11,10,9.999995094799282,2.9648905455799617,2.9361026667920824,2.1578217005541207,1.4955641673715547,0.5093705285876714,8.652269881401654,330,330,0,True
46,12,46:12,11,10.951363984094241,2.9646108529195274,2.9361026667920824,2.1110329183029513,1.3755911978044653,0.46850922938175193,8.256765445639791,330,330,0,True
46,13,46:13,10,9.9541902156231,2.9634960047397567,2.9361026667920824,2.061186854902182,1.3317931480573224,0.45359215912991513,7.85528736624992,330,329,1,True
46,14,46:14,13,12.999995094546485,2.9648905455799617,2.9361026667920824,2.2220399300470444,1.3377390484420464,0.4556172587464828,9.226132347101972,330,330,0,True
46,15,46:15,8,7.948484848484849,2.9648905455799617,2.9361026667920824,1.8956811363853778,1.1428277799721542,0.389232908269104,6.657081240971385,330,330,0,True
46,16,46:16,11,10.993650793650794,2.943069339854533,2.9361026667920824,2.0746554775949737,1.3664915551666197,0.4654100044327185,7.9618029669581425,330,330,0,True
46,17,46:17,11,10.999999992532409,2.9648905455799617,2.9361026667920824,2.1654848675005853,1.356910428765336,0.46214679211059906,8.71882836865302,330,330,0,True
46,18,46:18,13,12.94597955236232,2.9648905455799617,2.9361026667920824,2.2841860680794355,1.4313085389537217,0.4874858618338221,9.817692038161047,330,330,0,True
46,19,46:19,11,10.999885428285786,2.9648905455799617,2.9361026667920824,2.1508594516817947,1.3193336528006463,0.44934861022490047,8.592239839707553,330,330,0,True
46,20,46:20,11,10.948479943039136,2.9648905455799617,2.9361026667920824,2.0885105508669835,1.2988030980081742,0.4423561589647055,8.072882057997532,330,330,0,True
46,21,46:21,9,9.0,2.9648905455799617,2.9361026667920824,2.1276825319987336,1.304789052726379,0.44439490058839165,8.395388206109722,330,330,0,True
46,22,46:22,13,12.944099374375655,2.958680570723407,2.9361026667920824,2.2249407004214437,1.3038967966749109,0.4440910092900526,9.25293409254578,330,330,0,True
46,23,46:23,13,12.999999992517225,2.9648905455799617,2.9361026667920824,2.2618160636369624,1.4062458726112241,0.4789498298258268,9.600508479032168,330,330,0,True
46,24,46:24,11,10.997775965450119,2.9672967032613595,2.9361026667920824,2.149077601246449,1.339612329745399,0.45625527502722796,8.576943385452589,330,330,0,True
46,25,46:25,11,10.997494703632478,2.9648905455799617,2.9361026667920824,2.1695615441977916,1.2580352894389462,0.4284711511172892,8.754444762024303,330,330,0,True
47,1,47:1,6,6.0,2.9648905455799617,2.9361026667920824,1.7544936903439063,1.2940192160639772,0.4407268283563778,5.780520267686292,330,330,0,True
47,2,47:2,10,9.99999508756952,2.9648905455799617,2.9361026667920824,2.0109595873245247,1.2816970538212427,0.4365300533654687,7.470482489284482,330,330,0,True
47,3,47:3,5,5.0,2.9648905455799617,2.9361026667920824,1.5633034031881763,1.1374888732318011,0.38741454312787876,4.774567544279144,330,330,0,True
47,4,47:4,5,,2.948487598718675,2.9361026667920824,1.5666052698524227,1.14223309850501,0.3890303671679803,4.790358585299177,330,298,32,False
47,5,47:5,5,5.0,2.9648905455799617,2.9361026667920824,1.6011430004583405,1.1347330900468657,0.3864759576975722,4.958696979404155,330,330,0,True
47,6,47:6,6,5.948484848484849,2.9648905455799617,2.9361026667920824,1.6126276218866877,1.1639340344197011,0.3964214356616448,5.015974009944571,330,330,0,True
47,7,47:7,6,5.999885428530992,2.9648905455799617,2.9361026667920824,1.6241730555064953,1.0445889605589773,0.35577398991305403,5.074221202448953,330,330,0,True
47,8,47:8,8,7.948484848484849,2.9648905455799617,2.9361026667920824,1.8612679836376702,1.0083394442340639,0.34342785613002835,6.431887130717115,330,330,0,True
47,9,47:9,5,5.0,2.9648905455799617,2.9361026667920824,1.5939885123708342,0.9347535085704124,0.318365402934531,4.923346648484949,330,330,0,True
47,10,47:10,5,5.0,2.9648905455799617,2.9361026667920824,1.5830108877369864,0.9018544560669237,0.30716039540002493,4.869595566423123,330,330,0,True
47,11,47:11,6,5.997494703877682,2.9648905455799617,2.9361026667920824,1.5919216874894178,1.0554781008731533,0.3594826954829697,4.913181461581238,330,330,0,True
47,12,47:12,7,6.948484848484849,2.9648905455799617,2.9361026667920824,1.7206335109157982,1.167959196476002,0.39779235572579186,5.588067444890823,330,330,0,True
47,13,47:13,7,6.994989407755364,2.9648905455799617,2.9361026667920824,1.6340340475899915,1.0590545301347756,0.3607007827460863,5.124505576999002,330,330,0,True
47,14,47:14,18,17.97203387384996,2.96375713686054,2.9361026667920824,2.435910459607965,1.0880616955842275,0.3705802620223149,11.426217088129116,330,322,8,True
47,15,47:15,7,6.9542682926829285,2.9634960047397567,2.9361026667920824,1.5323405520912807,0.8369770166757607,0.28506394757313525,4.628998565205322,330,328,2,True
47,16,47:16,20,19.85885527623842,2.9588197691466784,2.9361026667920824,2.4218341657324007,1.1707271467494946,0.39873508511492345,11.266505012696369,330,322,8,True
47,17,47:17,7,6.997494703877682,2.9648905455799617,2.9361026667920824,1.7314588914905056,1.1245123422559318,0.38299489829643724,5.648889016019799,330,330,0,True
47,18,47:18,5,5.0,2.9648905455799617,2.9361026667920824,1.5630404902684238,1.07405471287441,0.3658096581642689,4.773312413787763,330,330,0,True
47,19,47:19,20,19.783913108635872,2.9648905455799617,2.9361026667920824,2.340924678288723,0.8589161275098204,0.2925361354779369,10.390840306293793,330,330,0,True
47,20,47:20,19,18.75654551565613,2.9641907751940266,2.9361026667920824,2.2012128306524774,1.238253590585602,0.4217337508631771,9.03596595283831,330,329,1,True
47,21,47:21,6,6.0,2.9648905455799617,2.9361026667920824,1.7497976831270066,1.0914652703907333,0.37173947721087114,5.753438540553095,330,330,0,True
47,22,47:22,6,6.0,2.9672967032613595,2.9361026667920824,1.677778768208846,1.1061420020148136,0.37673818920758606,5.35365105430633,330,329,1,True
47,23,47:23,13,12.997484893476456,2.9648905455799617,2.9361026667920824,2.1433868745010987,1.0093077509552484,0.3437576493392837,8.528272960726172,330,330,0,True
47,24,47:24,8,7.997494703877682,2.9648905455799617,2.9361026667920824,1.8489826556430435,0.9991406181087861,0.34029485052047714,6.353352686156793,330,330,0,True
47,25,47:25,15,14.924861420874695,2.965916098091985,2.9361026667920824,2.101471951275888,1.1875670005319883,0.40447052957773316,8.178198967709216,330,325,5,True
48,1,48:1,6,,2.636546090368432,2.9361026667920824,1.4939729542461215,1.2762315969388536,0.4346685868220114,4.454758961276481,330,156,174,False
48,2,48:2,4,,2.4688725438550376,2.9361026667920824,1.3100128869838026,1.039525915828429,0.35404957993658676,3.706221473918549,330,138,192,False
48,3,48:3,11,,2.918876225550733,2.9361026667920824,1.9714127243570623,1.2638766366162697,0.43046064121359623,7.180813836631732,330,258,72,False
48,4,48:4,6,,2.918951846246841,2.9361026667920824,1.6060897456455423,1.0988453992777225,0.37425305719240926,4.983287160357409,330,267,63,False
48,5,48:5,7,,2.9460964734417283,2.9361026667920824,1.6962693676595773,0.97731136288714,0.3328600780690437,5.453564151386166,330,281,49,False
48,6,48:6,9,,2.945589037221446,2.9361026667920824,2.056250672199807,1.514317666579831,0.5157577368486026,7.8166077759313355,330,286,44,False
48,7,48:7,8,,2.9810636082522666,2.9361026667920824,1.777993472720722,1.3348478647826076,0.45463255760093413,5.917969929195722,330,270,60,False
48,8,48:8,7,,2.866157003990346,2.9361026667920824,1.683418827013546,1.254606032703312,0.42730318898353287,5.383931271907976,330,231,99,False
48,9,48:9,7,6.963076923076575,2.964411379970814,2.9361026667920824,1.5430885737051119,0.8291833513363082,0.282409522226365,4.679019473201134,330,325,5,True
48,10,48:10,10,,2.899323260476549,2.9361026667920824,2.067385842229226,1.352113026613767,0.4605128566880307,7.90413343474435,330,261,69,False
48,11,48:11,4,,2.9650252910202446,2.9361026667920824,1.3449084089038494,0.6271669512452245,0.2136052524111674,3.8378350129861065,330,302,28,False
48,12,48:12,9,,2.9368264466308247,2.9361026667920824,1.8580355799144055,1.311041866444011,0.44652453106363105,6.411130240206332,330,261,69,False
48,13,48:13,8,,2.94613084289004,2.9361026667920824,1.6330918479037153,1.1748646758149603,0.4001442759828934,5.11967954335275,330,276,54,False
48,14,48:14,6,,2.860275942358229,2.9361026667920824,1.7172780858883965,1.5265221624958305,0.5199144361541258,5.569348526058627,330,154,176,False
48,15,48:15,6,,2.7885546424785064,2.9361026667920824,1.7677801226897516,1.5271710630057524,0.520135443585937,5.857835241873882,330,155,175,False
48,16,48:16,7,6.968553459119494,2.965733745036069,2.9361026667920824,1.5297799068440043,0.9662071654794099,0.3290781267315374,4.617160505034355,330,318,12,True
48,17,48:17,10,,2.8106492155478344,2.9361026667920824,1.9672443621213531,1.4338881411091788,0.48836444219977215,7.150943901019025,330,205,125,False
48,18,48:18,3,,2.498738331824616,2.9361026667920824,1.0676888059070166,0.9653708212117419,0.3287932782903956,2.9086492725246695,330,138,192,False
48,19,48:19,5,,2.9193252474797937,2.9361026667920824,1.3937987580016602,0.9802306383781775,0.3338543469425593,4.030130501746512,330,264,66,False
48,20,48:20,8,,2.927653378110745,2.9361026667920824,1.7680260221935207,1.2362059224678712,0.4210363406053921,5.859275857769128,330,273,57,False
48,21,48:21,7,,2.394394465470971,2.9361026667920824,1.6107046623281187,1.4048378467887657,0.47847027376725176,5.006337762802778,330,84,246,False
48,22,48:22,8,,2.907159234950745,2.9361026667920824,1.936210711873066,1.3544565623766718,0.46131103578081606,6.932432154486724,330,258,72,False
48,23,48:23,10,,2.727627400455454,2.9361026667920824,2.0859727627149547,1.3703054659500444,0.4667089749443974,8.052420767749522,330,155,175,False
48,24,48:24,5,,2.8024096434306682,2.9361026667920824,1.482166856393507,1.0914348136886158,0.37172910403745935,4.402474883832402,330,187,143,False
48,25,48:25,8,7.996815286624203,2.9565083365401574,2.9361026667920824,1.734701866181564,1.1424812845293175,0.3891148962367743,5.667237956625207,330,314,16,True
49,1,49:1,6,5.999885428530992,2.9648905455799617,2.9361026667920824,1.5824434138559063,0.8446055414085357,0.2876621280860496,4.866832982049128,330,330,0,True
49,2,49:2,8,8.0,2.9648905455799617,2.9361026667920824,1.9282670296588567,0.12352467008270593,0.04207096416613596,6.877581263935271,330,330,0,True
49,3,49:3,7,7.0,2.9648905455799617,2.9361026667920824,1.9316603491828213,0.04694428633537373,0.015988639248321643,6.900958735899972,330,330,0,True
49,4,49:4,7,7.0,2.9648905455799617,2.9361026667920824,1.7691436140681864,0.9405827158273349,0.32035075832514864,5.865827797374475,330,330,0,True
49,5,49:5,6,5.948484848484849,2.9648905455799617,2.9361026667920824,1.6136428288349427,0.46144834153104597,0.15716355791986447,5.02106884733131,330,330,0,True
49,6,49:6,6,5.997494703877682,2.9648905455799617,2.9361026667920824,1.6191812774307182,0.9767934942489301,0.3326836984607735,5.048954930574996,330,330,0,True
49,7,49:7,8,8.0,2.9648905455799617,2.9361026667920824,2.008234911991735,0.04314199528216203,0.01469362627203291,7.450155554645941,330,330,0,True
49,8,49:8,8,7.999999999999788,2.9648905455799617,2.9361026667920824,1.899482097504742,0.12195146539255766,0.04153515024248079,6.6824326973651225,330,330,0,True
49,9,49:9,9,8.997494696655302,2.9648905455799617,2.9361026667920824,1.9192268155184893,0.15627919352752728,0.053226746903327564,6.815686648360962,330,330,0,True
49,10,49:10,7,6.896969696969698,2.9648905455799617,2.9361026667920824,1.5792979565976586,0.38742232819592526,0.1319512197505048,4.851548617680314,330,330,0,True
49,11,49:11,8,7.999999999999995,2.9648905455799617,2.9361026667920824,2.009042844026475,0.22589616392251655,0.07693741996063286,7.456177206197376,330,330,0,True
49,12,49:12,7,7.0,2.9648905455799617,2.9361026667920824,1.8065542804699273,0.14003368549227593,0.04769372919962417,6.089428777167188,330,330,0,True
49,13,49:13,7,6.948370277015841,2.9648905455799617,2.9361026667920824,1.6255243417815235,0.6338808472282054,0.21589192176333835,5.081082562703194,330,330,0,True
49,14,49:14,7,6.945979552362531,2.9648905455799617,2.9361026667920824,1.4550864493675684,0.8986945352566753,0.30608416572795394,4.284853872498565,330,330,0,True
49,15,49:15,6,5.999999999992409,2.9648905455799617,2.9361026667920824,1.5933272359547384,0.848632711474922,0.28903373205342253,4.920092031677311,330,330,0,True
49,16,49:16,8,7.948484848484849,2.9648905455799617,2.9361026667920824,1.8278224408306865,1.0447061246842064,0.35581389455486173,6.220326770558322,330,330,0,True
49,17,49:17,7,6.951367781155005,2.9634264472403125,2.9361026667920824,1.6555952710451527,0.7117871936362671,0.24242585304891576,5.23619595048141,330,329,1,True
49,18,49:18,8,7.999994899193337,2.9648905455799617,2.9361026667920824,1.7262565251189104,1.0357667450475365,0.35276925318799945,5.619577735883211,330,330,0,True
49,19,49:19,6,6.0,2.9641907751940266,2.9361026667920824,1.643475851909013,1.086292132489401,0.3699775708716135,5.1731192953472585,330,329,1,True
49,20,49:20,7,6.948484848239644,2.9648905455799617,2.9361026667920824,1.589744379786786,0.8910914658274369,0.30349465497438577,4.902495591175995,330,330,0,True
49,21,49:21,5,5.0,2.9648905455799617,2.9361026667920824,1.5052013617958777,0.7261295707925497,0.24731068807818699,4.505060686072514,330,330,0,True
49,22,49:22,8,7.999995094799492,2.9648905455799617,2.9361026667920824,1.7593239269295173,0.9390157646760765,0.3198170742789534,5.808509090066381,330,330,0,True
49,23,49:23,8,7.94597954514015,2.9648905455799617,2.9361026667920824,1.702721479915059,0.8362846147017917,0.28482812408446767,5.488864919278519,330,330,0,True
49,24,49:24,9,9.0,2.9648905455799617,2.9361026667920824,2.0263450887169383,0.7893389135647076,0.26883900297230445,7.5863083426517735,330,330,0,True
49,25,49:25,6,5.997494703877682,2.9648905455799617,2.9361026667920824,1.506402602320819,0.7029412328560796,0.23941302898106653,4.510475599191349,330,330,0,True
50,1,50:1,3,3.0,2.9648905455799617,2.9361026667920824,1.0343175721775926,0.6867063572785237,0.23388363256003003,2.8131857841651255,330,330,0,True
50,2,50:2,5,5.0,2.9646108529195274,2.9361026667920824,1.5621950490249326,1.0271688079765293,0.3498409029064335,4.769278564036826,330,329,1,True
50,3,50:3,5,5.0,2.9648905455799617,2.9361026667920824,1.468909767944144,1.0828315802982689,0.3687989498954904,4.344496049317777,330,330,0,True
50,4,50:4,6,5.999885428530992,2.9648905455799617,2.9361026667920824,1.615515809349653,1.0514810867807787,0.35812136226476116,5.030482024041832,330,330,0,True
50,5,50:5,7,6.949143746756606,2.9672967032613595,2.9361026667920824,1.468184798760901,0.9893804084273234,0.33697064466355925,4.341347564980257,330,329,1,True
50,6,50:6,6,5.9542682926829285,2.9643387216403037,2.9361026667920824,1.5686905399086595,0.8682123616139946,0.295702317031912,4.800358198939702,330,328,2,True
50,7,50:7,7,6.999997019280337,2.9657984752271718,2.9361026667920824,1.5856610687091166,1.0546510622358152,0.3592010164236193,4.8825179917547485,330,328,2,True
50,8,50:8,7,6.945979552362531,2.9648905455799617,2.9361026667920824,1.5098236246100412,1.088392109363799,0.3706927968404289,4.525932460810427,330,330,0,True
50,9,50:9,7,6.999999999999788,2.9648905455799617,2.9361026667920824,1.784163301712432,0.9480492043740821,0.3228937513312158,5.9545956627079075,330,330,0,True
50,10,50:10,5,4.999885428530992,2.9648905455799617,2.9361026667920824,1.3951267578110784,0.7639123079752107,0.2601790177895392,4.03548606959422,330,330,0,True
51,1,51:1,7,6.948484848484849,2.9648905455799617,2.9361026667920824,1.7940489053585194,1.206647858685509,0.4109692322182536,6.013752353343165,330,330,0,True
51,2,51:2,8,7.997494703877677,2.9648905455799617,2.9361026667920824,1.8960033118972646,0.8532292076979945,0.29059924141897014,6.659226335057705,330,330,0,True
51,3,51:3,11,10.999999797171458,2.9648905455799617,2.9361026667920824,2.111402831657612,0.8702044318875886,0.2963807913564391,8.259820298425021,330,330,0,True
51,4,51:4,12,11.90050773085095,2.9641907751940266,2.9361026667920824,2.145186038300464,1.1045441901735384,0.37619399439473206,8.543630531958629,330,329,1,True
51,5,51:5,9,8.94848484848485,2.9648905455799617,2.9361026667920824,2.0578720102074115,1.141848427441562,0.3888993529947367,7.829291418666515,330,330,0,True
51,6,51:6,12,11.96202531645569,2.959709436403423,2.9361026667920824,1.9978710314503403,1.3547175166144587,0.46139991354409676,7.37334176448171,330,317,13,True
51,7,51:7,6,5.948370277015841,2.9648905455799617,2.9361026667920824,1.3897409210268676,0.7269807335347027,0.24760058350717856,4.013810024495767,330,330,0,True
51,8,51:8,6,6.0,2.963638833686447,2.9361026667920824,1.7444472240594757,0.9774280643489881,0.3328998251334662,5.7227372094934905,330,327,3,True
51,9,51:9,8,7.948484848484849,2.9648905455799617,2.9361026667920824,1.8336349767648612,1.0323941806981902,0.3516205997749255,6.256587925977006,330,330,0,True
51,10,51:10,10,9.999885232924836,2.9648905455799617,2.9361026667920824,2.1209364666142707,1.16212966322675,0.39580688930624686,8.338942974022059,330,330,0,True
51,11,51:11,8,7.997494703877682,2.9648905455799617,2.9361026667920824,1.9290897312450357,1.0109499296644167,0.3443169549547656,6.883241789092427,330,330,0,True
51,12,51:12,6,5.948484848484849,2.9648905455799617,2.9361026667920824,1.5588091768360934,0.9586009854129214,0.3264875565336639,4.753157703373884,330,330,0,True
51,13,51:13,8,7.948484848484849,2.9648905455799617,2.9361026667920824,1.9327034196967439,1.3462666649794968,0.4585216587301412,6.908160677888879,330,330,0,True
51,14,51:14,9,8.94848484848485,2.9648905455799617,2.9361026667920824,2.0390876272324596,1.0994095608863856,0.3744452036098503,7.683595696430982,330,330,0,True
51,15,51:15,8,7.994989407510159,2.9648905455799617,2.9361026667920824,1.6990239095611221,1.0553130060022204,0.3594264662261388,5.468606930825638,330,330,0,True
51,16,51:16,16,15.769383530906591,2.9651864437469717,2.9361026667920824,2.231563709469205,1.3518009609394568,0.4604065710060483,9.314419744020402,330,328,2,True
51,17,51:17,9,8.94837027701584,2.9648905455799617,2.9361026667920824,1.9439228117193432,1.0859436262123172,0.3698588739741836,6.986102452779486,330,330,0,True
51,18,51:18,15,14.858810936142238,2.966744285286221,2.9361026667920824,2.2632075212827956,1.370039954832407,0.4666185451645942,9.613876478304727,330,328,2,True
51,19,51:19,12,11.949143741996759,2.965876076088758,2.9361026667920824,2.2383013735953474,1.3662899060732328,0.46534132526299204,9.377389070658687,330,329,1,True
51,20,51:20,8,7.999995094799492,2.9648905455799617,2.9361026667920824,1.9305706717072568,1.1634628531221833,0.396260957180137,6.8934430122067525,330,330,0,True
51,21,51:21,7,6.997494508271527,2.9648905455799617,2.9361026667920824,1.6820996231331364,0.537898566448545,0.18320155236132815,5.376833451647592,330,330,0,True
51,22,51:22,11,10.896625982562673,2.9648905455799617,2.9361026667920824,1.9102955997353268,1.1605512532370217,0.39526930252238524,6.755085304861605,330,330,0,True
51,23,51:23,32,31.271261969961408,2.9648905455799617,2.9361026667920824,2.6845140139860204,1.17586723215363,0.40048573418529515,14.651079430126051,330,330,0,True
51,24,51:24,11,10.894459495639282,2.9648905455799617,2.9361026667920824,1.9285249450389181,1.2728608054444863,0.43352053722126294,6.879355326690064,330,330,0,True
51,25,51:25,11,10.94837026979346,2.9648905455799617,2.9361026667920824,2.1092487186533457,1.002839187155713,0.3415545370732529,8.24204686197527,330,330,0,True
52,1,52:1,11,10.94848484848485,2.9648905455799617,2.9361026667920824,2.2671076278536484,1.4137648269056846,0.4815106920121193,9.651444833803717,330,330,0,True
52,2,52:2,8,7.951367781155005,2.9634264472403125,2.9361026667920824,1.9062435301114593,1.0383563429597902,0.35365123798422016,6.727768610840841,330,329,1,True
52,3,52:3,6,6.0,2.9648905455799617,2.9361026667920824,1.7122761689794324,1.1114340713917539,0.3785406021261787,5.541560661724216,330,330,0,True
52,4,52:4,9,8.94848484848485,2.9648905455799617,2.9361026667920824,1.9550742698638626,1.2328356442130635,0.4198884658076453,7.064443679488253,330,330,0,True
52,5,52:5,10,9.845454545454334,2.9648905455799617,2.9361026667920824,1.8756894776247142,1.0940684524518862,0.3726260885990203,6.525316629496189,330,330,0,True
52,6,52:6,9,8.999995094554286,2.9648905455799617,2.9361026667920824,1.9335338194417526,0.874385879373888,0.2978049402915538,6.913899595222243,330,330,0,True
52,7,52:7,14,13.945974647162023,2.9648905455799617,2.9361026667920824,2.317729542483375,1.2873937532412256,0.4384702782371715,10.152597077705238,330,330,0,True
52,8,52:8,7,7.0,2.965876076088758,2.9361026667920824,1.9091338543676024,1.2948770664059865,0.4410190014985883,6.747242172543543,330,329,1,True
52,9,52:9,17,16.845449632533445,2.9648905455799617,2.9361026667920824,2.3617247183556542,0.8460604563797931,0.2881576540047147,10.609233622072487,330,330,0,True
52,10,52:10,11,10.999656285592762,2.9648905455799617,2.9361026667920824,2.0639698647739904,1.320145020052239,0.4496249518054486,7.8771791569413,330,330,0,True
52,11,52:11,11,10.999880516108103,2.9648905455799617,2.9361026667920824,2.1589031536562096,1.3229081781824885,0.4505660490502763,8.661631966920774,330,330,0,True
52,12,52:12,11,10.896969696724488,2.9648905455799617,2.9361026667920824,2.007677402074917,1.3724218501884686,0.46742978905705124,7.4460031766459,330,330,0,True
52,13,52:13,16,15.94597935651096,2.9648905455799617,2.9361026667920824,2.521318948114677,1.0410338905941234,0.35456317736039283,12.44500015301279,330,330,0,True
52,14,52:14,12,11.999885428285781,2.9648905455799617,2.9361026667920824,2.2144817577645304,1.2878613420050464,0.4386295331464461,9.156662512521049,330,330,0,True
52,15,52:15,13,12.997494501049147,2.9648905455799617,2.9361026667920824,2.3016980192646117,1.2778162534070723,0.43520830107864883,9.99113319604153,330,330,0,True
52,16,52:16,13,12.94597955235494,2.9648905455799617,2.9361026667920824,2.2995045251222934,1.32846259600499,0.4524578145819531,9.969241722088247,330,330,0,True
52,17,52:17,8,8.0,2.9648905455799617,2.9361026667920824,1.9453383379995113,1.2806835312566003,0.43618486020308184,6.995998466778885,330,330,0,True
52,18,52:18,8,7.999999999999788,2.9648905455799617,2.9361026667920824,1.9331734685195363,1.3850919808179705,0.47174507774664765,6.911408613967645,330,330,0,True
52,19,52:19,7,6.997494703877682,2.9648905455799617,2.9361026667920824,1.733923547183664,1.3400220204661901,0.45639481058415,5.662828753763706,330,330,0,True
52,20,52:20,6,6.0,2.9648905455799617,2.9361026667920824,1.7705292745974561,1.2953722326820996,0.44118764896507967,5.873961477383037,330,330,0,True
52,21,52:21,14,13.945864980893312,2.9648905455799617,2.9361026667920824,2.282000825763407,1.2688435151070252,0.43215229816651274,9.796261426141747,330,330,0,True
52,22,52:22,9,8.94848484848485,2.9648905455799617,2.9361026667920824,2.0528614138935,1.0738699573084196,0.3657467327195697,7.7901601173899895,330,330,0,True
52,23,52:23,10,9.999999859800837,2.9641907751940266,2.9361026667920824,2.1889398558550357,1.2990518102143964,0.4424408672445062,8.92574552022534,330,329,1,True
52,24,52:24,10,10.0,2.9648905455799617,2.9361026667920824,2.255887105010607,1.238220725149876,0.42172255730509833,9.543755869654296,330,330,0,True
52,25,52:25,14,13.896964791769186,2.9648905455799617,2.9361026667920824,2.350091601080556,1.2892255988755246,0.43909418204510625,10.486530258236886,330,330,0,True
53,1,53:1,6,5.999999999999788,2.9648905455799617,2.9361026667920824,1.3329618398540166,0.6700035188882756,0.22819485383333202,3.7922588335423275,330,330,0,True
53,2,53:2,6,5.999999999999998,2.964408068307418,2.9361026667920824,1.3282854773171417,0.5896112559972171,0.2008142503550166,3.774566257096155,330,329,1,True
53,3,53:3,7,6.957186544342509,2.963024930550344,2.9361026667920824,1.3465991081728705,0.6613043371327861,0.22523202087320465,3.844329126086389,330,327,3,True
53,4,53:4,6,6.0,2.9648905455799617,2.9361026667920824,1.3342144285379274,0.6232308580731155,0.21226466809964895,3.7970119502723367,330,330,0,True
53,5,53:5,7,6.948484848484849,2.9648905455799617,2.9361026667920824,1.3703346388005655,0.6830215062279077,0.23262861818594413,3.9366678368780286,330,330,0,True
53,6,53:6,7,6.951367781155005,2.964408068307418,2.9361026667920824,1.3457233719357526,0.614193756052543,0.20918674370593343,3.840963981467875,330,329,1,True
53,7,53:7,6,5.999999999999954,2.964325991812353,2.9361026667920824,1.3263447383070326,0.6575361096123081,0.22394860951191356,3.767247912909818,330,328,2,True
53,8,53:8,6,6.0,2.9648009463961706,2.9361026667920824,1.3275348647125778,0.6317420594839742,0.2151634772956359,3.771734083152522,330,329,1,True
53,9,53:9,6,5.99999999999789,2.963618922893921,2.9361026667920824,1.3307298301283512,0.6721026110825599,0.22890977849111918,3.7838039141848454,330,328,2,True
53,10,53:10,5,5.0,2.9648905455799617,2.9361026667920824,1.237605382328881,0.5541419926254428,0.1887338610100053,3.4473484913704793,330,330,0,True
53,11,53:11,6,5.948484848484849,2.9648905455799617,2.9361026667920824,1.2584239055473216,0.6422273707955876,0.2187346437368521,3.5198694665197228,330,330,0,True
53,12,53:12,5,5.0,2.9648905455799617,2.9361026667920824,1.2362654746775907,0.6232169992815888,0.21225994796786218,3.4427324559714205,330,330,0,True
53,13,53:13,5,5.0,2.963713960332153,2.9361026667920824,1.24222343330761,0.6220389957810234,0.21185873464726243,3.46330533885415,330,328,2,True
53,14,53:14,5,5.0,2.9641907751940266,2.9361026667920824,1.2289409342454436,0.6417200900062556,0.21856187021804116,3.417608147232365,330,329,1,True
53,15,53:15,6,5.948484848484849,2.9648905455799617,2.9361026667920824,1.2842627494496244,0.6919147335280798,0.23565754064180927,3.612004023390567,330,330,0,True
53,16,53:16,5,5.0,2.9648905455799617,2.9361026667920824,1.2278871476108388,0.6774232144733026,0.23072190973943,3.414008614347414,330,330,0,True
53,17,53:17,6,5.997775965601599,2.9641907751940266,2.9361026667920824,1.2570249501322392,0.6903910066464081,0.23513857824348944,3.5149487687900343,330,329,1,True
53,18,53:18,5,5.0,2.9648905455799617,2.9361026667920824,1.243866463934497,0.5781670899042084,0.19691650991751605,3.4690003328397574,330,330,0,True
53,19,53:19,6,5.999999999943138,2.9640099325957827,2.9361026667920824,1.3121813587902305,0.7597089117785258,0.25874739339703207,3.714267030822077,330,322,8,True
54,1,54:1,7,,2.917752483873528,2.9361026667920824,1.557831174731011,0.8382181471355624,0.28548666114982285,4.748511377562754,330,235,95,False
54,2,54:2,8,7.999885232924837,2.9648905455799617,2.9361026667920824,1.8079472933191865,1.148782463687776,0.39126099937878156,6.0979173406647815,330,330,0,True
54,3,54:3,7,7.0,2.9648905455799617,2.9361026667920824,1.8655624785637268,1.0422203999401762,0.3549672876660277,6.459568232998786,330,330,0,True
54,4,54:4,8,,2.8884012869601134,2.9361026667920824,1.903177130425033,1.3228294242104592,0.4505392264282611,6.707170180931969,330,266,64,False
54,5,54:5,9,8.998292714958444,2.9627894592412627,2.9361026667920824,1.994495591648691,1.2413741332546013,0.42279656883078204,7.3484954504281355,330,327,3,True
54,6,54:6,6,,2.9360026828688994,2.9361026667920824,1.6367796987189935,1.2924205617722353,0.44018234661538724,5.138595015011542,330,260,70,False
54,7,54:7,7,,2.9194642409054774,2.9361026667920824,1.7003555703928475,0.7951480121711801,0.2708175096070262,5.475894111429136,330,274,56,False
54,8,54:8,9,,2.948838630192016,2.9361026667920824,1.8213289093712524,1.0370262328763369,0.3531982190559323,6.180065742581896,330,269,61,False
54,9,54:9,7,6.999999997577718,2.961253022525752,2.9361026667920824,1.8085068577143892,1.1329757651466263,0.3858774347235239,6.1013304729380975,330,317,13,True
54,10,54:10,10,9.912665737383822,2.9660645225532023,2.9361026667920824,1.8700032427215814,0.9594498123027253,0.32677665640043774,6.488317439059585,330,327,3,True
54,11,54:11,5,5.0,2.9661071163835198,2.9361026667920824,1.5995066618467122,0.8327907853444558,0.2836381693199931,4.950589507167373,330,323,7,True
54,12,54:12,7,7.0,2.9618774059163138,2.9361026667920824,1.854413211872025,1.0975773814995637,0.373821186129963,6.3879487781503865,330,328,2,True
54,13,54:13,15,14.995456712457742,2.9646108529195274,2.9361026667920824,2.4535936596792745,1.2315480543113055,0.4194499287236663,11.630066211507874,330,329,1,True
54,14,54:14,6,,2.884314046510737,2.9361026667920824,1.5717107322092057,1.201930883731178,0.409362689297367,4.81487811925074,330,276,54,False
54,15,54:15,8,,2.9004605039348723,2.9361026667920824,1.7371400250982385,1.2846923635257101,0.4375502185450944,5.681072441865447,330,263,67,False
54,16,54:16,6,,2.9486069706775284,2.9361026667920824,1.6773997835783778,1.1980119296476184,0.4080279423459461,5.351622487262004,330,281,49,False
54,17,54:17,11,,2.94900214504651,2.9361026667920824,2.158475581104316,1.1811914933623724,0.40229911124085954,8.657929282476644,330,290,40,False
54,18,54:18,7,6.993650793650795,2.9643305330831433,2.9361026667920824,1.790263505331203,1.0700926432286468,0.3644602265893533,5.9910309269962525,330,315,15,True
54,19,54:19,6,,2.9034765042181876,2.9361026667920824,1.5712076541254292,1.179753246179357,0.4018092621632771,4.812456468783602,330,238,92,False
54,20,54:20,8,8.0,2.959926575113428,2.9361026667920824,1.935886484454341,1.1779241224919041,0.4011862854165371,6.930184834244897,330,318,12,True
54,21,54:21,6,5.999885428530992,2.9648905455799617,2.9361026667920824,1.6484992382998305,0.7879404064084597,0.2683626888528885,5.199171252152424,330,330,0,True
54,22,54:22,10,9.948484841254876,2.9648905455799617,2.9361026667920824,2.02565495559419,1.0548928485898799,0.3592833658444346,7.581074586187203,330,330,0,True
54,23,54:23,7,,2.9636029309459047,2.9361026667920824,1.7780512482503683,1.2229217172247921,0.41651190575053293,5.918311852920129,330,303,27,False
54,24,54:24,9,8.945979552117326,2.9648905455799617,2.9361026667920824,1.887720407388904,1.0255897883115572,0.34930310847477714,6.604296402961502,330,330,0,True
54,25,54:25,13,,2.965312592107837,2.9361026667920824,2.1234886310459222,1.1784071045462123,0.4013507830888327,8.36025250882961,330,311,19,False
55,1,55:1,10,9.948484848239644,2.9648905455799617,2.9361026667920824,2.031466127524891,1.0485795590026161,0.35713313804120816,7.625257767721443,330,330,0,True
55,2,55:2,8,7.997494703877682,2.9648905455799617,2.9361026667920824,1.9522407559267512,0.897094754399574,0.30553930029283305,7.04445481260482,330,330,0,True
55,3,55:3,8,7.997494508271527,2.9648905455799617,2.9361026667920824,1.836914683948019,1.081594842817604,0.3683777325127835,6.2771413885857985,330,330,0,True
55,4,55:4,10,9.94837026979346,2.9648905455799617,2.9361026667920824,1.9030931909010695,1.0423857288391154,0.35502359662988275,6.706607207888015,330,330,0,True
55,5,55:5,8,8.0,2.9648905455799617,2.9361026667920824,1.9393820500606973,0.781260160995981,0.2660874804659224,6.954452139265434,330,330,0,True
55,6,55:6,6,5.948484848484849,2.9648905455799617,2.9361026667920824,1.569337056098566,0.8487213813332832,0.2890639319028229,4.803462711683406,330,330,0,True
55,7,55:7,8,8.0,2.9648905455799617,2.9361026667920824,1.9693428652834883,1.0347557367076694,0.35242491633925715,7.165965935788568,330,330,0,True
55,8,55:8,10,9.999990189598982,2.9648905455799617,2.9361026667920824,2.06171957040761,1.1156667630972492,0.3799822042041196,7.859473114437007,330,330,0,True
55,9,55:9,9,8.999999999999783,2.9648905455799617,2.9361026667920824,2.021728669249319,1.1168596361235164,0.3803884818999777,7.551367474037443,330,330,0,True
55,10,55:10,10,9.994989407755153,2.9648905455799617,2.9361026667920824,1.9278573942804202,0.836474369100682,0.2848927520693936,6.8747645402857085,330,330,0,True
55,11,55:11,8,7.999995094799492,2.9648905455799617,2.9361026667920824,1.898537648131599,1.0046905675180644,0.3421850941662629,6.676124457368585,330,330,0,True
55,12,55:12,9,8.999999804386253,2.9648905455799617,2.9361026667920824,1.9928328266849986,1.14005625164203,0.38828896023844733,7.336286782542781,330,330,0,True
55,13,55:13,10,9.999880523330482,2.9648905455799617,2.9361026667920824,2.0447011867842027,1.0727513372719386,0.36536574466723326,7.726849308223117,330,330,0,True
55,14,55:14,9,8.948484841262468,2.9648905455799617,2.9361026667920824,1.9653523878387271,0.7459605493750365,0.25406487239428033,7.137427289634328,330,330,0,True
55,15,55:15,9,8.997494703877683,2.9648905455799617,2.9361026667920824,1.8910145609458204,1.1296688340913792,0.38475113519297643,6.6260878419156,330,330,0,True
55,16,55:16,9,8.997494703877683,2.9648905455799617,2.9361026667920824,2.0275346275393034,1.077393522768322,0.36694681523022393,7.595337920395688,330,330,0,True
55,17,55:17,9,9.0,2.9648905455799617,2.9361026667920824,2.0219663673101853,1.0894807492196175,0.3710635740166262,7.553162632787335,330,330,0,True
55,18,55:18,10,9.999995094546698,2.9648905455799617,2.9361026667920824,2.0884757343811273,0.9172530539102027,0.312404966040364,8.072600993506407,330,330,0,True
55,19,55:19,10,9.948484848239644,2.9648905455799617,2.9361026667920824,2.0881563741287135,0.7742308096931749,0.26369337096072376,8.070023337237872,330,330,0,True
55,20,55:20,9,8.896969696969698,2.9648905455799617,2.9361026667920824,1.8154406298848509,1.1120832634916578,0.3787617088699061,6.143782715380826,330,330,0,True
55,21,55:21,7,6.948484848484849,2.9648905455799617,2.9361026667920824,1.7265069514087366,1.0946370549563893,0.3728197475302743,5.620985202111916,330,330,0,True
55,22,55:22,7,7.0,2.9648905455799617,2.9361026667920824,1.8737221201019925,1.218144916104992,0.4148849867828051,6.5124916185644715,330,330,0,True
55,23,55:23,7,6.997494703877682,2.9648905455799617,2.9361026667920824,1.7895849205428356,0.8661311525174014,0.2949934831344696,5.9869668835975185,330,330,0,True
55,24,55:24,7,6.999999999754795,2.9648905455799617,2.9361026667920824,1.7037622314348015,1.0538042556211071,0.35891260463738117,5.494580437486146,330,330,0,True
55,25,55:25,8,7.999999992777614,2.9648905455799617,2.9361026667920824,1.7811628184773252,0.8647598198802425,0.2945264243178046,5.936755775775165,330,330,0,True
56,1,56:1,3,3.0,2.9648905455799617,2.9361026667920824,0.9170457949557521,0.5980644836913606,0.2036933144251362,2.501888370533713,330,330,0,True
56,2,56:2,5,4.997494703877682,2.9648905455799617,2.9361026667920824,1.3809091510501796,0.7359307579251465,0.25064885034459894,3.9785170567203547,330,330,0,True
56,3,56:3,6,6.0,2.9648905455799617,2.9361026667920824,1.7001824609473732,0.9701892442136408,0.33043437315277774,5.474946264479029,330,330,0,True
56,4,56:4,5,4.948484848484849,2.9648905455799617,2.9361026667920824,1.3947787166487866,0.8443398078053015,0.2875716225304231,4.034081798718355,330,330,0,True
56,5,56:5,5,5.0,2.964408068307418,2.9361026667920824,1.526121099476172,0.7946780482640136,0.2706574457535098,4.600298071169967,330,329,1,True
56,6,56:6,7,6.906578652942496,2.963224847006117,2.9361026667920824,1.3323507316592291,0.6337951123100705,0.2158627215180252,3.789942061063819,330,328,2,True
56,7,56:7,7,6.948484848484849,2.9648905455799617,2.9361026667920824,1.552848784346289,0.7359544947230712,0.25065693480233714,4.724911281400674,330,330,0,True
56,8,56:8,6,5.999999999754795,2.9648905455799617,2.9361026667920824,1.5373339545256959,0.9567627111893912,0.3258614632283032,4.652170823968178,330,330,0,True
56,9,56:9,5,4.948484848484849,2.9648905455799617,2.9361026667920824,1.3885100833961934,0.8391972177467645,0.285820120405957,4.00887271521159,330,330,0,True
56,10,56:10,5,5.0,2.9637139603321527,2.9361026667920824,1.538508205990158,0.9475435262657178,0.32272152366558143,4.657636850988191,330,328,2,True
56,11,56:11,6,6.0,2.96524841882506,2.9361026667920824,1.487983973593042,0.9286401262748323,0.3162832610650645,4.428159228192979,330,328,2,True
56,12,56:12,6,5.948484848239644,2.9648905455799617,2.9361026667920824,1.4807845627742549,0.7945256062209618,0.27060552589226794,4.396393574937118,330,330,0,True
56,13,56:13,8,7.981191222570534,2.962871733161715,2.9361026667920824,1.8426905061882701,0.7015738470815086,0.23894731441664194,6.313501946399772,330,319,11,True
56,14,56:14,4,4.0,2.9648905455799617,2.9361026667920824,1.2085535536437415,0.755366095259523,0.2572682841791832,3.3486375232939,330,330,0,True
56,15,56:15,5,5.0,2.9648905455799617,2.9361026667920824,1.576696350018975,0.9601893221460873,0.3270285242427057,4.83894320115686,330,330,0,True
56,16,56:16,3,3.0,2.9648905455799617,2.9361026667920824,1.0968185255191267,0.7073692687891318,0.24092116286995746,2.994623534047903,330,330,0,True
56,17,56:17,6,5.948484848484849,2.9648905455799617,2.9361026667920824,1.5160795136781617,0.7908061617336112,0.26933872942448145,4.554334940967379,330,330,0,True
56,18,56:18,8,7.99999509479928,2.9648905455799617,2.9361026667920824,1.791641038339823,0.9525411567361163,0.32442365435975734,5.999289456746572,330,330,0,True
56,19,56:19,9,8.90273556231001,2.964408068307418,2.9361026667920824,1.9183697777184787,0.9882561853880507,0.33658774829825566,6.809847849663274,330,329,1,True
56,20,56:20,7,6.999996202939339,2.964408068307418,2.9361026667920824,1.7218129364929151,1.1397367415676276,0.3881801390865114,5.594662042716207,330,329,1,True
56,21,56:21,8,7.998042067407251,2.9637139603321527,2.9361026667920824,1.574427172453419,0.903045777142742,0.30756614452088926,4.8279752286486985,330,328,2,True
56,22,56:22,7,6.948484848239644,2.9648905455799617,2.9361026667920824,1.6046645215720379,0.8592090718142964,0.29263590865950484,4.9761899183127545,330,330,0,True
56,23,56:23,5,4.9999999999958815,2.965876076088758,2.9361026667920824,1.4454353428748081,0.7884832710760571,0.26854758179744975,4.243699204950298,330,329,1,True
56,24,56:24,6,5.999999999999788,2.9648905455799617,2.9361026667920824,1.404335337846666,0.6198000670978266,0.2110961834229747,4.072818792922786,330,330,0,True
56,25,56:25,7,6.999970605336645,2.963468642470638,2.9361026667920824,1.5482887393098768,0.8295204101998476,0.2825243202773159,4.7034145235068054,330,324,6,True
57,1,57:1,10,9.999999999913195,2.965607802197246,2.9361026667920824,2.14472238191271,1.433382483597166,0.48819222154899866,8.539670141289042,330,328,2,True
57,2,57:2,11,10.999999999999961,2.9638934801365147,2.9361026667920824,2.16952644613944,1.3189876660881237,0.4492307714597797,8.754137503403332,330,327,3,True
57,3,57:3,12,11.914373088684009,2.9637022240086375,2.9361026667920824,2.131021697413306,1.25142180938851,0.4262186821810916,8.423468652585852,330,327,3,True
57,4,57:4,10,9.999999859800837,2.963956735321475,2.9361026667920824,2.1454016106547265,1.2965210606682727,0.44157892546884997,8.545472501038024,330,329,1,True
57,5,57:5,11,10.945979356756377,2.9648905455799617,2.9361026667920824,1.9739861844068534,1.2490844641837098,0.42542261151529503,7.1993171727516065,330,330,0,True
57,6,57:6,10,9.999995087577112,2.9648905455799617,2.9361026667920824,2.056225095940336,1.198806715826833,0.40829863661975463,7.816407858899254,330,330,0,True
57,7,57:7,9,8.999999999992196,2.9648905455799617,2.9361026667920824,1.959566120329521,1.1619213095144514,0.39573592662682316,7.096247479602074,330,330,0,True
57,8,57:8,11,10.997494703877683,2.9648905455799617,2.9361026667920824,2.1517634662052165,1.351830214213342,0.4604165343067926,8.600010861340348,330,330,0,True
57,9,57:9,6,5.945864980893523,2.9648905455799617,2.9361026667920824,1.0640457201587565,0.637035222867075,0.21696626281910125,2.8980720922989405,330,330,0,True
57,10,57:10,12,11.969040247678,2.9590575239544843,2.9361026667920824,2.181220366424725,1.46172702956862,0.49784602088375507,8.857108583918697,330,323,7,True
57,11,57:11,11,10.951363984086107,2.963703148534635,2.9361026667920824,1.9967749240844381,1.1519630582305356,0.3923442702666606,7.365264218000178,330,329,1,True
57,12,57:12,12,11.89696479176919,2.9648905455799617,2.9361026667920824,2.1618723458291793,1.2565825278696052,0.42797635862049677,8.68738823549514,330,330,0,True
57,13,57:13,11,10.99999999524005,2.9648009463961706,2.9361026667920824,2.2195386931348264,1.5531192380339596,0.5289730688235305,9.203084440471796,330,329,1,True
57,14,57:14,11,10.951367781007642,2.964408068307418,2.9361026667920824,2.126176126873648,1.432877115184607,0.4880200993618984,8.38275087115181,330,329,1,True
57,15,57:15,11,10.999999999992408,2.9648905455799617,2.9361026667920824,2.1885788617877338,1.3786717350617805,0.4695584220043931,8.92252396056324,330,330,0,True
57,16,57:16,11,10.998042067576593,2.963496004739757,2.9361026667920824,2.155680074213452,1.4821117930068757,0.5047888174244931,8.633759780251978,330,328,2,True
57,17,57:17,11,10.999999992532203,2.9648905455799617,2.9361026667920824,2.087155458757574,1.243648993947954,0.42357135805020607,8.061949967887928,330,330,0,True
57,18,57:18,14,13.90273555263873,2.965876076088758,2.9361026667920824,2.204240291547066,1.2982084306490378,0.4421536226685936,9.063363437886649,330,329,1,True
57,19,57:19,14,13.896854734035584,2.9648905455799617,2.9361026667920824,2.2153688616181997,1.0621202886616963,0.3617449419172199,9.164789027120932,330,330,0,True
57,20,57:20,7,6.999995094799492,2.9648905455799617,2.9361026667920824,1.6670523070139986,0.8064709254698561,0.27467395285294555,5.296532213196901,330,330,0,True
57,21,57:21,11,,2.9629947263344447,2.9361026667920824,1.9277565731950297,1.201789576125419,0.40931456168679087,6.8740714540023955,330,312,18,False
57,22,57:22,12,11.94586007544022,2.9648905455799617,2.9361026667920824,1.94359425521401,1.0912694627289865,0.371672787560008,6.9838075004031115,330,330,0,True
57,23,57:23,10,10.0,2.9641907751940266,2.9361026667920824,2.1615864734686907,1.3161414890210132,0.44826139899903394,8.684905106259697,330,329,1,True
57,24,57:24,11,10.896969696969482,2.9648905455799617,2.9361026667920824,2.013842836773216,1.0896301168142857,0.37111444675904004,7.492052835204075,330,330,0,True
57,25,57:25,11,10.999994899193332,2.9648905455799617,2.9361026667920824,2.076234535750248,1.284168427749808,0.43737177254529064,7.974385048168406,330,330,0,True
58,1,58:1,4,4.0,2.9648905455799617,2.9361026667920824,1.382889602019963,0.0037935835161370945,0.0012920472976109775,3.9864041220788775,330,330,0,True
58,2,58:2,8,7.945864980893523,2.9648905455799617,2.9361026667920824,1.6552492534613361,0.9424933168007953,0.32100148522072686,5.234384448034159,330,330,0,True
58,3,58:3,5,4.999999999754795,2.9648905455799617,2.9361026667920824,1.3633971298229224,0.7040092538747702,0.23977678363813973,3.9094516837282636,330,330,0,True
58,4,58:4,11,10.948255705546831,2.9648905455799617,2.9361026667920824,2.051864163264897,1.0600472314532299,0.3610388844513441,7.782395247720102,330,330,0,True
58,5,58:5,3,,1.7699296635781951,2.9361026667920824,1.0867903938915557,1.0201413117988827,0.34744742523375904,2.9647431278028145,330,75,255,False
58,6,58:6,7,6.89696479176919,2.9648905455799617,2.9361026667920824,1.203186945361986,0.6915870391100749,0.235545932004376,3.3307148324744458,330,330,0,True
58,7,58:7,4,4.0,2.9648905455799617,2.9361026667920824,1.2851886446573886,0.7377097408498265,0.2512547497720272,3.6153499093371004,330,330,0,True
58,8,58:8,6,5.948484848484849,2.9648905455799617,2.9361026667920824,1.5701532390507216,0.8119721783426692,0.2765476110649125,4.8073848164197805,330,330,0,True
58,9,58:9,5,4.948484848484849,2.9648905455799617,2.9361026667920824,1.216166559338656,0.6394241672081475,0.21777990750805984,3.3742280064787096,330,330,0,True
58,10,58:10,8,7.945864980893518,2.9648905455799617,2.9361026667920824,1.0825804383752267,0.5305340490201818,0.18069328944816188,2.9522879274332143,330,330,0,True
58,11,58:11,5,4.997494703877682,2.9648905455799617,2.9361026667920824,1.2610528306106998,0.4236605125163649,0.1442934939939435,3.529135113589551,330,330,0,True
58,12,58:12,8,7.999994899193337,2.9648905455799617,2.9361026667920824,1.869191730192224,0.9376501440684386,0.3193519609084015,6.4830542240346505,330,330,0,True
58,13,58:13,7,6.948484848484849,2.9648905455799617,2.9361026667920824,1.7415454106616366,0.8862294664611827,0.30183871854503525,5.706154964912343,330,330,0,True
58,14,58:14,10,9.948484848477257,2.9648905455799617,2.9361026667920824,2.0612892472516418,1.1251245037527942,0.3832033928779742,7.856091728758612,330,330,0,True
58,15,58:15,5,5.0,2.9648905455799617,2.9361026667920824,1.58371587212083,0.774248019849143,0.263699232525499,4.873029765639261,330,330,0,True
58,16,58:16,6,6.0,2.9648905455799617,2.9361026667920824,1.693890868110227,0.8565245185869693,0.2917215832656111,5.440608265402129,330,330,0,True
58,17,58:17,7,6.951363984094344,2.9648009463961706,2.9361026667920824,1.6146670992767926,0.733232722715576,0.24972993315546732,5.026214414514447,330,329,1,True
58,18,58:18,4,3.994989407755364,2.9648905455799617,2.9361026667920824,0.7233508430840934,0.04461090229222936,0.015193917704849945,2.061328840594375,330,330,0,True
58,19,58:19,8,7.896964791523986,2.9648905455799617,2.9361026667920824,1.4098309450012405,0.6583757017046079,0.22423456412167422,4.095263020862492,330,330,0,True
58,20,58:20,6,5.999995094799487,2.9648905455799617,2.9361026667920824,1.4638995815396383,0.3457694314789117,0.11776476190346959,4.322783751026343,330,330,0,True
59,1,59:1,9,8.997494703632478,2.9648905455799617,2.9361026667920824,1.8461452910782459,1.2287307656605075,0.4184903952977197,6.335351458476978,330,330,0,True
59,2,59:2,11,10.993650793650794,2.962989843394265,2.9361026667920824,2.093967284389541,1.198356392324369,0.40814526204346435,8.117054031887282,330,315,15,True
59,3,59:3,8,7.9571864780828685,2.9677124607002727,2.9361026667920824,1.6810315214049838,1.0079609188314367,0.3432989350923179,5.371093512511051,330,327,3,True
59,4,59:4,10,,2.9324129190950874,2.9361026667920824,1.9562490275353241,1.019417665404331,0.34720096028458125,7.072747565467233,330,276,54,False
59,5,59:5,13,12.950155763239751,2.963028954924442,2.9361026667920824,2.219519953987786,1.3209748032273443,0.44990756562017997,9.20291198413509,330,321,9,True
59,6,59:6,7,7.0,2.9624599526928876,2.9361026667920824,1.7379254781842695,0.9835910327059127,0.33499885539784663,5.6855364106364,330,327,3,True
59,7,59:7,16,15.84545453076458,2.9648905455799617,2.9361026667920824,2.3893669473235355,1.3519144872403324,0.4604452366501893,10.906587312852771,330,330,0,True
59,8,59:8,11,10.999904781254541,2.9634264472403125,2.9361026667920824,1.9948449323327435,1.2391629428159896,0.42204346490712813,7.351063027308965,330,329,1,True
59,9,59:9,6,,2.954246179519033,2.9361026667920824,1.7049057281902507,0.9335791421451742,0.317965428356489,5.500867066073638,330,293,37,False
59,10,59:10,22,21.911239633864525,2.9604392737106204,2.9361026667920824,2.3187961349105444,1.1653192282352494,0.39689321542303224,10.163431537813846,330,320,10,True
59,11,59:11,17,,2.960659727975189,2.9361026667920824,2.4379833640014597,1.1630098742842465,0.39610667822965606,11.449927109545877,330,304,26,False
59,12,59:12,9,,2.96020575010845,2.9361026667920824,2.027309458838563,1.0111973136992385,0.34440121087592934,7.593627880555418,330,272,58,False
59,13,59:13,6,,2.991326656371574,2.9361026667920824,1.617418480383557,1.005142573183623,0.3423390416663524,5.04006248782078,330,244,86,False
59,14,59:14,11,10.999999999999556,2.9625288041513524,2.9361026667920824,2.217589127937031,1.2390212816367387,0.4219952168738243,9.185159905536333,330,326,4,True
59,15,59:15,9,8.999704264505827,2.961839155701279,2.9361026667920824,2.06531806766885,1.056347118373543,0.3597786720202408,7.88780635488382,330,319,11,True
59,16,59:16,8,,2.8273303318006184,2.9361026667920824,2.035144864167586,1.561824195917821,0.5319378690610413,7.65336074291049,330,148,182,False
59,17,59:17,8,,2.9636744170512737,2.9361026667920824,1.71990882073899,1.0362988761082943,0.3529504903997551,5.584019294310816,330,272,58,False
59,18,59:18,12,,2.635175248855511,2.9361026667920824,2.2589647334540297,1.6915646760225578,0.5761258607045653,9.573173248837666,330,139,191,False
59,19,59:19,13,,2.9523542557309623,2.9361026667920824,2.221386262924833,1.4108057605835331,0.4805028708771096,9.220103498366269,330,223,107,False
59,20,59:20,9,9.0,2.957920192002236,2.9361026667920824,1.8603993157293923,0.8944425004804546,0.30463597564103634,6.426302382773833,330,316,14,True
59,21,59:21,14,,2.9355039494095223,2.9361026667920824,2.116650403958506,1.3220095535907186,0.4502599887064288,8.303278227220007,330,194,136,False
59,22,59:22,12,,2.9512928929191973,2.9361026667920824,2.2040386211955325,1.3820376311582259,0.47070480429358014,9.061535810491378,330,261,69,False
59,23,59:23,19,,2.924855415433538,2.9361026667920824,2.3793382431613157,1.4295209876409483,0.486877044120126,10.797755010900895,330,256,74,False
59,24,59:24,11,,2.9580968962927146,2.9361026667920824,2.1056278658437977,0.9192022056120684,0.31306882283389886,8.21225758727436,330,291,39,False
59,25,59:25,10,,2.957166945574571,2.9361026667920824,2.1013059486405035,0.9668325432507765,0.3292911226115656,8.176841477804446,330,294,36,False
60,1,60:1,7,6.948484848484849,2.9648905455799617,2.9361026667920824,1.7678259984165972,0.21117877082896908,0.07192485917384425,5.858103980487587,330,330,0,True
60,2,60:2,4,4.0,2.9648905455799617,2.9361026667920824,1.3637301247209475,0.8244390196842036,0.28079366195493655,3.9107537279680336,330,330,0,True
60,3,60:3,3,3.0,2.9648905455799617,2.9361026667920824,1.0485623691300332,0.7083208564035726,0.24124526175968752,2.8535458222572943,330,330,0,True
60,4,60:4,4,4.0,2.9648905455799617,2.9361026667920824,1.2705372090764697,0.7459157168892617,0.25404960300800106,3.5627659985836257,330,330,0,True
60,5,60:5,5,4.999885232924837,2.9648905455799617,2.9361026667920824,1.1945814747129397,0.6782719186441114,0.23101096780964256,3.302175437328324,330,330,0,True
60,6,60:6,7,7.0,2.9648905455799617,2.9361026667920824,1.8761757085239612,1.0807389851438978,0.3680862380485789,6.528490211553124,330,330,0,True
60,7,60:7,3,3.0,2.9648905455799617,2.9361026667920824,1.0744553688931422,0.6860266486296623,0.23365213225980244,2.9283975697300235,330,330,0,True
60,8,60:8,4,4.0,2.9648905455799617,2.9361026667920824,1.0649204604861198,0.4894815447444218,0.16671131778890347,2.9006082619128826,330,330,0,True
60,9,60:9,9,8.94597954514015,2.9648905455799617,2.9361026667920824,1.6358070389590067,0.7948497925746505,0.27071593972668706,5.1335993403572795,330,330,0,True
60,10,60:10,6,6.0,2.9648905455799617,2.9361026667920824,1.6877763489293,1.0651081349759541,0.36276256515909455,5.407443059780226,330,330,0,True
60,11,60:11,8,7.999999999999995,2.9648905455799617,2.9361026667920824,1.8662919407813505,0.9480817982973633,0.32290485241553746,6.46428196300187,330,330,0,True
60,12,60:12,4,3.9999998043938447,2.9648905455799617,2.9361026667920824,1.1474592631094505,0.7141798682150828,0.24324076821039067,3.150178957439775,330,330,0,True
60,13,60:13,5,4.948484848484849,2.9648905455799617,2.9361026667920824,1.2453274489229496,0.8423030206849038,0.2868779182048101,3.4740721943055584,330,330,0,True
60,14,60:14,3,3.0,2.9648905455799617,2.9361026667920824,1.0908526326174734,0.5837327251729301,0.19881209597166535,2.976811117080393,330,330,0,True
60,15,60:15,7,7.0,2.9648905455799617,2.9361026667920824,1.8946427622596762,0.4766966522037351,0.16235694262168385,6.650172287717995,330,330,0,True
60,16,60:16,5,4.997494703877682,2.9648905455799617,2.9361026667920824,1.2776581334587884,0.5526249125235392,0.18821716242209074,3.588226730236295,330,330,0,True
60,17,60:17,7,7.0,2.9648905455799617,2.9361026667920824,1.810760856973949,1.1692405344539039,0.3982287634823713,6.115098377901226,330,330,0,True
60,18,60:18,5,4.948484848484849,2.9648905455799617,2.9361026667920824,1.2692174600086865,0.6419974689452788,0.21865634202999798,3.5580671428155397,330,330,0,True
60,19,60:19,5,5.0,2.9648905455799617,2.9361026667920824,1.4878045987022877,0.8373812359471464,0.2852016196225351,4.4273649988497095,330,330,0,True
60,20,60:20,6,5.948484848484849,2.9648905455799617,2.9361026667920824,1.5350577266425194,1.0189224111483475,0.3470322828532418,4.641593465827089,330,330,0,True
60,21,60:21,3,3.0,2.9648905455799617,2.9361026667920824,0.9945456655412442,0.5967290378491229,0.2032384782038617,2.703495770921831,330,330,0,True
60,22,60:22,5,4.945979552362531,2.9648905455799617,2.9361026667920824,1.1016738019585601,0.6987535472338773,0.2379867554145575,3.009198613525354,330,330,0,True
60,23,60:23,5,4.948484848484849,2.9648905455799617,2.9361026667920824,1.3160256863556985,0.9088338904419058,0.3095375038213076,3.7285733714647495,330,330,0,True
60,24,60:24,6,5.89696479176919,2.9648905455799617,2.9361026667920824,1.1709110080106306,0.7065004952697441,0.2406252694295769,3.224929237061687,330,330,0,True
60,25,60:25,3,3.0,2.9648905455799617,2.9361026667920824,1.0746577313356134,0.6221895021372352,0.21190999523767506,2.928990227378563,330,330,0,True
61,1,61:1,4,3.9999999999997877,2.9648905455799617,2.9361026667920824,1.0458361851191191,0.5298966794754837,0.18047620931949102,2.845777125522122,330,330,0,True
61,2,61:2,6,5.999999999999788,2.9648905455799617,2.9361026667920824,1.4358819445796012,0.722031116354742,0.24591480554173417,4.203350496716985,330,330,0,True
61,3,61:3,6,6.0,2.9648905455799617,2.9361026667920824,1.7331705294455528,0.9624550234706115,0.327800193895184,5.6585661483743905,330,330,0,True
61,4,61:4,4,4.0,2.964408068307418,2.9361026667920824,1.3492929715315574,0.7305194538371202,0.24880582756844427,3.8546991849474765,330,329,1,True
61,5,61:5,4,4.0,2.963687481293173,2.9361026667920824,1.200576303409736,0.7743763423809612,0.26374293758161627,3.3220308688937186,330,326,4,True
61,6,61:6,8,7.948250800346325,2.9648905455799617,2.9361026667920824,1.499223076553249,0.8603876457933677,0.2930373162779785,4.478208493264316,330,330,0,True
61,7,61:7,8,8.0,2.965053846279006,2.9361026667920824,1.9535809264453845,1.0299915900748127,0.3508023073321743,7.053901912212747,330,328,2,True
61,8,61:8,5,,3.0336741824972946,2.9361026667920824,1.461746249966687,0.7232538821512328,0.24633126434282462,4.313485379124033,330,112,218,False
61,9,61:9,7,,3.0898677590675194,2.9361026667920824,1.3906853170013267,0.8290192723556477,0.28235363896910826,4.017602441014724,330,56,274,False
61,10,61:10,9,,3.038825496387604,2.9361026667920824,2.1129462825647987,1.6217560176242343,0.5523499011007429,8.27257876906155,330,49,281,False
61,11,61:11,11,10.891959104725062,2.9648905455799617,2.9361026667920824,1.8309530215087133,0.8578060540761577,0.29215805829207486,6.239830518456476,330,330,0,True
61,12,61:12,8,7.999885428530992,2.9648905455799617,2.9361026667920824,1.8134245874429298,0.9343609007119414,0.3182316855877531,6.1314090657650535,330,330,0,True
61,13,61:13,5,,3.0898677590675194,2.9361026667920824,1.5137554337799,1.1302673907972305,0.3849549961521388,4.543762592930643,330,56,274,False
61,14,61:14,8,7.997775965601601,2.9641907751940266,2.9361026667920824,1.7385820705847588,0.9076321834484697,0.3091282173862563,5.689270716460583,330,329,1,True
61,15,61:15,15,,3.0486586138537266,2.9361026667920824,2.0102530468939936,1.1794974408444,0.4017221380521722,7.465206155561273,330,80,250,False
62,1,62:1,3,3.0,2.9646669428858576,2.9361026667920824,1.0519225287001803,0.8141660668593437,0.277294822169445,2.8631503188446006,330,325,5,True
62,2,62:2,12,,2.9540819315130786,2.9361026667920824,2.2691233274376286,1.166925800816838,0.39744039403492454,9.670918867447126,330,261,69,False
62,3,62:3,6,5.960122699386497,2.964416739581429,2.9361026667920824,1.565344288988788,0.9086775701880319,0.30948426308976174,4.784321841702149,330,326,4,True
62,4,62:4,12,11.966019255865106,2.963764641293324,2.9361026667920824,1.8693356090024251,0.9573421596071956,0.32605881614254495,6.483987065269308,330,324,6,True
62,5,62:5,39,38.384682281535916,2.961397365345942,2.9361026667920824,2.9841698841656368,1.1327674373704686,0.3858064808776268,19.770083963034402,330,324,6,True
62,6,62:6,8,7.996815286624203,2.9668417712663246,2.9361026667920824,1.9252949032759774,1.1464240951373639,0.3904577684233093,6.857170569816455,330,314,16,True
62,7,62:7,17,17.0,2.955585928253021,2.9361026667920824,2.6029957628329994,1.2922401847992182,0.44012091246492063,13.504132677173565,330,313,17,True
62,8,62:8,18,,2.956006074138054,2.9361026667920824,2.120483073585429,1.1477801299722779,0.3909196169990594,8.335163012378612,330,263,67,False
62,9,62:9,13,12.906233833495035,2.9623138965657363,2.9361026667920824,1.9722206845907801,1.059754473333003,0.3609391746818125,7.186617993105526,330,323,7,True
62,10,62:10,10,9.948370277008244,2.9648905455799617,2.9361026667920824,1.8197122286737375,0.9489692687964251,0.32320711381432954,6.1700826215204225,330,330,0,True
62,11,62:11,8,7.969040247678016,2.9654722074516275,2.9361026667920824,1.8754890664759218,1.007847874711693,0.343260433673065,6.524009014328943,330,323,7,True
62,12,62:12,18,17.902731620282097,2.9651487934141416,2.9361026667920824,2.52145939881941,0.9872612547842086,0.33624888732615993,12.446748184807959,330,329,1,True
62,13,62:13,14,13.96012269938561,2.96667933804074,2.9361026667920824,2.375187274085886,1.3374318036932185,0.4555126150116765,10.753026760782422,330,326,4,True
62,14,62:14,10,9.90273556231001,2.963956735321475,2.9361026667920824,1.9473774406294884,0.7934283430460396,0.27023181172098487,7.010278580012048,330,329,1,True
62,15,62:15,8,7.999999999852634,2.9648009463961706,2.9361026667920824,1.8739463344222487,1.014471320037591,0.34551629665797035,6.513951976156326,330,329,1,True
62,16,62:16,17,16.949044441032363,2.9641907751940266,2.9361026667920824,2.3137787424564973,0.8689373829384277,0.295949250265083,10.11256532768797,330,329,1,True
62,17,62:17,6,5.997380132401083,2.9648905455799617,2.9361026667920824,1.219598111963695,0.8322937548097908,0.2834688869102577,3.385826736896942,330,330,0,True
62,18,62:18,8,7.951363984094344,2.9648009463961706,2.9361026667920824,1.794766003173905,0.9618315819521759,0.3275878574787886,6.018066348611443,330,329,1,True
62,19,62:19,9,8.931047662729815,2.9621436494341733,2.9361026667920824,1.819909439357812,1.1357875867709466,0.3868351061483425,6.1712995477264885,330,324,6,True
62,20,62:20,9,8.999999608787476,2.9648905455799617,2.9361026667920824,1.846712289400087,0.9006263005799906,0.3067421009374968,6.3389446106815805,330,330,0,True
62,21,62:21,10,9.89696479176919,2.9648905455799617,2.9361026667920824,1.9663667996090393,0.7069669355966836,0.24078413319555314,7.144671253446568,330,330,0,True
62,22,62:22,7,6.999885428530992,2.9648905455799617,2.9361026667920824,1.7148940130565908,0.7627844242386632,0.2597948746363368,5.556086608516958,330,330,0,True
62,23,62:23,15,,2.914226348047414,2.9361026667920824,2.1199291310180617,1.4654338269324994,0.49910850989880345,8.330547089376262,330,166,164,False
62,24,62:24,10,9.894459495646872,2.9648905455799617,2.9361026667920824,1.8093529064149836,0.9283621255878727,0.3161885774935042,6.106494679933888,330,330,0,True
63,1,63:1,5,4.999999999999995,2.9648905455799617,2.9361026667920824,1.4273098865626808,0.03316626369167981,0.011296016337165928,4.167473123545217,330,330,0,True
63,2,63:2,7,6.999995094799492,2.9648905455799617,2.9361026667920824,1.8055479383480453,1.1799481838012462,0.4018756554894009,6.083303810913201,330,330,0,True
63,3,63:3,9,8.89696479176919,2.9648905455799617,2.9361026667920824,1.8579115075238166,0.8800326177203339,0.29972814904386064,6.410334845295347,330,330,0,True
63,4,63:4,7,6.999995094799492,2.9648905455799617,2.9361026667920824,1.7608897750128774,0.34402111435647675,0.11716930686635227,5.817611457494711,330,330,0,True
63,5,63:5,4,4.0,2.9648905455799617,2.9361026667920824,1.3050312246131182,0.6385692790450158,0.21748874324708195,3.6878042421679913,330,330,0,True
63,6,63:6,10,9.948484848239644,2.9648905455799617,2.9361026667920824,2.1206625376381143,0.8096190246445972,0.2757461562231978,8.336659008747375,330,330,0,True
63,7,63:7,8,7.9484846528786886,2.9648905455799617,2.9361026667920824,1.7337446586826282,0.962322237863801,0.32775496877131066,5.661815829419282,330,330,0,True
63,8,63:8,4,4.0,2.9648905455799617,2.9361026667920824,1.386259463686395,0.8851483487091916,0.3014705033037159,3.9998604127016506,330,330,0,True
63,9,63:9,12,11.94597955236232,2.9648905455799617,2.9361026667920824,2.1758761992218445,0.8609368834266514,0.29322437977527915,8.809900969758381,330,330,0,True
63,10,63:10,9,8.94848484848485,2.9648905455799617,2.9361026667920824,1.8400089477117028,0.6378576879935295,0.21724638419760642,6.296594600887798,330,330,0,True
63,11,63:11,10,9.999999999852532,2.963956735321475,2.9361026667920824,2.10497273186075,0.6796103567966412,0.23146682317453418,8.206879220219276,330,329,1,True
63,12,63:12,8,7.99749470387747,2.9648905455799617,2.9361026667920824,1.7338766665146434,0.8251213171704923,0.2810260439809486,5.662563282785957,330,330,0,True
63,13,63:13,10,9.94848484848485,2.9648905455799617,2.9361026667920824,2.152242083453399,0.24516398348742754,0.0834997993293225,8.604127960051777,330,330,0,True
63,14,63:14,6,6.0,2.9648905455799617,2.9361026667920824,1.754784576276169,1.0033232088391337,0.3417193888302759,5.782201984295314,330,330,0,True
63,15,63:15,10,9.94847994328434,2.9648905455799617,2.9361026667920824,2.0512861400921145,0.4978003226639881,0.16954458994033514,7.777898142767816,330,330,0,True
63,16,63:16,8,7.994989407755364,2.9648905455799617,2.9361026667920824,1.7514728328571425,0.7810120515112222,0.26600297746554546,5.763084488519576,330,330,0,True
63,17,63:17,12,11.894349822155991,2.9648905455799617,2.9361026667920824,2.016741402566619,0.9686152858709812,0.32989830254446373,7.513800546634336,330,330,0,True
63,18,63:18,7,6.948484652878694,2.9648905455799617,2.9361026667920824,1.5969109081595143,0.7753974436669833,0.2640907119621142,4.937755660159323,330,330,0,True
63,19,63:19,8,7.999770857061984,2.9648905455799617,2.9361026667920824,1.7914889008882442,0.9206711933124245,0.3135691417488233,5.998376809563008,330,330,0,True
63,20,63:20,8,7.948479943284341,2.9648905455799617,2.9361026667920824,1.7868702539609063,0.7625145264234202,0.25970295080196426,5.970736304943725,330,330,0,True
63,21,63:21,12,11.79381991726988,2.9648905455799617,2.9361026667920824,1.8351027820293286,0.3724715072768968,0.12685915635363343,6.265778121731227,330,330,0,True
63,22,63:22,10,9.94837027701584,2.9648905455799617,2.9361026667920824,1.9955207205205252,0.7607681392714432,0.2591081530887477,7.356032467825935,330,330,0,True
63,23,63:23,5,5.0,2.9648905455799617,2.9361026667920824,1.547501622924267,0.8599720326793642,0.29289576362769004,4.699713845490255,330,330,0,True
63,24,63:24,14,13.793824822470388,2.9648905455799617,2.9361026667920824,2.190138323629808,0.6766298651330845,0.23045170483508828,8.936449151294445,330,330,0,True
63,25,63:25,9,8.999880523330484,2.9648905455799617,2.9361026667920824,1.9294918415677653,0.8831745578802447,0.3007982547303704,6.886010168229277,330,330,0,True
64,1,64:1,12,11.999999608780097,2.9648905455799617,2.9361026667920824,2.183565001438553,1.297951071039891,0.4420659691910577,8.87789963501444,330,330,0,True
64,2,64:2,5,5.0,2.9648905455799617,2.9361026667920824,1.4808721759609111,0.8747754249550055,0.2979376146648049,4.39677877386202,330,330,0,True
64,3,64:3,8,7.9542682926829285,2.9639319159245487,2.9361026667920824,1.8064521824531696,1.1044052862036973,0.37614668543261287,6.088807090302891,330,328,2,True
64,4,64:4,5,4.948484848484849,2.9648905455799617,2.9361026667920824,1.382259957840338,0.7234772287970801,0.24640733342868235,3.9838948959684846,330,330,0,True
64,5,64:5,10,9.894459495646872,2.9648905455799617,2.9361026667920824,1.8235088734921168,0.6416501480979445,0.2185380488751766,6.19355275943059,330,330,0,True
64,6,64:6,2,2.0,2.9648905455799617,2.9361026667920824,0.660309357383764,0.3540798731725464,0.12059519484017425,1.9353909692880156,330,330,0,True
64,7,64:7,6,5.999999992777619,2.9648905455799617,2.9361026667920824,1.6307709583578918,1.0340528742357098,0.35218553013525644,5.1078111106108235,330,330,0,True
64,8,64:8,10,9.99988542853078,2.9648905455799617,2.9361026667920824,2.0596071680037586,1.0335438927032645,0.35201217736452334,7.842888267639321,330,330,0,True
64,9,64:9,6,5.999995094799492,2.9648905455799617,2.9361026667920824,1.5370120061056345,1.0866698104994053,0.3701062032979506,4.6506733059962535,330,330,0,True
64,10,64:10,3,3.0,2.9648905455799617,2.9361026667920824,1.0125163296217532,0.5762719003951698,0.19627103197477463,2.7525185519319395,330,330,0,True
64,11,64:11,5,5.0,2.9648905455799617,2.9361026667920824,1.5396243837001435,0.9295073807805065,0.31657863714829315,4.662838503866929,330,330,0,True
64,12,64:12,10,9.94597955235494,2.9648905455799617,2.9361026667920824,1.8427747413323747,0.9259942994305246,0.3153821253949013,6.314033787545576,330,330,0,True
64,13,64:13,8,7.997380132408674,2.9648905455799617,2.9361026667920824,1.6541565239998333,1.0339552357769197,0.3521522756922513,5.228667805875446,330,330,0,True
64,14,64:14,3,3.0,2.9648905455799617,2.9361026667920824,1.0542581919549334,0.6871040719116313,0.23401908921064576,2.8698454896256567,330,330,0,True
64,15,64:15,9,8.999885428530991,2.9648905455799617,2.9361026667920824,2.0202970164671825,1.3743951836338102,0.4681018818512373,7.540564272846036,330,330,0,True
64,16,64:16,8,7.948484848484849,2.9648905455799617,2.9361026667920824,1.8327456077638413,1.0569337258331597,0.35997846321496,6.251025984299358,330,330,0,True
64,17,64:17,4,4.0,2.9648905455799617,2.9361026667920824,1.3760083705501938,1.00536684225614,0.3424154249192452,3.959066917270857,330,330,0,True
64,18,64:18,7,6.997494703877682,2.9648905455799617,2.9361026667920824,1.684621677036825,0.7833561240690883,0.266801339384009,5.3904112301914155,330,330,0,True
64,19,64:19,10,9.99749470387009,2.9648905455799617,2.9361026667920824,2.0826778579982355,1.2736149907604797,0.4337774033467303,8.025932470752165,330,330,0,True
64,20,64:20,10,9.999999804393845,2.9648905455799617,2.9361026667920824,2.043225973537015,0.8886652485896492,0.30266831560102914,7.715458961425538,330,330,0,True
64,21,64:21,6,,2.820028358584359,2.9361026667920824,1.751134471037288,1.2608938408674755,0.42944473813141515,5.761134810630947,330,261,69,False
64,22,64:22,18,17.78891898381857,2.9648905455799617,2.9361026667920824,2.2019260497703375,1.1060157778208497,0.37669519881920777,9.042412875265086,330,330,0,True
64,23,64:23,6,5.997494696655301,2.9648905455799617,2.9361026667920824,1.3515430543446265,0.7993922696316897,0.27226305083707686,3.8633823425814797,330,330,0,True
64,24,64:24,14,13.89685022030018,2.9648905455799617,2.9361026667920824,2.2960413310012604,1.4363525286717003,0.48920378191033276,9.934776017924813,330,330,0,True
64,25,64:25,13,12.89674035818032,2.9648905455799617,2.9361026667920824,2.0565195340219815,1.2757340524551322,0.4344991293676285,7.818709645884828,330,330,0,True
65,1,65:1,7,6.999999999754584,2.9648905455799617,2.9361026667920824,1.692256121768827,0.9286852791835125,0.31629863958339455,5.4317215167143,330,330,0,True
65,2,65:2,9,8.94848465263349,2.9648905455799617,2.9361026667920824,1.7999890820789868,0.9040376088623772,0.30790395005161986,6.049581415200333,330,330,0,True
65,3,65:3,6,6.0,2.9648905455799617,2.9361026667920824,1.6117262754629047,0.9573430205498472,0.3260591093688893,5.0114549166491615,330,330,0,True
65,4,65:4,9,8.999999999754795,2.9648905455799617,2.9361026667920824,1.9485177232026603,1.1087658726771243,0.377631846875619,7.018276837780249,330,330,0,True
65,5,65:5,7,7.0,2.9648905455799617,2.9361026667920824,1.8104440615125843,0.9197765986857862,0.3132644539609076,6.113161449310599,330,330,0,True
65,6,65:6,8,8.0,2.9648905455799617,2.9361026667920824,1.9332438039998316,0.8918482952033052,0.3037524216337155,6.911894748308072,330,330,0,True
65,7,65:7,7,6.999999999754795,2.9648905455799617,2.9361026667920824,1.7698941261313743,1.0112709057545117,0.34442627541338766,5.870231824327944,330,330,0,True
65,8,65:8,6,6.0,2.9648905455799617,2.9361026667920824,1.7133036938174322,1.0277431630913565,0.3500365211051168,5.547257679357735,330,330,0,True
65,9,65:9,8,8.0,2.9648905455799617,2.9361026667920824,1.985044501087185,1.1193347934929474,0.38123148967263687,7.279371318183363,330,330,0,True
65,10,65:10,7,6.999999999992409,2.9648905455799617,2.9361026667920824,1.8109753929119479,0.9073860853032397,0.30904439942307216,6.116410427003493,330,330,0,True
65,11,65:11,8,8.0,2.9648905455799617,2.9361026667920824,1.9265405571073637,1.1049052767642067,0.37631697599028463,6.8657175527951,330,330,0,True
65,12,65:12,7,6.999999992777619,2.9648905455799617,2.9361026667920824,1.7866296828844301,1.1063427309618148,0.37680655498691373,5.969300091246153,330,330,0,True
65,13,65:13,6,5.999999804393845,2.9648905455799617,2.9361026667920824,1.6055557917434755,0.7160518575298117,0.24387834445590192,4.9806270249910485,330,330,0,True
65,14,65:14,8,7.999885428530992,2.9648905455799617,2.9361026667920824,1.802479284205911,0.9182838589340673,0.3127560453931139,6.064664868336498,330,330,0,True
65,15,65:15,9,9.0,2.9648905455799617,2.9361026667920824,1.959691079035007,0.9662423244020396,0.3290901014226909,7.097134272906051,330,330,0,True
65,16,65:16,7,7.0,2.9648905455799617,2.9361026667920824,1.8312040396170703,1.0352248085871003,0.35258467637923674,6.241397025512281,330,330,0,True
65,17,65:17,8,7.948484848484849,2.9648905455799617,2.9361026667920824,1.8852993974002012,0.9806087744232902,0.3339831353699496,6.588326674637739,330,330,0,True
65,18,65:18,7,7.0,2.9648905455799617,2.9361026667920824,1.8387105755062938,0.8879807616117047,0.30243518786142853,6.288424582479418,330,330,0,True
65,19,65:19,7,6.999999999754795,2.9648905455799617,2.9361026667920824,1.723789617343163,0.86204661995384,0.29360234221499215,5.60573184116457,330,330,0,True
65,20,65:20,7,7.0,2.9648905455799617,2.9361026667920824,1.8483770641003736,0.8839445632104219,0.30106050895563513,6.349506314285146,330,330,0,True
65,21,65:21,7,7.0,2.9648905455799617,2.9361026667920824,1.8220764616947331,0.9166108171670808,0.31218622820452957,6.184687392334305,330,330,0,True
65,22,65:22,7,7.0,2.9648905455799617,2.9361026667920824,1.866684477387572,0.9029716966720095,0.3075409136352086,6.466819928394858,330,330,0,True
65,23,65:23,9,8.999999999992408,2.9648905455799617,2.9361026667920824,2.033067524073646,1.2833986075741304,0.4371095813813425,7.637478611791132,330,330,0,True
65,24,65:24,7,6.997494703877682,2.9648905455799617,2.9361026667920824,1.6623117773763425,0.7876653606727756,0.26826901170092954,5.271483264814151,330,330,0,True
65,25,65:25,7,7.0,2.9648905455799617,2.9361026667920824,1.8496548489968834,1.10555634417695,0.3765387214422087,6.3576248032905385,330,330,0,True
66,1,66:1,4,4.0,2.9648905455799617,2.9361026667920824,1.3069566480786785,0.8641459461562485,0.2943173465730319,3.6949116671979674,330,330,0,True
66,2,66:2,4,4.0,2.9648905455799617,2.9361026667920824,1.2039058523809485,0.6969331504428738,0.23736675094005716,3.3331101676541466,330,330,0,True
66,3,66:3,4,4.0,2.9648905455799617,2.9361026667920824,1.287084500724766,0.747542891807881,0.2546037985192899,3.6222105937785924,330,330,0,True
66,4,66:4,4,4.0,2.9648905455799617,2.9361026667920824,1.2770830835779,0.8588468463494642,0.29251253917759634,3.5861639140504176,330,330,0,True
66,5,66:5,4,4.0,2.9648905455799617,2.9361026667920824,1.296725893773856,0.547162598946426,0.18635676644926152,3.657302646118887,330,330,0,True
66,6,66:6,4,4.0,2.9648905455799617,2.9361026667920824,1.320524534479598,0.8039714036904296,0.2738226468656936,3.745385445910731,330,330,0,True
66,7,66:7,4,4.0,2.9648905455799617,2.9361026667920824,1.1629853831413715,0.7031795789860172,0.2394942067043912,3.1994706784573657,330,330,0,True
66,8,66:8,4,4.0,2.9648905455799617,2.9361026667920824,1.3467228175461075,0.6791223096082935,0.2313006003806695,3.8448047350511305,330,330,0,True
66,9,66:9,4,4.0,2.9648905455799617,2.9361026667920824,1.247597647938212,0.7785370869199665,0.2651600353507318,3.4819679887012382,330,330,0,True
66,10,66:10,4,4.0,2.9648905455799617,2.9361026667920824,1.187827740119473,0.6385924910061095,0.2174966489519322,3.279948562536149,330,330,0,True
66,11,66:11,4,4.0,2.9648905455799617,2.9361026667920824,1.2789604202837375,0.8837804192470782,0.3010046035660858,3.592902674681587,330,330,0,True
66,12,66:12,4,4.0,2.9648905455799617,2.9361026667920824,1.3163904113130729,0.8430188987982646,0.28712173737416596,3.729933523254298,330,330,0,True
66,13,66:13,4,4.0,2.9648905455799617,2.9361026667920824,1.3291754030186969,0.8165648413354212,0.2781118148799548,3.777926835731428,330,330,0,True
66,14,66:14,4,4.0,2.9648905455799617,2.9361026667920824,1.2919907204842933,0.8898781242834471,0.30308140595632077,3.6400256214519167,330,330,0,True
66,15,66:15,4,4.0,2.9648905455799617,2.9361026667920824,1.2474422416476287,0.8024114103923378,0.2732913325776288,3.4814269110167113,330,330,0,True
66,16,66:16,3,3.0,2.9648905455799617,2.9361026667920824,0.9938767134941733,0.6688074312531873,0.22778748128174645,2.701687866659673,330,330,0,True
66,17,66:17,4,4.0,2.9648905455799617,2.9361026667920824,1.3263030921800618,0.8266732177730499,0.28155460199770665,3.7670910248918186,330,330,0,True
66,18,66:18,4,4.0,2.9648905455799617,2.9361026667920824,1.3424627847847082,0.8644553237809113,0.29442271673878323,3.82846057895648,330,330,0,True
66,19,66:19,4,4.0,2.9648905455799617,2.9361026667920824,1.270690902303303,0.8676493321823366,0.295510556219858,3.563313613667687,330,330,0,True
66,20,66:20,4,4.0,2.9648905455799617,2.9361026667920824,1.3426750961603695,0.9314736863501784,0.3172483363355563,3.829273490980845,330,330,0,True
66,21,66:21,4,4.0,2.9648905455799617,2.9361026667920824,1.3002418163427751,0.7538067620136256,0.256737194696675,3.670184070809938,330,330,0,True
66,22,66:22,4,4.0,2.9646108529195274,2.9361026667920824,1.314385599449321,0.6784027614128205,0.23105553122705605,3.7224631990752464,330,329,1,True
66,23,66:23,4,4.0,2.9648905455799617,2.9361026667920824,1.2718556457530008,0.8600299695842195,0.2929154962158964,3.5674663778413804,330,330,0,True
66,24,66:24,4,4.0,2.9648905455799617,2.9361026667920824,1.3682835715921469,0.8232384208125371,0.28038475293235854,3.9286017414470464,330,330,0,True
66,25,66:25,4,4.0,2.9648905455799617,2.9361026667920824,1.2989342659345933,0.8553211479621677,0.2913117302184367,3.6653882561980033,330,330,0,True
67,1,67:1,14,13.999999999999783,2.9648905455799617,2.9361026667920824,2.56844867260785,1.4465850235121183,0.49268884221021586,13.045570783666866,330,330,0,True
67,2,67:2,17,16.8965112154875,2.9648905455799617,2.9361026667920824,2.401462298419067,1.5050677220070905,0.512607320932511,11.03930734530375,330,330,0,True
67,3,67:3,22,21.79359057823508,2.9648905455799617,2.9361026667920824,2.4758990031561825,1.5184197692488606,0.5171548619271719,11.892393608171568,330,330,0,True
67,4,67:4,16,15.948484652633061,2.9648905455799617,2.9361026667920824,2.5334362316130514,1.5488645989017658,0.5275239917254049,12.596717090213541,330,330,0,True
67,5,67:5,16,15.793934488738884,2.9648905455799617,2.9361026667920824,2.343508932953742,1.170738207250373,0.39873885218376726,10.417727610686086,330,330,0,True
67,6,67:6,16,15.793939198333236,2.9648905455799617,2.9361026667920824,2.3680708048805514,1.5085766040859545,0.5138024024664608,10.676774821074746,330,330,0,True
67,7,67:7,17,16.94586007569301,2.9648905455799617,2.9361026667920824,2.5662602667596306,1.6015755809237011,0.5454766957020428,13.017052995898554,330,330,0,True
67,8,67:8,17,16.94895330941305,2.9641907751940266,2.9361026667920824,2.431084698287119,1.4214016916366414,0.48411171302454215,11.371209724616024,330,329,1,True
67,9,67:9,15,14.949143466206799,2.9648009463961706,2.9361026667920824,2.1768221923221067,1.3300679164044493,0.4530045667162077,8.81823901853626,330,329,1,True
67,10,67:10,14,13.999999999915305,2.9667442852862216,2.9361026667920824,2.455503460439588,1.560917937859702,0.531629208853628,11.652298543706172,330,328,2,True
67,11,67:11,18,17.943354576496745,2.9648905455799617,2.9361026667920824,2.4115741817264738,1.485043150222022,0.5057872011827658,11.151501825730401,330,330,0,True
67,12,67:12,14,13.896969493895952,2.9648905455799617,2.9361026667920824,2.204079983541582,1.3018185160301188,0.44338317278682066,9.061910624622854,330,330,0,True
67,13,67:13,15,14.999884841712515,2.9648905455799617,2.9361026667920824,2.3885043052076123,1.4269058229651816,0.4859863516026794,10.897182888205291,330,330,0,True
67,14,67:14,20,19.89695987909329,2.9648905455799617,2.9361026667920824,2.6315176876973427,1.4374667484438262,0.4895832712874339,13.894841938366474,330,330,0,True
67,15,67:15,22,21.851776351240716,2.96574388165261,2.9361026667920824,2.647572295258635,1.2947765170027277,0.44098475562415207,14.119718495098937,330,329,1,True
67,16,67:16,20,19.851783524907795,2.964408068307418,2.9361026667920824,2.4432037681447194,1.5368699195602955,0.5234387533319617,11.509856648572477,330,329,1,True
67,17,67:17,9,,2.9574769128877434,2.9361026667920824,1.920332940636379,1.219677051725936,0.4154068130929927,6.823229821635996,330,301,29,False
67,18,67:18,15,14.896969501118333,2.9648905455799617,2.9361026667920824,2.2914809171642396,1.2082258516298414,0.41150667696164756,9.889572479668523,330,330,0,True
67,19,67:19,14,13.945864785286945,2.9648905455799617,2.9361026667920824,2.2363621249933665,1.3594647351313767,0.4630167570457256,9.359221603324505,330,330,0,True
67,20,67:20,17,16.94894936754074,2.9646108529195274,2.9361026667920824,2.442706951689509,1.2977245732405225,0.4419888268615573,11.504139782626476,330,329,1,True
67,21,67:21,14,13.79143409781708,2.9648905455799617,2.9361026667920824,1.9422869379506134,1.1569913334643782,0.39405683818559384,6.974683413631152,330,330,0,True
67,22,67:22,17,16.89685021980197,2.9648905455799617,2.9361026667920824,2.4586557860772174,1.549638290091329,0.5277875013084702,11.689088339385377,330,330,0,True
67,23,67:23,21,20.73979926680366,2.9648905455799617,2.9361026667920824,2.379999156548035,1.271134468568492,0.4329325683823257,10.804893750518552,330,330,0,True
67,24,67:24,15,14.999990182131398,2.9648905455799617,2.9361026667920824,2.496117890250693,1.4844634846190865,0.5055897742979734,12.135291863270076,330,330,0,True
67,25,67:25,17,16.896740155596987,2.9648905455799617,2.9361026667920824,2.4250940907936385,1.3401581894036716,0.45644118802831146,11.30329290504685,330,330,0,True
68,1,68:1,12,11.997494703869874,2.9648905455799617,2.9361026667920824,2.227239346883525,1.332520682756822,0.45383994838733044,9.27422778071605,330,330,0,True
68,2,68:2,12,11.948370081409674,2.9648905455799617,2.9361026667920824,2.0615441189934853,1.3662332207624148,0.4653220189521266,7.85809427972759,330,330,0,True
68,3,68:3,9,8.999999999999995,2.9648905455799617,2.9361026667920824,1.9161648532919362,1.27817529196188,0.435330585138695,6.794849191329147,330,330,0,True
68,4,68:4,13,12.997380132408674,2.9648905455799617,2.9361026667920824,2.1897654777259365,1.394758477862027,0.4750373662464289,8.933117853902115,330,330,0,True
68,5,68:5,11,10.896959886568682,2.9648905455799617,2.9361026667920824,1.7928914678187653,0.9497879778374448,0.3234859559169166,6.006795837257667,330,330,0,True
68,6,68:6,12,11.898287493513212,2.963956735321475,2.9361026667920824,2.0288471940501616,1.0207393007690606,0.347651092829222,7.60531385219341,330,329,1,True
68,7,68:7,11,10.997489798677174,2.9648905455799617,2.9361026667920824,2.2399739087151485,1.3814327120031795,0.47049877636346443,9.393086206557708,330,330,0,True
68,8,68:8,10,9.99777216854094,2.963703148534635,2.9361026667920824,1.9601562671761235,1.1171111171464458,0.3804741332042641,7.100436543634758,330,329,1,True
68,9,68:9,12,11.998042064377083,2.9624945931091418,2.9361026667920824,2.1758338489571636,1.0928432499154384,0.37220879987464933,8.809527876020864,330,328,2,True
68,10,68:10,12,11.996003175248166,2.964135318782426,2.9361026667920824,2.0557175659512748,1.3779787516693003,0.469322400491822,7.812441804035152,330,328,2,True
68,11,68:11,10,9.997494508271314,2.9648905455799617,2.9361026667920824,1.9690282356578614,1.0563556937968106,0.35978159270260135,7.163711665257679,330,330,0,True
68,12,68:12,10,9.999999992777619,2.9648905455799617,2.9361026667920824,2.038847425751472,1.2121173712754998,0.41283208008520733,7.681750307006897,330,330,0,True
68,13,68:13,6,6.0,2.9648905455799617,2.9361026667920824,1.7451902840073779,1.1173170103386592,0.38054425786119184,5.726991126568206,330,330,0,True
68,14,68:14,13,12.99999018237639,2.9648905455799617,2.9361026667920824,2.1366706127936435,1.0358258486223877,0.35278938312947583,8.4711867651118,330,330,0,True
68,15,68:15,15,14.894349829125575,2.9648905455799617,2.9361026667920824,2.3163843540810065,1.330245096160189,0.45306491193429005,10.138949103468754,330,330,0,True
68,16,68:16,12,11.896969696969487,2.9648905455799617,2.9361026667920824,2.1905155114424018,1.1136993870530203,0.37931214042655476,8.939820506779308,330,330,0,True
68,17,68:17,11,10.949143746756503,2.9641907751940266,2.9361026667920824,2.103238178509765,1.2499295928142042,0.4257104518010088,8.192656289149106,330,329,1,True
68,18,68:18,7,6.9999996087876895,2.9648905455799617,2.9361026667920824,1.59504999263423,0.7307935098592903,0.2488991676363069,4.928575458430492,330,330,0,True
68,19,68:19,12,11.900321090568054,2.9641907751940266,2.9361026667920824,1.8261506227562496,1.179328741601422,0.4016646811911142,6.20993620382315,330,329,1,True
68,20,68:20,10,9.999999789949083,2.9648905455799617,2.9361026667920824,2.0439449147375677,1.2661396016242916,0.4312313789107539,7.721007917201533,330,330,0,True
68,21,68:21,8,8.0,2.9648905455799617,2.9361026667920824,1.9313084374548188,1.3183939790787507,0.44902856905858723,6.898530634850025,330,330,0,True
68,22,68:22,12,11.94597955235494,2.9648905455799617,2.9361026667920824,2.1586686666718817,1.2389516435682677,0.42197149901502506,8.6596011650691,330,330,0,True
68,23,68:23,8,8.0,2.9648905455799617,2.9361026667920824,1.7923516325185518,1.0899382084233458,0.371219378923894,6.003554031922746,330,330,0,True
68,24,68:24,9,8.999999999999575,2.9648905455799617,2.9361026667920824,1.9092207157766525,1.1635854436001025,0.3963027099700873,6.747828272960239,330,330,0,True
68,25,68:25,7,6.948479943284341,2.9648905455799617,2.9361026667920824,1.567518012594163,0.8488566512317344,0.2891100031454879,4.794732946357706,330,330,0,True
69,1,69:1,7,6.966049382716053,2.9633240022285223,2.9361026667920824,1.6052722082252224,1.0562240952649673,0.35973677188167713,4.979214801507311,330,324,6,True
69,2,69:2,7,6.999999992777619,2.9648905455799617,2.9361026667920824,1.7706021784730068,0.517307048965348,0.17618833796794497,5.874389727549932,330,330,0,True
69,3,69:3,8,7.999999998921947,2.9620584680801336,2.9361026667920824,1.8907753889346188,1.0617612273648078,0.36162265011150424,6.624503256661826,330,326,4,True
69,4,69:4,8,7.999885232924837,2.9648905455799617,2.9361026667920824,1.7878859146500472,0.7225341090735116,0.24608611859711826,5.97680362774294,330,330,0,True
69,5,69:5,8,7.948484652878694,2.9648905455799617,2.9361026667920824,1.730460442040369,0.9711741955425321,0.33076983530811427,5.643251700643412,330,330,0,True
69,6,69:6,8,7.999999999754795,2.9648905455799617,2.9361026667920824,1.8044083472773509,1.0320719765194009,0.3515108610445897,6.076375280805307,330,330,0,True
69,7,69:7,7,7.0,2.962037305684662,2.9361026667920824,1.8440108081251678,1.18843848752403,0.4047673471931042,6.321843180510286,330,327,3,True
69,8,69:8,7,7.0,2.9648905455799617,2.9361026667920824,1.762956267163833,1.0151847364946163,0.3457592774178376,5.829645936204171,330,330,0,True
69,9,69:9,10,9.994984502554857,2.9648905455799617,2.9361026667920824,1.9614208654796685,0.888818207766214,0.30272041159150476,7.109421423576843,330,330,0,True
69,10,69:10,8,7.948479943284341,2.9648905455799617,2.9361026667920824,1.669392943378875,1.027620461963647,0.34999473062922604,5.308943989163365,330,330,0,True
69,11,69:11,8,7.998290574771057,2.9605520074382206,2.9361026667920824,1.7036101023791852,1.0583347330419424,0.3604556288211319,5.493744615731183,330,327,3,True
69,12,69:12,8,8.0,2.9662963473153177,2.9361026667920824,1.7996971264599564,0.8396365562998127,0.28596975364529065,6.047815463715656,330,313,17,True
69,13,69:13,7,,2.9542966126695527,2.9361026667920824,1.663612873243808,0.7446729900611935,0.25362634572816417,5.278346433757596,330,309,21,False
69,14,69:14,11,10.945979552117327,2.9648905455799617,2.9361026667920824,1.9256400463294758,0.8746584709857438,0.2978977815995022,6.859537683078132,330,330,0,True
69,15,69:15,9,,2.9487297001318646,2.9361026667920824,1.7864812958928833,1.282456302979066,0.4367886441723947,5.968414390478834,330,294,36,False
69,16,69:16,10,9.948484841262468,2.9648905455799617,2.9361026667920824,2.0250123297546683,1.1673470788109475,0.3975838760728227,7.576204356802006,330,330,0,True
69,17,69:17,10,,2.8949323879456696,2.9361026667920824,1.9048204617891649,1.3460562293651275,0.45844998698080175,6.718201345501718,330,179,151,False
69,18,69:18,11,10.948484841254665,2.9648905455799617,2.9361026667920824,2.0134583168386144,1.291935248775988,0.4400170550532984,7.489172545337776,330,330,0,True
69,19,69:19,11,11.0,2.964408068307418,2.9361026667920824,2.2221804354010115,1.3163065161463683,0.44831760518256475,9.227428759167434,330,329,1,True
69,20,69:20,8,7.999999999852636,2.9641907751940266,2.9361026667920824,1.8467174805385982,0.74540614666296,0.25387604973547245,6.338977517106481,330,329,1,True
69,21,69:21,9,,2.958158900393353,2.9361026667920824,1.8610332560277907,1.1365149034895727,0.3870828211641872,6.43037756639905,330,310,20,False
69,22,69:22,7,6.999995094799492,2.9648905455799617,2.9361026667920824,1.655378503277946,1.0889563233736756,0.37088496110507063,5.23506103498756,330,330,0,True
69,23,69:23,6,6.0,2.9648905455799617,2.9361026667920824,1.59385551896259,0.7458374732751424,0.25402295420753357,4.922691919372492,330,330,0,True
69,24,69:24,12,11.94848484848485,2.9648905455799617,2.9361026667920824,2.19781145523966,1.2842639781725207,0.43740431582921374,9.005283451349744,330,330,0,True
69,25,69:25,9,8.974522456254672,2.9659529723471008,2.9361026667920824,1.5380713166715778,0.7940584488678025,0.2704464179160916,4.6556024236403175,330,321,9,True
70,1,70:1,8,,2.670068868480686,2.9361026667920824,1.631627935915849,1.21346606999047,0.41329143006987384,5.112190266253948,330,208,122,False
70,2,70:2,6,,2.33309809909088,2.9361026667920824,1.4941178292969912,1.3674088471947163,0.46572242267288133,4.455404391459844,330,94,236,False
70,3,70:3,8,,2.643787463098802,2.9361026667920824,1.8504231538803178,1.3582935217993124,0.46261785637194774,6.362511274383381,330,137,193,False
70,4,70:4,11,,2.948395169023239,2.9361026667920824,1.9024836142154318,1.1137211760299452,0.37931956148072,6.702520262274291,330,303,27,False
70,5,70:5,9,,2.7555496741221392,2.9361026667920824,1.56924164864469,1.189733592257575,0.40520844373519477,4.803004447397559,330,148,182,False
70,6,70:6,7,,2.836364324449899,2.9361026667920824,1.5219072777078724,0.937382339226169,0.31926074991455633,4.580954019832524,330,178,152,False
70,7,70:7,8,,2.7267509759698543,2.9361026667920824,1.4635141304549513,0.942858823238893,0.321125972161266,4.321117850422866,330,200,130,False
70,8,70:8,7,,2.8389668438210895,2.9361026667920824,1.6014569159440204,1.0704612272257528,0.36458576170816054,4.960253835522622,330,224,106,False
70,9,70:9,7,,2.7251490324550005,2.9361026667920824,1.7178959094654007,1.2078601278531156,0.4113821159982786,5.572790464032311,330,145,185,False
70,10,70:10,6,,2.7602979055073313,2.9361026667920824,1.4984836352299862,1.014459025770525,0.3455121093837292,4.4748983448313036,330,195,135,False
70,11,70:11,10,,2.884801008154213,2.9361026667920824,1.8388084746034274,1.2368594201770422,0.42125891378601077,6.2890402437042825,330,205,125,False
70,12,70:12,13,,2.962155480163997,2.9361026667920824,2.055775597602426,1.2298479967900857,0.4188709103056635,7.812895186087689,330,254,76,False
70,13,70:13,11,,2.8930285120418695,2.9361026667920824,1.8191898931817525,1.217638465624685,0.4147124960569068,6.166860609937482,330,241,89,False
70,14,70:14,7,,2.590583119576604,2.9361026667920824,1.5018953421020094,0.9762441310871773,0.3324965922100398,4.4901914592437455,330,163,167,False
70,15,70:15,12,,2.965491492366228,2.9361026667920824,1.9505680597702095,1.1325495414890594,0.385732268254249,7.032681429506248,330,304,26,False
70,16,70:16,7,,2.7022826364144956,2.9361026667920824,1.782703005282011,1.5047529775433641,0.5125001228882171,5.945906533813114,330,119,211,False
70,17,70:17,9,,2.5991789077312646,2.9361026667920824,1.656624913633117,1.0821356419461605,0.3685619219604731,5.241590137396679,330,148,182,False
70,18,70:18,17,,2.915885453740739,2.9361026667920824,2.0539196004695404,1.2671236709540104,0.4315665406681573,7.798407923340556,330,226,104,False
70,19,70:19,13,,2.9775704874650675,2.9361026667920824,2.1253155747057413,1.3675224190485684,0.4657611038317988,8.375540179749667,330,289,41,False
70,20,70:20,5,,2.8765252688714726,2.9361026667920824,1.3872045158761825,1.0612576812530805,0.3614511485773711,4.00364227629128,330,208,122,False
70,21,70:21,7,,2.8689164620341896,2.9361026667920824,1.7063699248349327,1.1039993795022915,0.37600843866556466,5.508927316630523,330,190,140,False
70,22,70:22,16,15.908380431161461,2.9641353187824264,2.9361026667920824,2.3185280206577734,1.2799282504270415,0.4359276209593384,10.160706942229274,330,328,2,True
70,23,70:23,7,,2.788906221941954,2.9361026667920824,1.5148037850994767,0.9814222161692003,0.334260183497425,4.548528550203085,330,159,171,False
70,24,70:24,6,,2.7267039950645326,2.9361026667920824,1.2465458353247851,0.9502081264178304,0.3236290532905669,3.4783075362436726,330,139,191,False
70,25,70:25,8,,2.8759190399734873,2.9361026667920824,1.6927192270404485,1.100716583518479,0.37489035923975245,5.434237558133725,330,251,79,False
71,1,71:1,8,7.999999999747205,2.9648905455799617,2.9361026667920824,1.6361527823574422,1.02346148793088,0.3485782358724841,5.135374555306162,330,330,0,True
71,2,71:2,10,9.999999804386253,2.9648905455799617,2.9361026667920824,2.047443200145133,1.3740429618109151,0.4679819194851802,7.748065506520685,330,330,0,True
71,3,71:3,10,9.999999999754795,2.9648905455799617,2.9361026667920824,2.054190949599999,1.3009600356706439,0.443090785068508,7.80052430167524,330,330,0,True
71,4,71:4,10,9.948484848477257,2.9648905455799617,2.9361026667920824,1.9612590645599093,1.1582345892864967,0.3944802756342158,7.108271205707216,330,330,0,True
71,5,71:5,8,7.999999999999788,2.9648905455799617,2.9361026667920824,1.672206995667562,0.9731458334160973,0.3314413506116712,5.323904675350516,330,330,0,True
71,6,71:6,9,8.999999999754584,2.9648905455799617,2.9361026667920824,1.6575540579909949,0.8890339005101062,0.3027938738536837,5.246462594556653,330,330,0,True
71,7,71:7,10,9.945979552117327,2.9648905455799617,2.9361026667920824,1.862355182969371,1.1395393585803244,0.38811291289938393,6.438883676738124,330,330,0,True
71,8,71:8,9,8.997494703877672,2.9648905455799617,2.9361026667920824,1.732985362942961,1.0271380454101169,0.34983042555945226,5.657518468471617,330,330,0,True
71,9,71:9,8,7.999885421308611,2.9648905455799617,2.9361026667920824,1.6482075784622707,1.0160023714328894,0.34603775369440676,5.197655083823028,330,330,0,True
71,10,71:10,10,9.999885421300807,2.9648905455799617,2.9361026667920824,1.924276987829546,1.1247974103529705,0.38309198893984797,6.850194101304544,330,330,0,True
71,11,71:11,9,8.999999999999789,2.9648905455799617,2.9361026667920824,1.920093359212692,1.197471976641283,0.4078440410769467,6.821595298329714,330,330,0,True
71,12,71:12,10,9.948370277015835,2.9648905455799617,2.9361026667920824,1.927177149989487,1.2408194065567144,0.4226076358264423,6.8700896111828555,330,330,0,True
71,13,71:13,10,9.945974647162018,2.9648905455799617,2.9361026667920824,1.8799012303393383,0.9777575725257109,0.333012051514529,6.552857606704894,330,330,0,True
71,14,71:14,8,8.0,2.9648905455799617,2.9361026667920824,1.7894184293495738,1.0348121390754834,0.3524441262832594,5.9859701893097625,330,330,0,True
71,15,71:15,8,7.999999999999998,2.964408068307418,2.9361026667920824,1.849782569287986,1.1639830139105172,0.39643811746619134,6.3584368528376345,330,329,1,True
71,16,71:16,7,7.0,2.9648905455799617,2.9361026667920824,1.8204041811161609,1.2749405290989753,0.43422886519562537,6.1743535027132666,330,330,0,True
71,17,71:17,8,8.0,2.9648905455799617,2.9361026667920824,1.922271406904356,1.2882296598914502,0.4387549776312625,6.836469250431193,330,330,0,True
71,18,71:18,10,9.894464400847168,2.9648905455799617,2.9361026667920824,1.7588258744419178,1.1163771034389225,0.38022413727741006,5.805616867963822,330,330,0,True
71,19,71:19,7,6.999885428530992,2.9648905455799617,2.9361026667920824,1.5522351282815223,0.9401739293483663,0.3202115307417293,4.722012700394226,330,330,0,True
71,20,71:20,9,8.99988542130861,2.9648905455799617,2.9361026667920824,1.7314793853345154,1.0027848764181435,0.34153603951246125,5.64900478465639,330,330,0,True
71,21,71:21,7,6.948484652633484,2.9648905455799617,2.9361026667920824,1.1718085650275207,0.618626231904176,0.21069638977579508,3.2278250943314815,330,330,0,True
71,22,71:22,8,7.999999999999788,2.9648905455799617,2.9361026667920824,1.8716273965069201,0.8745970677334428,0.2978768684165282,6.498864026710458,330,330,0,True
71,23,71:23,10,9.999999992524824,2.9648905455799617,2.9361026667920824,2.0434545920490064,1.1124801326789875,0.37889687757221974,7.71722305981772,330,330,0,True
71,24,71:24,10,9.948484841262255,2.9648905455799617,2.9361026667920824,1.986129001720367,1.1610850643196748,0.39545111192867427,7.2872700833208235,330,330,0,True
71,25,71:25,10,9.994989407755153,2.9648905455799617,2.9361026667920824,1.801900732008236,1.0352834404921378,0.3526046456758491,6.061157157943382,330,330,0,True
72,1,72:1,6,6.0,2.9648905455799617,2.9361026667920824,1.5904712923427042,1.144854199796611,0.3899230816228413,4.906060572334359,330,330,0,True
72,2,72:2,8,7.999999999999995,2.9648905455799617,2.9361026667920824,1.8726041767128832,0.9958678213817407,0.33918017671698203,6.505215089744361,330,330,0,True
72,3,72:3,11,,2.949746959266955,2.9361026667920824,1.7940062813059436,1.0593063955821351,0.3607865649805457,6.013496028309523,330,309,21,False
72,4,72:4,10,9.902735422110847,2.9672967032613595,2.9361026667920824,1.8312423289207893,1.154857092753919,0.39332994238096214,6.241636008833845,330,329,1,True
72,5,72:5,10,9.999995094554077,2.9648905455799617,2.9361026667920824,1.9122348616423313,1.3718539096554632,0.4672363555850446,6.768197894735494,330,330,0,True
72,6,72:6,13,12.948255509940676,2.9648905455799617,2.9361026667920824,2.174838710294842,1.4503243659307041,0.49396241566555804,8.800765534829994,330,330,0,True
72,7,72:7,8,7.999999999999995,2.9648905455799617,2.9361026667920824,1.920459029643036,1.2325914544956296,0.4198052978311996,6.824090210148025,330,330,0,True
72,8,72:8,9,8.960122699386497,2.9638056704785827,2.9361026667920824,1.662380614574613,0.9257758844916127,0.3153077359870028,5.271846151442737,330,326,4,True
72,9,72:9,8,7.945979552362531,2.9648905455799617,2.9361026667920824,1.7037605803285694,1.0883258105648432,0.37067021629523694,5.494571365357633,330,330,0,True
72,10,72:10,12,11.894464400847381,2.9648905455799617,2.9361026667920824,1.984160028368435,1.2038366796992586,0.41001177966795777,7.2729357593004496,330,330,0,True
72,11,72:11,19,18.705978715124438,2.9648009463961706,2.9361026667920824,2.2055293051509532,1.3180949139060707,0.4489267111855426,9.075053769534644,330,329,1,True
72,12,72:12,10,9.896969696969698,2.9648905455799617,2.9361026667920824,1.8743148397356824,1.343991583037688,0.45774679415624864,6.516352844410177,330,330,0,True
72,13,72:13,9,9.0,2.9648905455799617,2.9361026667920824,2.003729946040822,1.24954681416678,0.42558008216109344,7.416668343550585,330,330,0,True
72,14,72:14,12,11.902640203512751,2.963956735321475,2.9361026667920824,1.9422834795101722,1.2837373682901898,0.4372249590620656,6.974659292145682,330,329,1,True
72,15,72:15,12,,2.9673621744594056,2.9361026667920824,2.0484361792781236,1.3416694920320669,0.4569559188807058,7.755762994979933,330,306,24,False
72,16,72:16,6,6.0,2.9648905455799617,2.9361026667920824,1.5260691169946103,0.9450012695081618,0.32185566267703036,4.600058942475609,330,330,0,True
72,17,72:17,8,7.902735557550162,2.964408068307418,2.9361026667920824,1.6642857934682598,1.1894370214482306,0.4051074354112358,5.281899535167357,330,329,1,True
72,18,72:18,12,11.997265560939665,2.9648905455799617,2.9361026667920824,2.0885829719159554,1.2165399164920272,0.4143383439044352,8.073466725755269,330,330,0,True
72,19,72:19,11,10.845339973740334,2.9648905455799617,2.9361026667920824,1.8172743267786338,1.201248438469976,0.4091302569410599,6.15505888604203,330,330,0,True
72,20,72:20,10,9.948484841262468,2.9648905455799617,2.9361026667920824,1.9486636431260014,1.2095436175594667,0.4119554916248845,7.019301018920804,330,330,0,True
72,21,72:21,7,6.997494703877682,2.9648905455799617,2.9361026667920824,1.7624393716735833,0.9354398095957358,0.31859914851607546,5.826633397160991,330,330,0,True
72,22,72:22,9,8.99777216854094,2.9646108529195274,2.9361026667920824,1.8318455024950344,1.180419595082476,0.4020362123004967,6.245401934373638,330,329,1,True
72,23,72:23,9,8.94848484848485,2.9648905455799617,2.9361026667920824,1.98547017957484,1.0395489707089431,0.354057432141748,7.282470649569714,330,330,0,True
72,24,72:24,13,12.998527564057893,2.9657328663493003,2.9361026667920824,2.194118369372003,1.1424094591010028,0.38909043339045524,8.972087501777068,330,326,4,True
72,25,72:25,11,10.997775965601601,2.9641907751940266,2.9361026667920824,2.0231195085223277,1.2363261749539618,0.4210772971044446,7.561877519683128,330,329,1,True
73,1,73:1,5,4.948484848484849,2.9648905455799617,2.9361026667920824,1.2306301721907846,0.6400162367491053,0.2179815590196552,3.4233861794586398,330,330,0,True
73,2,73:2,4,4.0,2.9648905455799617,2.9361026667920824,1.3653929723156368,0.8088759458367462,0.2754930728360753,3.917262125134618,330,330,0,True
73,3,73:3,5,4.997494703877682,2.9648905455799617,2.9361026667920824,1.3532485556034504,0.8289725913620747,0.2823377400040956,3.8699769680025478,330,330,0,True
73,4,73:4,8,8.0,2.9648905455799617,2.9361026667920824,1.8739775595412365,1.0166480580651218,0.34625766651950485,6.514155378257473,330,330,0,True
73,5,73:5,7,6.948484848239644,2.9648905455799617,2.9361026667920824,1.4731762622741729,0.7845193223562464,0.2671975102333169,4.3630714147474325,330,330,0,True
73,6,73:6,4,4.0,2.9648905455799617,2.9361026667920824,1.1047452916284166,0.5643238351525047,0.19220166976281924,3.018455544988498,330,330,0,True
73,7,73:7,7,6.948484848484849,2.9648905455799617,2.9361026667920824,1.3347046952514403,0.6610889182029707,0.22515865186868994,3.798873955244599,330,330,0,True
73,8,73:8,5,5.0,2.9648905455799617,2.9361026667920824,1.540302428057932,0.5502779865420734,0.1874178286630877,4.666001187304416,330,330,0,True
73,9,73:9,4,4.0,2.9648905455799617,2.9361026667920824,1.3857052392083034,0.3875431877818576,0.13199238302020216,3.9976442063466155,330,330,0,True
73,10,73:10,4,4.0,2.9648905455799617,2.9361026667920824,1.3616766326073522,0.7111734691082986,0.24221682611845116,3.902731265879866,330,330,0,True
73,11,73:11,6,6.0,2.9648905455799617,2.9361026667920824,1.6556084592599198,0.6711969048659028,0.2286013062340347,5.236265007013533,330,330,0,True
73,12,73:12,7,7.0,2.9648905455799617,2.9361026667920824,1.7072432117088312,0.6168193897379526,0.2100810018376759,5.513740291793537,330,330,0,True
73,13,73:13,4,3.9998854285309915,2.9648905455799617,2.9361026667920824,0.5078900532331637,0.23211657199289418,0.07905601347602036,1.6617812234019875,330,330,0,True
73,14,73:14,4,4.0,2.9648905455799617,2.9361026667920824,1.3616466691868458,0.5397050927206916,0.18381683270985916,3.9026143284537542,330,330,0,True
73,15,73:15,5,4.999999999999788,2.9648905455799617,2.9361026667920824,1.4288788946321025,0.6892535646972979,0.23475117968213297,4.174017054903231,330,330,0,True
73,16,73:16,4,4.0,2.9648905455799617,2.9361026667920824,1.3668407830130762,0.8406359762410295,0.2863101436297828,3.922937686722047,330,330,0,True
73,17,73:17,4,4.0,2.9648905455799617,2.9361026667920824,1.3437830715635917,0.6773520530632285,0.23069767304945357,3.833518583115621,330,330,0,True
73,18,73:18,5,4.999999999999788,2.9648905455799617,2.9361026667920824,1.4486777595261475,0.5270827991511512,0.17951783672708885,4.2574813776141385,330,330,0,True
74,1,74:1,4,4.0,2.9648905455799617,2.9361026667920824,1.3874874879667003,0.843983119763842,0.2874501390259484,4.004775355623241,330,330,0,True
74,2,74:2,4,4.0,2.9648905455799617,2.9361026667920824,1.3769101507604344,0.8985453030843977,0.3060333391087197,3.9626387357234156,330,330,0,True
74,3,74:3,4,4.0,2.9648905455799617,2.9361026667920824,1.3503662126101028,0.8183174804346969,0.2787087419285551,3.8588384272633274,330,330,0,True
74,4,74:4,4,4.0,2.9648905455799617,2.9361026667920824,1.362048744482319,0.9327656305875132,0.3176883564520008,3.90418378876245,330,330,0,True
74,5,74:5,4,4.0,2.9648905455799617,2.9361026667920824,1.3864090419747983,0.9201438805109831,0.3133895455761807,4.000458749724033,330,330,0,True
74,6,74:6,4,4.0,2.9648905455799617,2.9361026667920824,1.3563525499540925,0.8219733614662827,0.2799538894749725,3.8820080171429163,330,330,0,True
74,7,74:7,4,4.0,2.9648905455799617,2.9361026667920824,1.3828014291214388,0.7880305089514297,0.26839337665682295,3.986052644768359,330,330,0,True
74,8,74:8,4,4.0,2.9648905455799617,2.9361026667920824,1.3854244847646242,0.9057467397545731,0.30848605874677093,3.9965220075099617,330,330,0,True
74,9,74:9,4,4.0,2.9648905455799617,2.9361026667920824,1.3848106876043949,0.762806925339792,0.2598025382311366,3.994069706335698,330,330,0,True
74,10,74:10,4,4.0,2.9648905455799617,2.9361026667920824,1.3794254862927258,0.8196148770369436,0.27915061905258093,3.9726186478890186,330,330,0,True
74,11,74:11,4,4.0,2.9648905455799617,2.9361026667920824,1.3588574613339788,0.7528659462818543,0.2564167645760215,3.8917442923642467,330,330,0,True
74,12,74:12,4,4.0,2.9648905455799617,2.9361026667920824,1.3771619339126357,0.8967475015444112,0.30542103029529843,3.963636587011131,330,330,0,True
74,13,74:13,4,4.0,2.9673488167356994,2.9361026667920824,1.3584706442610959,0.7281154671530549,0.24798705964481035,3.8902391903470113,330,317,13,True
74,14,74:14,4,4.0,2.9648905455799617,2.9361026667920824,1.369736212024245,0.9095271722890091,0.30977362698380617,3.9343127341835005,330,330,0,True
74,15,74:15,4,4.0,2.9648905455799617,2.9361026667920824,1.3853610022015965,0.9154652633023957,0.31179606682575983,3.9962683061026216,330,330,0,True
74,16,74:16,4,4.0,2.9648905455799617,2.9361026667920824,1.3874874879667,0.8786452827889711,0.2992556400450937,4.00477535562324,330,330,0,True
74,17,74:17,4,4.0,2.9648905455799617,2.9361026667920824,1.383782346954438,0.7957791379342434,0.27103246318143676,3.9899645532075905,330,330,0,True
74,18,74:18,4,4.0,2.9648905455799617,2.9361026667920824,1.3640014135994738,0.7819697750159746,0.26632916616309493,3.9118148158852546,330,330,0,True
74,19,74:19,4,4.0,2.9648905455799617,2.9361026667920824,1.3857940508089674,0.8074156794390196,0.27499572428820523,3.9979992592936435,330,330,0,True
74,20,74:20,4,4.0,2.9648905455799617,2.9361026667920824,1.3757118753041682,0.7380205312134748,0.25136060109908176,3.9578932467536516,330,330,0,True
74,21,74:21,4,4.0,2.9648905455799617,2.9361026667920824,1.3730258487298637,0.7495491404105572,0.25528710180611536,3.9472765051227716,330,330,0,True
74,22,74:22,4,4.0,2.9648905455799617,2.9361026667920824,1.3546724398339662,0.666452177335644,0.22698531113143744,3.875491292127662,330,330,0,True
74,23,74:23,4,4.0,2.9648905455799617,2.9361026667920824,1.3891478392075391,0.8438703577254769,0.28741173368009987,4.011430212525364,330,330,0,True
74,24,74:24,4,4.0,2.9648905455799617,2.9361026667920824,1.3718308044854717,0.8802559863012835,0.299804225600541,3.942562152545317,330,330,0,True
74,25,74:25,4,4.0,2.9648905455799617,2.9361026667920824,1.3533008846098633,0.7272864583858952,0.24770470958378016,3.8701794853508438,330,330,0,True
75,1,75:1,7,7.0,2.9641080362199563,2.9361026667920824,1.7829191535915647,1.0481910152195604,0.35700080486789976,5.9471918703658195,330,328,2,True
75,2,75:2,6,6.0,2.9648905455799617,2.9361026667920824,1.5246257148561428,0.8501521253732164,0.28955122550332096,4.593423997160035,330,330,0,True
75,3,75:3,7,6.999999999999897,2.9651487934141416,2.9361026667920824,1.7283269830965038,0.9503168652694592,0.32366608838912075,5.631224888746711,330,329,1,True
75,4,75:4,7,7.0,2.9648905455799617,2.9361026667920824,1.8343681317399234,1.2270153605038403,0.41790614966623385,6.2611766564616,330,330,0,True
75,5,75:5,6,5.999904781401903,2.9641907751940266,2.9361026667920824,1.4577894884258178,0.5029398220544454,0.17129503942174673,4.296451667459675,330,329,1,True
75,6,75:6,10,9.997380132408674,2.9648905455799617,2.9361026667920824,2.0504370462972363,1.2812927364848283,0.4363923479163414,7.7712967807019915,330,330,0,True
75,7,75:7,8,7.999999999992409,2.9648905455799617,2.9361026667920824,1.8237479735390099,1.0150412718567827,0.345710415149002,6.195033815239006,330,330,0,True
75,8,75:8,8,7.999999804393845,2.9648905455799617,2.9361026667920824,1.829455508046143,1.2470840705250872,0.42474130234949253,6.230493281315024,330,330,0,True
75,9,75:9,7,7.0,2.9648905455799617,2.9361026667920824,1.8332478381914874,1.008054928257903,0.3433309535321121,6.254166228249703,330,330,0,True
75,10,75:10,8,8.0,2.9672967032613595,2.9361026667920824,2.033703304929954,1.2004626747384857,0.40886263560057434,7.642335918410635,330,329,1,True
75,11,75:11,9,8.972049689440995,2.9655681006220616,2.9361026667920824,1.9722838553195945,1.238651317074707,0.42186921155179796,7.187071991341409,330,322,8,True
75,12,75:12,6,6.0,2.9648905455799617,2.9361026667920824,1.605130606656732,0.9486313435267222,0.3230920206762302,4.978509786798338,330,330,0,True
75,13,75:13,8,7.997775965601601,2.9651487934141416,2.9361026667920824,1.8735770729551926,1.2012696028453476,0.4091374652637153,6.511547068740425,330,329,1,True
75,14,75:14,8,8.0,2.9648905455799617,2.9361026667920824,1.8798036747709748,1.01139725454782,0.34446930823875077,6.552218370137717,330,330,0,True
75,15,75:15,7,7.0,2.9648905455799617,2.9361026667920824,1.781853926572285,1.1298350191118265,0.38480773574115446,5.940860133863788,330,330,0,True
75,16,75:16,7,6.999999999999782,2.9648905455799617,2.9361026667920824,1.6143043007837872,0.9114115217036035,0.31041541292539016,5.024391242241413,330,330,0,True
75,17,75:17,7,6.999995094799492,2.9648905455799617,2.9361026667920824,1.736967295030625,1.13656721360602,0.38710063733834177,5.680091234582886,330,330,0,True
75,18,75:18,8,7.999999992777619,2.9648905455799617,2.9361026667920824,1.920361886933414,1.3251513588545458,0.45133004844901264,6.823427331731731,330,330,0,True
75,19,75:19,8,8.0,2.9648905455799617,2.9361026667920824,2.0539757545729653,1.0736751802022162,0.36568039406308933,7.798845848241159,330,330,0,True
75,20,75:20,10,9.945979552362532,2.9648905455799617,2.9361026667920824,1.9904579789566148,1.2943305584469171,0.44083286769432783,7.318884890143551,330,330,0,True
75,21,75:21,7,7.0,2.9648905455799617,2.9361026667920824,1.8288378682610427,1.0153234850474777,0.34580653344686907,6.226646268939929,330,330,0,True
75,22,75:22,8,7.999999999999995,2.9648905455799617,2.9361026667920824,1.8275455425366036,1.1539582754520856,0.39302381640246714,6.218604611129424,330,330,0,True
75,23,75:23,8,7.997494696655301,2.9648905455799617,2.9361026667920824,1.7258422594363707,1.0671223477265814,0.36344858093552107,5.6172502198151735,330,330,0,True
75,24,75:24,9,8.999885428530991,2.9648905455799617,2.9361026667920824,1.9587364051119756,1.0970052351369537,0.37362632020477543,7.090362057030755,330,330,0,True
75,25,75:25,7,7.0,2.9648905455799617,2.9361026667920824,1.813977032771909,1.3496621116752605,0.45967810558541194,6.134797269876091,330,330,0,True
76,1,76:1,7,7.0,2.9648905455799617,2.9361026667920824,1.8760759153195348,0.9590131552025536,0.32662793643055715,6.5278387451013495,330,330,0,True
76,2,76:2,6,6.0,2.966572502127844,2.9361026667920824,1.7276397989543253,1.0266877315174883,0.34967705425615225,5.627356529591884,330,327,3,True
76,3,76:3,9,8.94847994327675,2.9648905455799617,2.9361026667920824,1.5827262109476687,0.8168323144749038,0.27820291289996196,4.868209502891417,330,330,0,True
76,4,76:4,8,7.999999804393845,2.9648905455799617,2.9361026667920824,1.876503411505683,0.8926801903154334,0.3040357547478934,6.5306299678447,330,330,0,True
76,5,76:5,7,6.999770857061984,2.9648905455799617,2.9361026667920824,1.6291532879377741,0.8160629518619147,0.2779408775761667,5.0995550352704875,330,330,0,True
76,6,76:6,8,7.948484848484849,2.9648905455799617,2.9361026667920824,1.8209133803153983,1.0076725695556956,0.34320072692030734,6.177498279163532,330,330,0,True
76,7,76:7,6,6.0,2.9648905455799617,2.9361026667920824,1.7236949856905233,0.9183415256164893,0.312775685946925,5.605201386595477,330,330,0,True
76,8,76:8,4,3.948484848484849,2.9648905455799617,2.9361026667920824,1.0922322387780132,0.3205109250017076,0.10916202918472546,2.9809207782413774,330,330,0,True
76,9,76:9,8,8.0,2.9648905455799617,2.9361026667920824,1.9871376940726992,0.8781640364730215,0.2990917335436649,7.294624405423918,330,330,0,True
76,10,76:10,7,7.0,2.9648905455799617,2.9361026667920824,1.8943369751487582,1.0686347038539372,0.3639636705965404,6.648139061630035,330,330,0,True
76,11,76:11,6,6.0,2.9648905455799617,2.9361026667920824,1.7434638124586412,0.8708986062363958,0.2966172184939021,5.717112169651196,330,330,0,True
76,12,76:12,7,6.999880523330484,2.9648905455799617,2.9361026667920824,1.6394439605924223,0.9425927586345767,0.3210353538707935,5.152303831622644,330,330,0,True
76,13,76:13,8,7.948484848484849,2.9648905455799617,2.9361026667920824,1.7687785275076167,0.8886379081698178,0.3026590037945516,5.863686653354272,330,330,0,True
76,14,76:14,5,4.997494703877682,2.9648905455799617,2.9361026667920824,1.4138901072636054,0.7138313075973529,0.2431220528052135,4.111920142078827,330,330,0,True
76,15,76:15,12,11.94586007544781,2.9648905455799617,2.9361026667920824,2.06269264929647,0.6949873640311897,0.2367040403224444,7.867124724008333,330,330,0,True
76,16,76:16,8,8.0,2.9648905455799617,2.9361026667920824,1.926972292186121,1.1522663032482887,0.3924475517428783,6.8686823638639,330,330,0,True
76,17,76:17,10,9.99999980414864,2.9648905455799617,2.9361026667920824,2.0717060409147967,1.3223620450152547,0.4503800428954471,7.938354729790809,330,330,0,True
76,18,76:18,11,10.948484848484638,2.9648905455799617,2.9361026667920824,2.139024365353616,1.1057950536094405,0.37662002290185803,8.491149326895336,330,330,0,True
76,19,76:19,6,6.0,2.9648905455799617,2.9361026667920824,1.5250064113229247,0.9178818619951685,0.31261913024248056,4.595173030350439,330,330,0,True
76,20,76:20,4,4.0,2.9648905455799617,2.9361026667920824,1.3332253385268549,0.6957814093620709,0.23697448227253767,3.793258220374795,330,330,0,True
76,21,76:21,8,8.0,2.9648905455799617,2.9361026667920824,1.9007918247038826,1.16030160542578,0.39518427558716757,6.69119059520186,330,330,0,True
76,22,76:22,9,8.94847994328434,2.9648905455799617,2.9361026667920824,1.8710313445843418,0.45335931487369724,0.15440853618685857,6.494991520534789,330,330,0,True
76,23,76:23,8,7.999885428530992,2.9648905455799617,2.9361026667920824,1.8716591431618192,1.1819466098817641,0.4025562945226066,6.499070347178925,330,330,0,True
76,24,76:24,8,8.0,2.9648905455799617,2.9361026667920824,2.0269257095784523,1.055125843261743,0.3593627209277899,7.590714390535274,330,330,0,True
76,25,76:25,9,8.948484848239644,2.9648905455799617,2.9361026667920824,1.9047843618597842,0.939388669086003,0.3199440808765578,6.717958823285125,330,330,0,True
77,1,77:1,3,3.0,2.9648905455799617,2.9361026667920824,1.0173829409142712,0.359359074782582,0.12239322515762345,2.765946637934676,330,330,0,True
77,2,77:2,3,3.0,2.9648905455799617,2.9361026667920824,0.9914240301385416,0.70147009502819,0.23891197775948345,2.6950696013693323,330,330,0,True
77,3,77:3,3,3.0,2.9648905455799617,2.9361026667920824,0.9864761601686395,0.6498597106156079,0.22133412362096638,2.6817676826415027,330,330,0,True
77,4,77:4,4,3.948484848484849,2.9648905455799617,2.9361026667920824,0.999719350668116,0.5923279806945528,0.2017395329509089,2.7175190515214416,330,330,0,True
77,5,77:5,3,3.0,2.9648905455799617,2.9361026667920824,0.9732151571501149,0.6710926424767667,0.22856579576285285,2.6464395144949417,330,330,0,True
77,6,77:6,3,3.0,2.9648905455799617,2.9361026667920824,1.0041124661479577,0.6790966984952832,0.2312918775545572,2.729483688306397,330,330,0,True
77,7,77:7,3,3.0,2.9648905455799617,2.9361026667920824,0.9936516530805716,0.6357646378167823,0.2165335173757408,2.70107989208905,330,330,0,True
77,8,77:8,3,3.0,2.9648905455799617,2.9361026667920824,1.0076281746755975,0.6505191141738229,0.22155870826021387,2.739096645661996,330,330,0,True
77,9,77:9,3,3.0,2.9648905455799617,2.9361026667920824,1.0012631779579404,0.5261077927606679,0.1791857616939128,2.7217176717321117,330,330,0,True
77,10,77:10,4,4.0,2.9648190928702567,2.9361026667920824,1.181610735023608,0.6017923648067106,0.2049629843033435,3.259620361349528,330,328,2,True
77,11,77:11,3,3.0,2.9648905455799617,2.9361026667920824,1.0223198669121731,0.3024824323309617,0.1030217491207305,2.779635674877655,330,330,0,True
77,12,77:12,4,4.0,2.965876076088758,2.9361026667920824,1.1173259406013967,0.6480447104846087,0.22071595718164966,3.0566695491081552,330,329,1,True
77,13,77:13,4,3.9999999999924087,2.9648905455799617,2.9361026667920824,1.0592333719133644,0.7368888642486217,0.25097516942543746,2.884159064169421,330,330,0,True
77,14,77:14,4,4.0,2.9634264472403125,2.9361026667920824,1.12453129867887,0.6798220279364813,0.2315389157284609,3.0787734854911726,330,329,1,True
77,15,77:15,4,4.0,2.9648905455799617,2.9361026667920824,1.1802090455245782,0.5949564038215047,0.202634741131699,3.25505458636517,330,330,0,True
77,16,77:16,4,4.0,2.964408068307418,2.9361026667920824,1.13321914748832,0.6277387394628026,0.21379999635661764,3.105637932203069,330,329,1,True
77,17,77:17,3,3.0,2.9641353187824264,2.9361026667920824,0.9961933123494867,0.4454574138561453,0.15171724711617177,2.7079538487602046,330,328,2,True
77,18,77:18,4,4.0,2.9648905455799617,2.9361026667920824,1.1356282731520186,0.5727129010712251,0.1950588811313461,3.113128823874357,330,330,0,True
77,19,77:19,3,3.0,2.9648905455799617,2.9361026667920824,0.9864761601686395,0.6393760914488558,0.21776353350321473,2.6817676826415027,330,330,0,True
77,20,77:20,4,3.9999999997547957,2.9648905455799617,2.9361026667920824,1.05168433108531,0.7303695145526604,0.24875476011560765,2.8624684044860476,330,330,0,True
77,21,77:21,4,4.0,2.9648905455799617,2.9361026667920824,1.08823289282536,0.6093991632210589,0.20755376510279672,2.9690228526108045,330,330,0,True
77,22,77:22,3,3.0,2.9648905455799617,2.9361026667920824,0.9935358863643523,0.6383627006293886,0.21741838521159373,2.7007672150388444,330,330,0,True
77,23,77:23,3,3.0,2.9648905455799617,2.9361026667920824,0.9892758703009548,0.6062441170787456,0.20647919568191184,2.689286374963453,330,330,0,True
77,24,77:24,3,3.0,2.9648905455799617,2.9361026667920824,1.000243549287448,0.5665375735746893,0.19295564149794361,2.718943944687144,330,330,0,True
77,25,77:25,3,3.0,2.9648905455799617,2.9361026667920824,0.9968510641359271,0.46843300830318524,0.15954244843045093,2.709735596151352,330,330,0,True
77,26,77:26,4,3.9999999997547957,2.9648905455799617,2.9361026667920824,1.05168433108531,0.69895655394318,0.23805589697135615,2.8624684044860476,330,330,0,True
77,27,77:27,3,3.0,2.9648905455799617,2.9361026667920824,0.9914240301385416,0.5867709434460087,0.1998468752753462,2.6950696013693323,330,330,0,True
77,28,77:28,4,3.9999999997547957,2.9648905455799617,2.9361026667920824,1.055638250048997,0.7074377399912637,0.2409444833086146,2.8738087772769005,330,330,0,True
77,29,77:29,4,4.0,2.9648009463961706,2.9361026667920824,1.1329474155284391,0.5169146152699349,0.17605467993893545,3.1047941457681345,330,329,1,True
78,1,78:1,10,9.997380132408674,2.9648905455799617,2.9361026667920824,1.9958021452140682,1.1663768793501679,0.3972534382200348,7.358102928334577,330,330,0,True
78,2,78:2,9,9.0,2.9630249305503438,2.9361026667920824,2.0702627219426963,1.3866234390468684,0.47226667334554107,7.926905416295303,330,330,0,True
78,3,78:3,10,9.999999999408452,2.961188567270195,2.9361026667920824,2.089587529382141,1.4621142709173973,0.4979779104641696,8.08158106200879,330,325,5,True
78,4,78:4,8,8.0,2.9648905455799617,2.9361026667920824,2.019505475220297,1.3871829746719222,0.47245724421058005,7.534597966799461,330,330,0,True
78,5,78:5,12,11.851879309066616,2.9646108529195274,2.9361026667920824,2.0130223883352443,1.2441720454203506,0.42374950286724955,7.4859085130526495,330,329,1,True
78,6,78:6,8,7.999999804393845,2.9648905455799617,2.9361026667920824,1.8222632580648346,1.0938024128514279,0.37253547882455046,6.185842777396913,330,330,0,True
79,1,79:1,7,6.999995094799492,2.9648905455799617,2.9361026667920824,1.74312758861841,1.2211584030180265,0.41591134289327686,5.715190263355947,330,330,0,True
79,2,79:2,7,6.999999992777619,2.9648905455799617,2.9361026667920824,1.7298161608197364,1.2219740203788407,0.41618913200809193,5.639617030549955,330,330,0,True
79,3,79:3,6,6.0,2.9648905455799617,2.9361026667920824,1.6646639742832083,1.1382421605097026,0.3876711033927569,5.283897425996222,330,330,0,True
79,4,79:4,6,6.0,2.9648905455799617,2.9361026667920824,1.6574231610865764,0.8578304028636723,0.2921663511858452,5.245775893788362,330,330,0,True
79,5,79:5,8,7.999999999999995,2.9648905455799617,2.9361026667920824,1.9453106554428874,1.3159407869881183,0.4481930423863157,6.995804802335764,330,330,0,True
79,6,79:6,7,7.0,2.9648905455799617,2.9361026667920824,1.7544133919452958,1.2778059512323647,0.435204792286254,5.780056119801077,330,330,0,True
79,7,79:7,6,6.0,2.9648905455799617,2.9361026667920824,1.6809770097787113,1.248327352477451,0.42516474869775056,5.370800733448826,330,330,0,True
79,8,79:8,7,6.948484848484849,2.9648905455799617,2.9361026667920824,1.692259933461762,1.243535037740783,0.4235325459853352,5.43174222080829,330,330,0,True
79,9,79:9,8,7.948484848484849,2.9648905455799617,2.9361026667920824,1.8322689586592404,1.2608645828287208,0.4294347732078157,6.248047148347247,330,330,0,True
79,10,79:10,7,6.999999999999995,2.9648905455799617,2.9361026667920824,1.6197681403458566,1.0075309940292323,0.34315250805927616,5.051918844604503,330,330,0,True
79,11,79:11,7,6.948484848484849,2.9648905455799617,2.9361026667920824,1.6669535735438032,1.1067988388826793,0.37696189966406796,5.296009294006728,330,330,0,True
79,12,79:12,6,6.0,2.9656092629415993,2.9361026667920824,1.7278183712437511,1.2550894665903312,0.4274678405444224,5.628361509258879,330,326,4,True
79,13,79:13,6,6.0,2.9648905455799617,2.9361026667920824,1.6973707646106273,1.1645540616751848,0.3966326092226024,5.459573999321421,330,330,0,True
79,14,79:14,7,7.0,2.9648905455799617,2.9361026667920824,1.815391176500888,1.203939457511548,0.41004678451075566,6.143478892047827,330,330,0,True
79,15,79:15,8,7.9484848410172635,2.9648905455799617,2.9361026667920824,1.54694578316749,0.8051170012934251,0.2742128231411871,4.697102283561668,330,330,0,True
79,16,79:16,6,5.948484848484849,2.9648905455799617,2.9361026667920824,1.5804416040671934,0.8041628836159961,0.27388786254351444,4.857100252931957,330,330,0,True
79,17,79:17,7,6.999999992777619,2.9648905455799617,2.9361026667920824,1.6362624432219663,1.135248929837814,0.38665164630573373,5.135937735798418,330,330,0,True
79,18,79:18,6,6.0,2.9648905455799617,2.9361026667920824,1.758867544871349,1.24844689888909,0.42520546471663884,5.8058587955524015,330,330,0,True
79,19,79:19,6,6.0,2.9648905455799617,2.9361026667920824,1.7170889497007404,1.2184876878197775,0.4150017305597385,5.568295260319153,330,330,0,True
79,20,79:20,7,7.0,2.9648905455799617,2.9361026667920824,1.8221375527559494,1.3247825090412697,0.45120442279652856,6.185065232991619,330,330,0,True
79,21,79:21,8,7.999999999992409,2.9648905455799617,2.9361026667920824,1.7607914595444805,1.162050477176726,0.395779919523848,5.817039524414711,330,330,0,True
79,22,79:22,6,6.0,2.9648905455799617,2.9361026667920824,1.5556809932086912,1.1713229612253386,0.3989380121046989,4.73831218512723,330,330,0,True
79,23,79:23,9,8.999999999999789,2.9648905455799617,2.9361026667920824,1.9674151416426038,1.2228357022508598,0.4164826101217032,7.152165240081814,330,330,0,True
79,24,79:24,6,6.0,2.9648905455799617,2.9361026667920824,1.6675625535002447,1.2279257024312091,0.4182162007886503,5.299235439745249,330,330,0,True
79,25,79:25,6,5.999999804393845,2.9648905455799617,2.9361026667920824,1.5785382847655252,0.9900245875823701,0.3371900440607031,4.8478644324163005,330,330,0,True
80,1,80:1,9,8.999999999999908,2.96524841882506,2.9361026667920824,1.7875482389288138,1.0846760513162366,0.3694271537518572,5.974785746981116,330,328,2,True
80,2,80:2,9,,2.949507589880395,2.9361026667920824,1.7272216697141412,1.1031295751822867,0.3757121941473322,5.625004059134537,330,279,51,False
80,3,80:3,9,8.948484652878694,2.9648905455799617,2.9361026667920824,1.6882351030026814,1.0208390945356094,0.347685081343206,5.409924315410025,330,330,0,True
80,4,80:4,9,8.948484457272539,2.9648905455799617,2.9361026667920824,1.526695534392631,0.9907818791210159,0.3374479681269188,4.602941402146284,330,330,0,True
80,5,80:5,10,9.948479943284124,2.9648905455799617,2.9361026667920824,1.680370863277777,0.9062055512756404,0.3086423242364817,5.367546227830273,330,330,0,True
80,6,80:6,10,9.948484841262468,2.9648905455799617,2.9361026667920824,1.789772259085858,1.0287574928942265,0.35038198920279,5.988088578315661,330,330,0,True
80,7,80:7,9,8.999999992777195,2.9648905455799617,2.9361026667920824,1.7435660736614427,1.0971846292328113,0.373687419599523,5.7176968383121665,330,330,0,True
80,8,80:8,12,11.896850220054972,2.9648905455799617,2.9361026667920824,1.7773799615027368,1.1356365293731567,0.38678365788003144,5.914340301778878,330,330,0,True
80,9,80:9,11,10.99545671245774,2.9648009463961706,2.9361026667920824,1.7434371786756893,1.1206387591834182,0.38167560414629575,5.71695990335428,330,329,1,True
80,10,80:10,10,9.94597463993943,2.9648905455799617,2.9361026667920824,1.603663770277728,0.9613473261013142,0.3274229259672517,4.971212480815191,330,330,0,True
80,11,80:11,10,9.948370277008244,2.9648905455799617,2.9361026667920824,1.7458060863865064,1.0556253365896042,0.3595328421342146,5.730518907425635,330,330,0,True
80,12,80:12,10,9.99822967669537,2.9654054641520666,2.9361026667920824,1.7287214907384758,1.1492833939577864,0.3914316099898056,5.633446888268062,330,327,3,True
80,13,80:13,12,11.94825569110207,2.9648905455799617,2.9361026667920824,1.8127860789829298,0.9220881911489177,0.3140517535636347,6.12749535880531,330,330,0,True
80,14,80:14,10,9.966049382711317,2.968683372882989,2.9361026667920824,2.0086335968279587,1.3641740851650852,0.46462070301361436,7.453126410871399,330,324,6,True
80,15,80:15,15,14.904620720434394,2.964674899339524,2.9361026667920824,2.116035923754817,1.0053722208493874,0.34241725680111645,8.2981775944031,330,328,2,True
80,16,80:16,10,9.997489602825814,2.9648905455799617,2.9361026667920824,1.687380958926503,0.9538844591585474,0.32488116643439424,5.405305433479577,330,330,0,True
80,17,80:17,8,7.999996198175372,2.963956735321475,2.9361026667920824,1.500818861255507,1.002449621597629,0.34142185589609586,4.4853604548491095,330,329,1,True
80,18,80:18,7,6.999880523330484,2.9648905455799617,2.9361026667920824,1.4267003994170144,1.0137753270174268,0.34527925010369415,4.164933876144437,330,330,0,True
80,19,80:19,9,9.0,2.9648905455799617,2.9361026667920824,1.8228038598675171,1.134728147044858,0.386474274172652,6.189187759223623,330,330,0,True
80,20,80:20,10,,2.8559477397013344,2.9361026667920824,1.5111217717073788,0.8760172426830117,0.2983605623164832,4.531811602066632,330,281,49,False
80,21,80:21,7,7.0,2.9648905455799617,2.9361026667920824,1.5379237915911308,0.9495713792622983,0.3234121851398943,4.654915656177199,330,330,0,True
80,22,80:22,10,9.94848484126225,2.9648905455799617,2.9361026667920824,1.7190479516001387,1.0610101896949833,0.361366856035119,5.579214252982238,330,330,0,True
80,23,80:23,8,7.999999804393845,2.9648905455799617,2.9361026667920824,1.6237465208470963,1.068031610872559,0.3637582646384315,5.07205733275217,330,330,0,True
80,24,80:24,8,7.997775960841752,2.963956735321475,2.9361026667920824,1.5236432424292847,1.0099918370774528,0.34399064055241174,4.588913300918128,330,329,1,True
80,25,80:25,10,,2.887345539675177,2.9361026667920824,1.6804913816189437,1.1188980486421005,0.38108273981596924,5.368193154580273,330,278,52,False
81,1,81:1,6,5.948484848484849,2.9648905455799617,2.9361026667920824,1.517066682257867,1.1170378510487866,0.3804491796839094,4.558833057156755,330,330,0,True
81,2,81:2,6,,2.924058905371819,2.9361026667920824,1.560019745367989,1.0001624941856582,0.34064288878508886,4.758915210742223,330,297,33,False
81,3,81:3,6,,2.924877620390438,2.9361026667920824,1.6982756241950492,0.8868964480620808,0.3020658841712382,5.464516382925932,330,274,56,False
81,4,81:4,7,6.999999999999897,2.96574388165261,2.9361026667920824,1.816112099825671,1.1308771168834713,0.38516266126315035,6.147909466136625,330,329,1,True
81,5,81:5,6,6.0,2.9641907751940266,2.9361026667920824,1.6728249997394034,1.1611627586281064,0.39547757364246594,5.327195887004328,330,329,1,True
81,6,81:6,5,,2.906452790908729,2.9361026667920824,1.4406067162599718,1.1114413132539842,0.378543068614259,4.223257358763064,330,231,99,False
81,7,81:7,7,,2.928945437378066,2.9361026667920824,1.8523010515731113,1.3822280827209144,0.47076966972381273,6.374470645348931,330,284,46,False
81,8,81:8,7,7.0,2.9636975391161737,2.9361026667920824,1.8010598363831878,1.2936956256130487,0.44061661747901704,6.056062499744637,330,314,16,True
81,9,81:9,8,,2.7352892957428323,2.9361026667920824,1.7529056161788155,1.2632150913303872,0.4302353271285798,5.771347658108305,330,207,123,False
81,10,81:10,6,,2.9741668748386667,2.9361026667920824,1.6368217621265428,1.1265038812445174,0.3836731916719075,5.1388111663738885,330,309,21,False
81,11,81:11,6,,2.828468526101484,2.9361026667920824,1.7040217345411017,1.5669848428783155,0.5336955211414207,5.496006483201134,330,205,125,False
81,12,81:12,6,,2.8614970332932805,2.9361026667920824,1.4717023702035654,1.1576751704465573,0.39428974454473226,4.356645455134493,330,226,104,False
81,13,81:13,6,,2.9505557476219098,2.9361026667920824,1.7302954155253902,1.1204248993909405,0.3816027661645397,5.642320491321334,330,292,38,False
81,14,81:14,7,7.0,2.965271801871402,2.9361026667920824,1.8489880166849788,1.3439079562140286,0.4577183119016581,6.3533867468382725,330,328,2,True
81,15,81:15,6,6.0,2.963956735321475,2.9361026667920824,1.7071648023410813,1.1257043777355886,0.3834008907343513,5.513307979852195,330,329,1,True
81,16,81:16,8,,2.8969121618468803,2.9361026667920824,1.8423643604116537,1.4011581370094464,0.47721701044613646,6.311443160154764,330,284,46,False
81,17,81:17,6,6.0,2.9648905455799617,2.9361026667920824,1.7255523122491379,1.2266230557055011,0.4177725355379623,5.615621750010484,330,330,0,True
81,18,81:18,6,6.0,2.9648905455799617,2.9361026667920824,1.7698000779363374,0.9683560811257034,0.32981002063654224,5.869679765580889,330,330,0,True
81,19,81:19,6,,2.935096279569438,2.9361026667920824,1.6975528300609282,1.2720126360073303,0.43323166127467255,5.46056808961206,330,274,56,False
81,20,81:20,6,,2.911608879913724,2.9361026667920824,1.6188154041931633,1.2162644202045028,0.41424451330013096,5.047107990981765,330,266,64,False
81,21,81:21,6,,2.9573253840437443,2.9361026667920824,1.6948386013121957,1.1217812162038006,0.38206471077846627,5.445766954638563,330,301,29,False
81,22,81:22,6,5.999999713397337,2.964542366067904,2.9361026667920824,1.6398873110391958,1.00299821961381,0.3416087015477775,5.154588614270587,330,322,8,True
81,23,81:23,8,7.954190215623101,2.9649516903382227,2.9361026667920824,1.6009229533206977,0.7965244763522515,0.27128631616363597,4.957605952370489,330,328,2,True
81,24,81:24,6,,2.8570978294867637,2.9361026667920824,1.5625498675746852,1.2758445300839996,0.4345367566720539,4.770971092792826,330,231,99,False
82,1,82:1,6,5.948484848477258,2.9648905455799617,2.9361026667920824,1.4056814114673648,0.9106394336469444,0.3101524493494255,4.07830479831705,330,330,0,True
82,2,82:2,8,7.999885421308611,2.9648905455799617,2.9361026667920824,1.7220511628687365,1.0108831764514083,0.34429421964180695,5.595994997544784,330,330,0,True
82,3,82:3,6,6.0,2.9648905455799617,2.9361026667920824,1.782026400029642,0.8312531239949753,0.2831144610154873,5.941884862917491,330,330,0,True
82,4,82:4,5,5.0,2.9648905455799617,2.9361026667920824,1.3601646928497602,0.5054878817939098,0.1721628768336613,3.8968350298158616,330,330,0,True
82,5,82:5,8,7.948484652878694,2.9648905455799617,2.9361026667920824,1.8272405972959802,1.188873272697733,0.40491542960814386,6.216708566359549,330,330,0,True
82,6,82:6,5,4.999885428530992,2.9648905455799617,2.9361026667920824,1.395025645026965,0.9364521948165188,0.318943954313309,4.0350780509907676,330,330,0,True
82,7,82:7,5,5.0,2.9648905455799617,2.9361026667920824,1.39351743710451,0.5686761355242931,0.19368400906280822,4.028996901278354,330,330,0,True
82,8,82:8,8,7.999880327724329,2.9648905455799617,2.9361026667920824,1.5339818891986594,0.7800950111134439,0.265690644927535,4.636602550965305,330,330,0,True
82,9,82:9,6,6.0,2.9648905455799617,2.9361026667920824,1.553553551897216,0.8811374849645649,0.3001044530664438,4.728242419253866,330,330,0,True
82,10,82:10,6,6.0,2.9648905455799617,2.9361026667920824,1.5586440183159689,1.0200055983434648,0.3474012029211156,4.75237274370485,330,330,0,True
82,11,82:11,7,6.999995094799492,2.9648905455799617,2.9361026667920824,1.4422862616687089,0.8624405175780957,0.29373649883993264,4.230356471241967,330,330,0,True
82,12,82:12,6,5.948484848484849,2.9648905455799617,2.9361026667920824,0.9804314887605249,0.48381348022416065,0.1647808456074065,2.6656061729240283,330,330,0,True
82,13,82:13,6,5.997494703877682,2.9648905455799617,2.9361026667920824,1.4927480827950583,0.8510418164532288,0.2898542432043282,4.449305794599322,330,330,0,True
82,14,82:14,5,5.0,2.9648905455799617,2.9361026667920824,1.4468288919999717,0.9767775936968012,0.3326782829307552,4.249617130767279,330,330,0,True
82,15,82:15,9,8.997494703632478,2.9648905455799617,2.9361026667920824,1.933495128564719,1.1474453099286255,0.39080558146227823,6.913632095558113,330,330,0,True
82,16,82:16,5,5.0,2.9648905455799617,2.9361026667920824,1.4799811688339313,1.1247836659430717,0.38308730776501904,4.392862957408001,330,330,0,True
82,17,82:17,7,6.999885428285787,2.9648905455799617,2.9361026667920824,1.5337536106052487,1.0522839025618822,0.3583947913209667,4.635544234656842,330,330,0,True
82,18,82:18,7,6.999885428530992,2.9648905455799617,2.9361026667920824,1.709755755368329,1.0131355255591434,0.3450613416955449,5.527611223367267,330,330,0,True
82,19,82:19,5,5.0,2.9648905455799617,2.9361026667920824,1.4796765108501606,0.8979089412392703,0.30581660218997203,4.391524840480769,330,330,0,True
82,20,82:20,6,5.948484848484849,2.9648905455799617,2.9361026667920824,1.4556203616357386,1.056290636693128,0.35975943506335445,4.287142219382287,330,330,0,True
83,1,83:1,12,11.896969501363543,2.9648905455799617,2.9361026667920824,2.1581018188167356,1.2228477687355057,0.416486719816089,8.654693879695753,330,330,0,True
83,2,83:2,10,9.999885428530991,2.9648905455799617,2.9361026667920824,2.025368949473036,1.2381360034933355,0.4216937021640644,7.578906662485132,330,330,0,True
83,3,83:3,7,6.948484652878694,2.9648905455799617,2.9361026667920824,1.5831145336804742,0.9646911690596615,0.32856179723226797,4.870100306406683,330,330,0,True
83,4,83:4,7,6.896969696969698,2.9648905455799617,2.9361026667920824,1.6082650765487736,1.0472068439604314,0.3566656083946088,4.994139258089389,330,330,0,True
83,5,83:5,8,7.999994899193337,2.9648905455799617,2.9361026667920824,1.7349763592027296,0.7299325714832429,0.24860594274816358,5.668793787416163,330,330,0,True
83,6,83:6,10,10.0,2.964408068307418,2.9361026667920824,2.26430577180599,1.066918829126812,0.36337926503520485,9.624440723208856,330,329,1,True
83,7,83:7,5,5.0,2.9648905455799617,2.9361026667920824,1.4630816652378265,0.8628322776649396,0.2938699274462531,4.319249521276264,330,330,0,True
83,8,83:8,6,5.948484848484849,2.9648905455799617,2.9361026667920824,1.566757151887808,0.19420076544908532,0.0661423619976016,4.7910862099664975,330,330,0,True
83,9,83:9,7,6.999999999992409,2.9648905455799617,2.9361026667920824,1.7889374776711402,0.8186708253161711,0.2788290867943769,5.983091919110085,330,330,0,True
83,10,83:10,6,6.0,2.9648905455799617,2.9361026667920824,1.7025812217841894,0.8973264132348836,0.3056182004068957,5.488095115331238,330,330,0,True
83,11,83:11,7,6.999885428530992,2.9648905455799617,2.9361026667920824,1.8121113870740646,0.7204842568922527,0.24538796447449743,6.12336258159756,330,330,0,True
83,12,83:12,9,8.948484848484636,2.9648905455799617,2.9361026667920824,1.9969530694763882,0.9336003407764295,0.31797264834627176,7.366576422759254,330,330,0,True
83,13,83:13,9,9.0,2.962104860679912,2.9361026667920824,2.1530146355958095,0.9852456493678681,0.33556239722513675,8.610777665832378,330,326,4,True
83,14,83:14,7,6.997494703877682,2.9648905455799617,2.9361026667920824,1.638360493593462,0.850854651139632,0.28979049702960696,5.146724503507207,330,330,0,True
84,1,84:1,15,14.889453612996592,2.9648905455799617,2.9361026667920824,2.3051921676440377,1.0606480380242878,0.36124351168657437,10.02610476024344,330,330,0,True
84,2,84:2,8,8.0,2.963956735321475,2.9361026667920824,1.8820126610844812,0.9917570180578469,0.3377800883037301,6.566708128787685,330,329,1,True
84,3,84:3,9,9.0,2.96452939467023,2.9361026667920824,2.0328096949009082,1.3434427679181544,0.45755987456186903,7.6355097008311,330,328,2,True
84,4,84:4,16,15.900507726090897,2.96574388165261,2.9361026667920824,2.3597748406854513,1.290059027241386,0.43937803736640946,10.588567069507418,330,329,1,True
84,5,84:5,20,19.891844322714515,2.9648905455799617,2.9361026667920824,2.485424244024788,1.411754432249716,0.4808259766311803,12.006212738541583,330,330,0,True
84,6,84:6,16,15.894115781239636,2.9648905455799617,2.9361026667920824,2.174720671754598,1.162597619076407,0.39596626924038525,8.79972676662178,330,330,0,True
84,7,84:7,9,8.951367781155005,2.9651487934141416,2.9361026667920824,2.0314288570780192,1.2312663939195478,0.41935399870223233,7.624973576252932,330,329,1,True
84,8,84:8,11,10.955479193041313,2.964061480694672,2.9361026667920824,2.0764811611262077,1.4031279367010008,0.47788789968779455,7.976351976416197,330,327,3,True
84,9,84:9,16,15.84533977837158,2.9648905455799617,2.9361026667920824,2.291645145481849,1.247308644851731,0.42481778956813915,9.891196760891571,330,330,0,True
84,10,84:10,13,12.997680602040376,2.965876076088758,2.9361026667920824,2.1391258452450748,1.1035032157875344,0.3758394514838939,8.492011051530513,330,329,1,True
84,11,84:11,14,13.951272422357746,2.96574388165261,2.9361026667920824,2.4060337130574894,1.5855574997754347,0.5400211367635104,11.089888121264254,330,329,1,True
84,12,84:12,14,13.948369690197163,2.9648905455799617,2.9361026667920824,2.134496810034215,1.3927364021963553,0.4743486724590686,8.452792076402254,330,330,0,True
84,13,84:13,8,7.948484652878694,2.9648905455799617,2.9361026667920824,1.6729151763788617,1.0309336853322286,0.35112317324332626,5.327676297287722,330,330,0,True
84,14,84:14,15,14.89674055403167,2.9648905455799617,2.9361026667920824,2.2479017485776502,1.1427524195176526,0.3892072414368934,9.467849052177831,330,330,0,True
84,15,84:15,9,8.94848484848485,2.9648905455799617,2.9361026667920824,1.936698818401015,1.2730642659972895,0.43358983335150536,6.93581674582926,330,330,0,True
84,16,84:16,17,16.94848484101726,2.9648905455799617,2.9361026667920824,2.6618620104754482,1.2457353060918361,0.4242819299819981,14.322933737339262,330,330,0,True
84,17,84:17,15,,2.9896525616328122,2.9361026667920824,2.399764651331465,1.5589628193935747,0.5309633198545,11.020582396014778,330,282,48,False
84,18,84:18,11,,2.953741671625227,2.9361026667920824,1.9833539477366025,1.355372837178181,0.4616231075662725,7.267075548866693,330,299,31,False
84,19,84:19,12,11.994979597354348,2.9648905455799617,2.9361026667920824,2.1243776287372436,1.2820574750551013,0.43665280834877873,8.367688058612416,330,330,0,True
84,20,84:20,11,10.987380942873495,2.954904072684974,2.9361026667920824,2.075852530344374,1.4390142340824121,0.49011032562245027,7.971339371740951,330,317,13,True
84,21,84:21,11,,2.9744097409581025,2.9361026667920824,1.9528305336442844,1.2796821926247746,0.435843816736465,7.048610700490035,330,296,34,False
84,22,84:22,14,13.999875610907587,2.9648905455799617,2.9361026667920824,2.3132772943509154,1.3859203846881973,0.4720272217873164,10.107495672152641,330,330,0,True
84,23,84:23,19,18.943469133766406,2.9648905455799617,2.9361026667920824,2.584450810226187,1.3098293985023293,0.4461115795836317,13.256007027032982,330,330,0,True
84,24,84:24,15,14.896854929641737,2.9648905455799617,2.9361026667920824,2.2128049000936976,1.2286600687038107,0.4184663167947789,9.14132095914328,330,330,0,True
84,25,84:25,14,13.840443953209913,2.9648905455799617,2.9361026667920824,2.187802391102156,1.1047602308345323,0.37626757515314263,8.915598571295321,330,330,0,True
85,1,85:1,7,7.0,2.9648905455799617,2.9361026667920824,1.414491633854724,0.8365832517615247,0.28492983614757456,4.114394315450777,330,330,0,True
85,2,85:2,6,5.999999999999788,2.9648905455799617,2.9361026667920824,1.4664180911570095,0.982403919666826,0.3345945394818832,4.333684444465925,330,330,0,True
85,3,85:3,8,7.945979552362531,2.9648905455799617,2.9361026667920824,1.475453765893881,0.9387224786108292,0.31971718469792326,4.373019649958274,330,330,0,True
85,4,85:4,7,7.0,2.9648905455799617,2.9361026667920824,1.5809884062913218,1.0100021575153213,0.34399415556501167,4.859756852404133,330,330,0,True
85,5,85:5,7,6.999999999999788,2.9648905455799617,2.9361026667920824,1.6170489847498564,1.0703308085737384,0.36454134273961103,5.038200550747946,330,330,0,True
85,6,85:6,8,7.948370277015841,2.9648905455799617,2.9361026667920824,1.5616262579873785,1.0095244200467766,0.34383144413330735,4.76656661247399,330,330,0,True
85,7,85:7,5,5.0,2.9648905455799617,2.9361026667920824,1.4190150427283823,0.9496543458474533,0.32344044252547327,4.133047559526225,330,330,0,True
85,8,85:8,6,5.948484848484849,2.9648905455799617,2.9361026667920824,1.5103348388554516,0.9677602874458041,0.3296071007296065,4.5282467734625556,330,330,0,True
85,9,85:9,7,6.99749470387747,2.9648905455799617,2.9361026667920824,1.646333599592441,1.1179881262347653,0.3807728315768512,5.187923908879219,330,330,0,True
85,10,85:10,7,7.0,2.9648905455799617,2.9361026667920824,1.4223108940480444,0.8741132341131529,0.29771208071146527,4.1466919423569335,330,330,0,True
85,11,85:11,6,5.999999999999788,2.9648905455799617,2.9361026667920824,1.364067893579443,0.8527507771553662,0.290436293934865,3.912074881900354,330,330,0,True
85,12,85:12,7,6.999999999999995,2.9648905455799617,2.9361026667920824,1.4647128990771143,0.8991624259482313,0.3062435234700547,4.326300976978661,330,330,0,True
85,13,85:13,7,6.999999999999995,2.9648905455799617,2.9361026667920824,1.6194872232513537,1.0034007854652598,0.34174581046294006,5.050499873556956,330,330,0,True
85,14,85:14,6,5.999999999999995,2.9648905455799617,2.9361026667920824,1.5269781150254504,1.1245712325784363,0.38301495560682036,4.604242288034456,330,330,0,True
85,15,85:15,7,6.999999999999788,2.9648905455799617,2.9361026667920824,1.6487137551661637,1.053562474272638,0.3588302569214093,5.200286681711915,330,330,0,True
85,16,85:16,6,5.997494703877682,2.9648905455799617,2.9361026667920824,1.550611703391305,1.1243680913641299,0.38294576823929266,4.714353086530629,330,330,0,True
85,17,85:17,7,6.999885421308611,2.9648905455799617,2.9361026667920824,1.5510259602066925,1.0484826493170636,0.35710013180929107,4.716306443994754,330,330,0,True
85,18,85:18,7,7.0,2.9648905455799617,2.9361026667920824,1.6712644894510331,1.0360007118065933,0.3528489393521459,5.3188892260151555,330,330,0,True
85,19,85:19,9,8.945864980893523,2.9648905455799617,2.9361026667920824,1.517446704830403,0.8421707726626346,0.28683287617553604,4.560565845851453,330,330,0,True
85,20,85:20,6,6.0,2.9648905455799617,2.9361026667920824,1.4723392946670564,0.9841929875048326,0.3352038737051859,4.3594211930774875,330,330,0,True
85,21,85:21,5,5.0,2.9648905455799617,2.9361026667920824,1.4269700423468477,1.0296431215112727,0.35068362327950775,4.166057072541541,330,330,0,True
85,22,85:22,7,6.948484841262468,2.9648905455799617,2.9361026667920824,1.577236347237146,1.0764709577959732,0.3666326010909218,4.84155692266203,330,330,0,True
85,23,85:23,7,6.999999999992409,2.9648905455799617,2.9361026667920824,1.6581672782105066,1.1126367402492818,0.37895021616016,5.249680818139585,330,330,0,True
85,24,85:24,7,7.0,2.9648905455799617,2.9361026667920824,1.6437268410962054,1.1699552023120063,0.3984721704538596,5.174417855309885,330,330,0,True
85,25,85:25,7,6.948484848484849,2.9648905455799617,2.9361026667920824,1.4371717512115296,0.9457221196648513,0.32210117526241866,4.208775503917015,330,330,0,True
86,1,86:1,15,14.94586006822543,2.9648905455799617,2.9361026667920824,2.2317079925586305,1.059117414059227,0.36072220022755336,9.315763754233915,330,330,0,True
86,2,86:2,12,11.999885428523188,2.9648905455799617,2.9361026667920824,2.26880174531489,1.2137045027398812,0.41337263729471235,9.667809372834636,330,330,0,True
86,3,86:3,16,15.996815286624203,2.957619731453887,2.9361026667920824,2.3526107683308486,0.9959006311696658,0.33919135132211287,10.512980884620086,330,322,8,True
86,4,86:4,15,14.842834482257066,2.9648905455799617,2.9361026667920824,2.180013396050924,1.096804400685444,0.37355791849192627,8.84642476508377,330,330,0,True
86,5,86:5,16,15.943354772348105,2.9648905455799617,2.9361026667920824,2.2788429311625715,1.0702562412305423,0.3645159460312331,9.76537465932052,330,330,0,True
86,6,86:6,15,14.851875512005956,2.9672967032613595,2.9361026667920824,2.1836046285954036,1.0729624766681658,0.3654376561159081,8.878251447906406,330,329,1,True
86,7,86:7,9,8.997380132408674,2.9648905455799617,2.9361026667920824,1.810390261898394,0.7972292585776364,0.2715263562117433,6.112832572429948,330,330,0,True
86,8,86:8,15,14.949044590898584,2.9641907751940266,2.9361026667920824,2.254050391584476,1.0597597404526362,0.36094096859715913,9.526242813269064,330,329,1,True
86,9,86:9,15,14.951272141664695,2.9672967032613595,2.9361026667920824,2.1941055791011324,0.9965262529814436,0.3394044303192657,8.971972747081516,330,329,1,True
86,10,86:10,9,8.997380132408674,2.9648905455799617,2.9361026667920824,1.8042274759672363,0.8678508900309845,0.29557920431276274,6.075276338234107,330,330,0,True
86,11,86:11,15,14.945860068470422,2.9648905455799617,2.9361026667920824,2.253473115938458,1.0481986762322528,0.35700341411340714,9.520745132286256,330,330,0,True
86,12,86:12,9,8.949143746756606,2.9641907751940266,2.9361026667920824,1.7927719517291694,0.8342297217301236,0.28412825313141504,6.006077971407311,330,329,1,True
86,13,86:13,13,12.896964596163034,2.9648905455799617,2.9361026667920824,2.147233614369133,1.1471008000205836,0.3906882456783704,8.561142187480566,330,330,0,True
86,14,86:14,15,14.94836987809074,2.9648905455799617,2.9361026667920824,2.1972955194088075,1.1512938065264993,0.3921163314716022,9.000638501301328,330,330,0,True
86,15,86:15,13,12.896964596163034,2.9648905455799617,2.9361026667920824,2.1453472314059145,1.1620522252022043,0.3957805148795548,8.545007817297364,330,330,0,True
86,16,86:16,15,14.94585988008665,2.9648905455799617,2.9361026667920824,2.2537707991033167,0.968391085870029,0.3298219428164856,9.523579719712593,330,330,0,True
86,17,86:17,9,8.94837027701584,2.9648905455799617,2.9361026667920824,1.801969653244627,0.8811797252852437,0.300118839593576,6.06157491478466,330,330,0,True
86,18,86:18,15,14.945860068470422,2.9648905455799617,2.9361026667920824,2.2408810293932295,1.058994980856178,0.36068050100346505,9.401610735090179,330,330,0,True
86,19,86:19,9,8.94837027701584,2.9648905455799617,2.9361026667920824,1.7997619401451523,0.8635263853215298,0.2941063318691777,6.0482074576263924,330,330,0,True
86,20,86:20,15,14.898283696452449,2.965876076088758,2.9361026667920824,2.173222702907397,1.0351980314798177,0.3525755564299974,8.786554918033962,330,329,1,True
86,21,86:21,9,8.94837027701584,2.9648905455799617,2.9361026667920824,1.8021515320732684,0.8836307484054714,0.3009536275415416,6.062677487194133,330,330,0,True
86,22,86:22,15,14.891954199524346,2.9648905455799617,2.9361026667920824,2.1777929124993505,1.0695343212321244,0.36427006907107673,8.826803217126997,330,330,0,True
86,23,86:23,13,12.914370882239002,2.9636937811933164,2.9361026667920824,2.134818444356484,1.1605843709149188,0.3952805819910059,8.455511221714817,330,327,3,True
86,24,86:24,9,8.997380132408674,2.9648905455799617,2.9361026667920824,1.807520939053601,0.9074123035318679,0.3090533290252025,6.0953180217501295,330,330,0,True
86,25,86:25,15,14.945860068470422,2.9648905455799617,2.9361026667920824,2.2414696084581878,1.0706665718239252,0.36465569952079047,9.407145955143267,330,330,0,True
87,1,87:1,8,7.999999804393845,2.9648905455799617,2.9361026667920824,1.8948799650199055,1.2677228462121177,0.43177061229851416,6.651749914041904,330,330,0,True
87,2,87:2,8,,2.996201546921117,2.9361026667920824,1.8235206558799444,1.3121989866865773,0.4469186318066512,6.1936257347011425,330,183,147,False
87,3,87:3,8,,2.996811496465666,2.9361026667920824,1.831801073179155,1.1487634508929685,0.391254523857669,6.24512446160231,330,168,162,False
87,4,87:4,7,,2.8154315711728364,2.9361026667920824,1.897570357048409,1.557133617453259,0.5303403164558095,6.669669823968647,330,166,164,False
87,5,87:5,6,6.0,2.9648905455799617,2.9361026667920824,1.748904632905815,0.897001277336902,0.30550746316951677,5.748302724603961,330,330,0,True
87,6,87:6,6,6.0,2.9648905455799617,2.9361026667920824,1.714242914042438,0.9809730755154045,0.334107211784659,5.55247022344374,330,330,0,True
87,7,87:7,6,6.0,2.9648905455799617,2.9361026667920824,1.76415326754322,1.1044403362697939,0.376158623048587,5.836628202655607,330,330,0,True
87,8,87:8,6,5.999999992777619,2.9648905455799617,2.9361026667920824,1.6265950621441643,1.048162942704971,0.3569912437190657,5.086525894890607,330,330,0,True
87,9,87:9,6,6.0,2.9648905455799617,2.9361026667920824,1.7464754216656442,1.0287148166735276,0.35036745421354,5.734355829848663,330,330,0,True
87,10,87:10,5,5.0,2.9648905455799617,2.9361026667920824,1.583660218865601,1.0247299598697461,0.3490102616164108,4.872758573216416,330,330,0,True
87,11,87:11,6,5.951367781155005,2.964408068307418,2.9361026667920824,1.5865645068131717,0.9869063725318568,0.33612801885096466,4.886931037709008,330,329,1,True
87,12,87:12,8,8.0,2.9648905455799617,2.9361026667920824,2.0658183725857615,0.9506127630545116,0.32376686748938827,7.891753650530188,330,330,0,True
87,13,87:13,6,6.0,2.9648905455799617,2.9361026667920824,1.6945278151030354,0.9072765645647385,0.3090070980235878,5.444074748341571,330,330,0,True
87,14,87:14,6,5.997494703877682,2.9648905455799617,2.9361026667920824,1.6158521327440747,0.9774421690661834,0.33290462902447276,5.03217417737116,330,330,0,True
87,15,87:15,5,5.0,2.9648905455799617,2.9361026667920824,1.5998435945827933,0.9536016538921669,0.32478484648292283,4.952257803871341,330,330,0,True
87,16,87:16,6,6.0,2.9648905455799617,2.9361026667920824,1.783663619626741,0.9088493477434147,0.3095427683856854,5.95162100118215,330,330,0,True
87,17,87:17,7,6.999904781397785,2.9672967032613595,2.9361026667920824,1.6345912894328662,0.8044373683671895,0.27398134863114276,5.127361961705177,330,329,1,True
87,18,87:18,7,6.948484848484849,2.9648905455799617,2.9361026667920824,1.7090990784821352,0.9324844976137585,0.31759260606256984,5.523982560400963,330,330,0,True
87,19,87:19,6,6.0,2.9648905455799617,2.9361026667920824,1.743038885859151,0.7424863484400704,0.25288160282599853,5.714683332693303,330,330,0,True
87,20,87:20,7,7.0,2.9667442852862216,2.9361026667920824,1.8962744130292684,1.1689624824193094,0.3981340624224461,6.661031903590186,330,328,2,True
87,21,87:21,7,6.999999999999788,2.9648905455799617,2.9361026667920824,1.6953202798888682,0.7974525334462754,0.2716024008511778,5.44839069576338,330,330,0,True
87,22,87:22,6,5.997494703877682,2.9648905455799617,2.9361026667920824,1.6017326089693518,0.9141292072963423,0.3113410227902891,4.961621531432397,330,330,0,True
87,23,87:23,6,5.999999999754795,2.9648905455799617,2.9361026667920824,1.5932296029379365,1.000167512750381,0.3406445980457287,4.9196116916982175,330,330,0,True
87,24,87:24,7,6.948484848484849,2.9648905455799617,2.9361026667920824,1.730794837425689,1.0477291680218936,0.35684350546454774,5.645139093520452,330,330,0,True
87,25,87:25,8,7.948370277015841,2.9648905455799617,2.9361026667920824,1.6273812117383308,1.0120340754005206,0.3446862014897611,5.0905262373863795,330,330,0,True
88,1,88:1,15,14.791429192370943,2.9648905455799617,2.9361026667920824,2.090848412872157,1.0593668014316509,0.36080713846055334,8.09177742100259,330,330,0,True
88,2,88:2,11,10.902640203512648,2.965876076088758,2.9361026667920824,1.858285333752034,1.13893756544037,0.38790794965107495,6.412731644557477,330,329,1,True
88,3,88:3,8,7.999999999999995,2.9648905455799617,2.9361026667920824,1.9644563041288223,1.132162873235567,0.38560057386295077,7.131034422009497,330,330,0,True
88,4,88:4,8,7.99999993374036,2.9650101831392237,2.9361026667920824,1.874845814116459,1.2257804643728185,0.4174855594242819,6.519813779579301,330,327,3,True
88,5,88:5,9,8.948484834040087,2.9648905455799617,2.9361026667920824,1.8887492552177303,1.249843880827865,0.4256812593659796,6.611094715591525,330,330,0,True
88,6,88:6,8,,2.668896705636677,2.9361026667920824,1.6670233267560914,1.3102428470323533,0.446252395003576,5.296378720551488,330,141,189,False
88,7,88:7,7,7.0,2.9648905455799617,2.9361026667920824,1.82273228330132,0.9266634662594317,0.3156100352825478,6.188744774270129,330,330,0,True
88,8,88:8,8,7.997775965601601,2.9672967032613595,2.9361026667920824,1.8210158081666374,1.0415120205288397,0.3547260224611872,6.17813105944491,330,329,1,True
88,9,88:9,9,8.95136764095574,2.9641907751940266,2.9361026667920824,1.8288882370993451,0.9702785318874022,0.3304647834224087,6.2269599057777105,330,329,1,True
88,10,88:10,10,9.954268292680819,2.9639173631900304,2.9361026667920824,2.037941279433684,1.242513177148817,0.4231845129946896,7.6747926700466715,330,328,2,True
88,11,88:11,8,8.0,2.961686732886388,2.9361026667920824,2.0162807556936313,0.9350609553072541,0.3184701154639391,7.51034013498337,330,328,2,True
88,12,88:12,7,6.9999999999958815,2.96574388165261,2.9361026667920824,1.5897673974821582,0.9690953789354683,0.3300618162628078,4.902608436624792,330,329,1,True
88,13,88:13,9,8.996815286624203,2.9713581054556726,2.9361026667920824,1.853964392682483,1.1621717022086306,0.39582120725989206,6.385082387450634,330,314,16,True
88,14,88:14,9,8.99999999999824,2.9723675565337215,2.9361026667920824,1.9167566413096642,1.0770680227432285,0.36683595397568575,6.7988714917200435,330,323,7,True
88,15,88:15,11,,2.9960192796213754,2.9361026667920824,2.0057147707473906,1.2614911429962377,0.4296481717972463,7.431403748880022,330,294,36,False
88,16,88:16,10,9.999921922940171,2.9641080362199563,2.9361026667920824,1.9486845695802433,1.154630527118972,0.39325277694750865,7.019447909539331,330,328,2,True
88,17,88:17,10,9.998042067574529,2.964419785525106,2.9361026667920824,2.0357972386641774,1.0545706747299124,0.35917363744031194,7.658355229232992,330,328,2,True
88,18,88:18,10,9.954268292680819,2.962729346517891,2.9361026667920824,2.022430209283776,1.1250604772168384,0.3831815862372597,7.556666919304537,330,328,2,True
88,19,88:19,10,9.926153846153849,2.961188567270195,2.9361026667920824,1.9842854010350743,1.2855391807668557,0.43783863395056477,7.273847643812391,330,325,5,True
88,20,88:20,10,9.999999859796718,2.9641907751940266,2.9361026667920824,2.0108449983151826,1.1621519868165389,0.3958144924428951,7.469626503140965,330,329,1,True
88,21,88:21,11,,2.947265086486355,2.9361026667920824,2.103020821347675,1.4324150997495846,0.48786274265899837,8.190875750141583,330,156,174,False
88,22,88:22,18,17.84433590341706,2.9669477963941935,2.9361026667920824,2.2820559613434575,1.2750910056800224,0.43428011564498775,9.796801563588062,330,323,7,True
88,23,88:23,10,9.99777596084175,2.9634264472403125,2.9361026667920824,1.9681728228147417,1.1243992809595005,0.3829563910270185,7.157586354503061,330,329,1,True
88,24,88:24,12,11.95126862514972,2.964408068307418,2.9361026667920824,1.954312573008002,1.1483103328836164,0.3911001975071374,7.059064763760843,330,329,1,True
89,1,89:1,9,,2.9301357850809535,2.9361026667920824,1.965041698725827,1.2394276739645484,0.4221336290391774,7.135210113125459,330,259,71,False
89,2,89:2,8,8.0,2.963703148534635,2.9361026667920824,1.9845800242276537,1.204210142375194,0.4101389764040118,7.275991003753817,330,329,1,True
89,3,89:3,5,5.0,2.9648905455799617,2.9361026667920824,1.535769215792556,1.0584290169471546,0.3604877407449684,4.644897084321902,330,330,0,True
89,4,89:4,8,7.999999804393845,2.9648905455799617,2.9361026667920824,1.872627503728449,1.1243524203412671,0.38294043088408364,6.505366838767938,330,330,0,True
89,5,89:5,9,8.99894889729771,2.961302413686117,2.9361026667920824,1.9320039494521357,0.853891440767508,0.29082478975452514,6.9033303145943625,330,324,6,True
89,6,89:6,5,5.0,2.9648905455799617,2.9361026667920824,1.546850105073563,0.9314500969735884,0.3172403020876886,4.696652895266848,330,330,0,True
89,7,89:7,6,6.0,2.9648905455799617,2.9361026667920824,1.6945836135500119,1.0323259982759772,0.35159737769111205,5.444378527732883,330,330,0,True
89,8,89:8,7,,2.941576076412927,2.9361026667920824,1.7213798922907955,1.1019958496194309,0.37532606134084745,5.592239831255957,330,295,35,False
89,9,89:9,5,,2.9354552460779537,2.9361026667920824,1.4646126311770962,1.1402871698527037,0.3883676081049833,4.325867209611688,330,272,58,False
89,10,89:10,9,9.0,2.955630727254246,2.9361026667920824,2.0261602031976187,1.3228960755602408,0.4505619270478734,7.584905873746215,330,314,16,True
89,11,89:11,5,,2.8530868333226187,2.9361026667920824,1.4552884750760553,1.1859786918584705,0.4039295714254581,4.285719610585651,330,255,75,False
89,12,89:12,7,7.0,2.9648905455799617,2.9361026667920824,1.7737632785516018,0.9917086165167951,0.337763603341675,5.8929886424074445,330,330,0,True
89,13,89:13,6,5.960122699386497,2.962324153423181,2.9361026667920824,1.617095898948988,1.0804604375115974,0.36799136819424755,5.03843691943633,330,326,4,True
89,14,89:14,7,,2.8565412690735545,2.9361026667920824,1.8507630318730246,1.3507377107578802,0.4600444412366768,6.364674119474797,330,212,118,False
89,15,89:15,6,6.0,2.9648905455799617,2.9361026667920824,1.6415048721881882,1.0585921201704533,0.3605432916714205,5.162933223690595,330,330,0,True
89,16,89:16,8,7.999999999999897,2.964408068307418,2.9361026667920824,1.7478967680882025,1.0371482550318627,0.3532397782823537,5.742512131084756,330,329,1,True
89,17,89:17,8,7.999999999999782,2.9648905455799617,2.9361026667920824,1.8521454094901064,1.0329433880577799,0.35180765296138294,6.373478586664678,330,330,0,True
89,18,89:18,10,9.896969501363543,2.9648905455799617,2.9361026667920824,1.9896794664106776,1.0159038714838395,0.34600420583854874,7.313189263780262,330,330,0,True
89,19,89:19,10,9.997375227208167,2.9648905455799617,2.9361026667920824,1.887711982740941,1.0496776912534178,0.35750714820891166,6.604240764323632,330,330,0,True
89,20,89:20,8,7.948484848484637,2.9648905455799617,2.9361026667920824,1.7934407657642677,1.125653223762311,0.38338346832816084,6.010096264246021,330,330,0,True
89,21,89:21,7,6.957184404156132,2.962570837118003,2.9361026667920824,1.5942145294664207,1.0658019625358377,0.36299887418456933,4.924459534755929,330,327,3,True
89,22,89:22,7,6.999999838773484,2.9629923464908807,2.9361026667920824,1.6688558803019877,1.0421761914673198,0.35495223081077654,5.306093516879746,330,321,9,True
89,23,89:23,6,6.0,2.965271801871402,2.9361026667920824,1.663369531247974,1.0991535422953556,0.37435800686638293,5.277062146668531,330,328,2,True
89,24,89:24,7,7.0,2.9648905455799617,2.9361026667920824,1.7316932771556721,1.1249870396164356,0.38315657430520655,5.650213189806886,330,330,0,True
89,25,89:25,5,5.0,2.9648905455799617,2.9361026667920824,1.5542525390242117,1.075322719755758,0.3662415255153971,4.731548555176855,330,330,0,True
89,26,89:26,7,7.0,2.9648009463961706,2.9361026667920824,1.7255625887175732,1.1375256518617387,0.38742706947116834,5.615679459066665,330,329,1,True
90,1,90:1,6,6.0,2.9648905455799617,2.9361026667920824,1.736199924816244,0.6569489833163864,0.2237486416080108,5.675734173707677,330,330,0,True
90,2,90:2,7,7.0,2.9648905455799617,2.9361026667920824,1.801085810175144,1.144261153236709,0.389721097350762,6.056219800694921,330,330,0,True
90,3,90:3,7,,2.9158872190441016,2.9361026667920824,1.6448694663658379,1.318863088435287,0.44918834186280215,5.180333655034492,330,280,50,False
90,4,90:4,7,7.0,2.963956735321475,2.9361026667920824,1.8745748521011159,1.170475746508614,0.39864946132399676,6.518047397020021,330,329,1,True
90,5,90:5,7,6.999999999999788,2.9648905455799617,2.9361026667920824,1.8186349076241493,1.2027186267986567,0.40963098477503823,6.163439040911733,330,330,0,True
90,6,90:6,7,6.948484848484849,2.9648905455799617,2.9361026667920824,1.571662855856677,0.9542914004775115,0.325019765579297,4.814647605966631,330,330,0,True
90,7,90:7,5,5.0,2.9648905455799617,2.9361026667920824,1.5656978260775198,0.7805547242426528,0.26584721749374957,4.7860135759453994,330,330,0,True
90,8,90:8,7,7.0,2.9648905455799617,2.9361026667920824,1.6510692201060546,0.8895634163722812,0.30297422036137367,5.212550212156011,330,330,0,True
90,9,90:9,5,5.0,2.9648905455799617,2.9361026667920824,1.5848998179819163,0.8932160486142421,0.30421826141050756,4.878802585740146,330,330,0,True
90,10,90:10,7,7.0,2.9648905455799617,2.9361026667920824,1.7661830868302868,1.1475665281046796,0.39084686686330494,5.848487535231924,330,330,0,True
90,11,90:11,7,6.945979552362531,2.9648905455799617,2.9361026667920824,1.6296146686901476,1.0853432206862272,0.3696543833298745,5.101908414669661,330,330,0,True
90,12,90:12,7,6.997494703877682,2.9648905455799617,2.9361026667920824,1.7493698522452799,1.127922310234921,0.3841562909199162,5.750977568346822,330,330,0,True
90,13,90:13,7,6.999995094799492,2.9648905455799617,2.9361026667920824,1.7803287751542372,1.1339952109586497,0.3862246452701964,5.9318063285731855,330,330,0,True
90,14,90:14,7,6.9999999999848175,2.9648905455799617,2.9361026667920824,1.5374457277823315,0.980039652865277,0.3337892996555347,4.652690841313073,330,330,0,True
90,15,90:15,7,6.896969696969698,2.9648905455799617,2.9361026667920824,1.5623265739766004,0.9896352688113069,0.33705744693613165,4.7699058844226885,330,330,0,True
90,16,90:16,7,7.0,2.9648905455799617,2.9361026667920824,1.8523434736297455,1.0119038948381902,0.3446418636115926,6.374741069239589,330,330,0,True
90,17,90:17,7,7.0,2.9651431861040334,2.9361026667920824,1.811815999190464,1.0488292384384372,0.35721817574736364,6.121554081601706,330,327,3,True
90,18,90:18,7,6.997489798677174,2.9648905455799617,2.9361026667920824,1.4388098760109687,0.7596219818111194,0.258717786132821,4.215675653555356,330,330,0,True
90,19,90:19,7,6.997494703877682,2.9648905455799617,2.9361026667920824,1.7012251888217205,1.097549884247856,0.3738118209085016,5.480658120998025,330,330,0,True
90,20,90:20,7,6.954268292682928,2.9637139603321527,2.9361026667920824,1.633994093942037,1.0814056763924165,0.36831330478437774,5.124300838397293,330,328,2,True
90,21,90:21,7,6.999995094799492,2.9648905455799617,2.9361026667920824,1.655853190962751,1.1162541935267605,0.3801822756921351,5.237546643887365,330,330,0,True
90,22,90:22,7,7.0,2.9648905455799617,2.9361026667920824,1.7315302252565443,1.0703955317346567,0.3645633866421115,5.649291986919792,330,330,0,True
90,23,90:23,7,7.0,2.9648905455799617,2.9361026667920824,1.7644866666619814,1.1090425672817552,0.37772608561180504,5.8385744537760855,330,330,0,True
90,24,90:24,7,7.0,2.9634033623773655,2.9361026667920824,1.8026544344516708,1.2265273666242613,0.41773994502867184,6.065727188908777,330,327,3,True
90,25,90:25,7,,2.9430115212650185,2.9361026667920824,1.7106737138051542,1.1447392407009354,0.3898839279866364,5.532687670352446,330,299,31,False
91,1,91:1,20,19.894115585388274,2.9648905455799617,2.9361026667920824,2.5355831041219674,1.417341614401331,0.48272890128528295,12.623789686144818,330,330,0,True
91,2,91:2,10,,2.983468718032776,2.9361026667920824,1.8057788573388789,1.138621077909578,0.38780015793984784,6.084708723494406,330,252,78,False
91,3,91:3,14,13.845454530764576,2.9648905455799617,2.9361026667920824,2.1196727091299294,1.3469604767278078,0.45875796237039135,8.328411228614858,330,330,0,True
91,4,91:4,15,14.945978965544061,2.9648905455799617,2.9361026667920824,2.224769151885585,1.2302541778665426,0.4190092505214369,9.25134690139386,330,330,0,True
91,5,91:5,11,11.0,2.9907419319469604,2.9361026667920824,2.0307563394944044,1.0953322526425564,0.37305652320369675,7.61984737137297,330,313,17,True
91,6,91:6,11,10.90051152791161,2.96574388165261,2.9361026667920824,1.7523888233714366,1.0658484954235001,0.36301472270655355,5.768365837707744,330,329,1,True
91,7,91:7,14,13.999995094784303,2.9648905455799617,2.9361026667920824,2.3333356700453147,1.2955090884414697,0.44123426033222224,10.312282598131914,330,330,0,True
91,8,91:8,12,11.999995094309082,2.9648905455799617,2.9361026667920824,2.1264919791724575,1.2288547016909408,0.41853260636609785,8.385399000471661,330,330,0,True
92,1,92:1,6,6.0,2.9648905455799617,2.9361026667920824,1.5165548482964335,1.0271994618322973,0.34985134322792316,4.556500288619604,330,330,0,True
92,2,92:2,6,6.0,2.9627894592412627,2.9361026667920824,1.6996748388403389,1.021632102219392,0.3479551698836211,5.472167765993645,330,327,3,True
92,3,92:3,10,9.963038113130994,2.9666736874344526,2.9361026667920824,1.8239461595215691,1.113791540373019,0.37934352669960336,6.196261705773994,330,325,5,True
92,4,92:4,14,,2.8624874726828597,2.9361026667920824,2.2528603230216553,1.230487429278707,0.4190886930473412,9.514912674333482,330,221,109,False
92,5,92:5,9,8.99999999999508,2.9587907064553405,2.9361026667920824,1.8591492605211295,1.1209781381870125,0.3817911924080527,6.418274168911084,330,320,10,True
92,6,92:6,7,6.999999999999989,2.9648905455799617,2.9361026667920824,1.6428511219987236,0.9897993089535546,0.33711331696550867,5.169888502285568,330,330,0,True
92,7,92:7,13,,2.940387035955497,2.9361026667920824,2.3199317261795662,1.318032479444297,0.4489054467854657,10.17497959762844,330,264,66,False
92,8,92:8,12,,2.919841251492313,2.9361026667920824,2.189201032282903,1.323973404539821,0.45092885188049764,8.928077019009375,330,253,77,False
92,9,92:9,7,7.0,2.962455011797896,2.9361026667920824,1.4647419597182811,0.968035220007631,0.32970073933595917,4.326426703885776,330,317,13,True
93,1,93:1,7,,2.927532137181966,2.9361026667920824,1.6222596098748345,1.0655801725334901,0.3629233352721001,5.064521239190727,330,294,36,False
93,2,93:2,9,,2.9419806344956845,2.9361026667920824,1.597918990064821,0.9628318360878098,0.3279285315795096,4.942735832082006,330,281,49,False
93,3,93:3,7,6.984276729559747,2.9570794369184914,2.9361026667920824,1.5814037658181568,1.0476244214697408,0.3568078300934725,4.861775817980147,330,318,12,True
93,4,93:4,7,7.0,2.9620352170472573,2.9361026667920824,1.8303522275641708,0.8338137954559479,0.2839865938226723,6.236082791984431,330,324,6,True
93,5,93:5,8,7.999996198179492,2.9648009463961706,2.9361026667920824,1.812202163294035,0.9936132186644007,0.33841228711188065,6.123918462536229,330,329,1,True
93,6,93:6,6,6.0,2.9571289298960965,2.9361026667920824,1.4804873226295336,0.9673021902150768,0.32945107851828925,4.395086984469842,330,322,8,True
94,1,94:1,6,5.999885428530992,2.9648905455799617,2.9361026667920824,1.6321214080181086,0.85446521520321,0.2910202101811306,5.114713612080966,330,330,0,True
94,2,94:2,7,7.0,2.9648905455799617,2.9361026667920824,1.8862578899034543,1.2742633468853415,0.4339982253677703,6.594644563705324,330,330,0,True
94,3,94:3,6,5.999999999999995,2.9648905455799617,2.9361026667920824,1.657686560240751,0.9828097163165491,0.334732748766699,5.247157808711395,330,330,0,True
94,4,94:4,6,6.0,2.9648905455799617,2.9361026667920824,1.7307185533000762,1.1737203693089477,0.399754539438952,5.6447084754456105,330,330,0,True
94,5,94:5,5,5.0,2.9648905455799617,2.9361026667920824,1.5232149423957793,1.0130372905711804,0.3450278840821331,4.586948290034743,330,330,0,True
94,6,94:6,7,7.0,2.9648905455799617,2.9361026667920824,1.8354286954529566,1.1140055252205792,0.379416407273563,6.267820555740825,330,330,0,True
94,7,94:7,7,7.0,2.9648905455799617,2.9361026667920824,1.9272325230024314,1.2107749806362194,0.4123748785525555,6.870470039276452,330,330,0,True
94,8,94:8,7,7.0,2.9648905455799617,2.9361026667920824,1.8440847471704653,1.1014993757733713,0.37515696853231767,6.322310628840702,330,330,0,True
94,9,94:9,6,6.0,2.9648905455799617,2.9361026667920824,1.7013568352249722,1.1005121187015428,0.37482072106965414,5.481379677421218,330,330,0,True
94,10,94:10,9,9.0,2.9648905455799617,2.9361026667920824,2.095392589507096,1.295196683882958,0.4411278592305016,8.128631559332986,330,330,0,True
94,11,94:11,7,7.0,2.9648905455799617,2.9361026667920824,1.8904366764328848,1.2198815618365932,0.4154764666895683,6.6222598345500225,330,330,0,True
94,12,94:12,7,7.0,2.9648905455799617,2.9361026667920824,1.9121303967993932,1.30396736057179,0.44411504247447675,6.767490892934506,330,330,0,True
94,13,94:13,7,7.0,2.9648905455799617,2.9361026667920824,1.902237434683028,1.3238962143232718,0.45090256185412275,6.700870442054515,330,330,0,True
94,14,94:14,6,6.0,2.9648905455799617,2.9361026667920824,1.648830066747504,1.1206843645440352,0.38169113676412036,5.200891570456389,330,330,0,True
94,15,94:15,6,6.0,2.9648905455799617,2.9361026667920824,1.6868131219124691,1.0786149784216321,0.3673628278128645,5.4022369722576675,330,330,0,True
94,16,94:16,6,6.0,2.9648905455799617,2.9361026667920824,1.7382056158498196,0.9690870216764744,0.33005896988448175,5.687129366646948,330,330,0,True
94,17,94:17,6,6.0,2.9648905455799617,2.9361026667920824,1.6686723487555288,0.9760735621915496,0.3324384985685752,5.305119770690243,330,330,0,True
94,18,94:18,6,5.997494703877682,2.9648905455799617,2.9361026667920824,1.5923337710474146,1.1313893001360442,0.38533710449988245,4.915206520097013,330,330,0,True
94,19,94:19,6,6.0,2.9648905455799617,2.9361026667920824,1.762288400570095,1.0146496442242694,0.34557703165497683,5.825753810285171,330,330,0,True
94,20,94:20,7,6.999999999999995,2.9648905455799617,2.9361026667920824,1.8144507713706728,0.9031392212796165,0.307597970430089,6.137704248658083,330,330,0,True
94,21,94:21,5,5.0,2.9648905455799617,2.9361026667920824,1.5019198036446357,1.006195812428327,0.3426977618353084,4.490301297596929,330,330,0,True
94,22,94:22,6,6.0,2.9648905455799617,2.9361026667920824,1.7545538443166413,1.0599466315548491,0.3610046213788982,5.780867999403486,330,330,0,True
94,23,94:23,7,6.999999999992409,2.9648905455799617,2.9361026667920824,1.766168836893109,1.2098461093038073,0.4120585165455597,5.848404195245758,330,330,0,True
94,24,94:24,8,7.999995094799492,2.9648905455799617,2.9361026667920824,1.8567033011614367,1.2542629132096295,0.4271863267574386,6.402594514850108,330,330,0,True
94,25,94:25,6,5.997494703877682,2.9648905455799617,2.9361026667920824,1.5845208719351456,0.7757288572705886,0.26420358730784166,4.8769541330413455,330,330,0,True
95,1,95:1,8,,2.869426999904128,2.9361026667920824,1.7425857340509625,1.18464307398776,0.40347467661342834,5.7120943002645355,330,238,92,False
95,2,95:2,10,9.999904781401904,2.9648009463961706,2.9361026667920824,2.083191086240703,1.0478108633599574,0.35687132987920045,8.030052663177411,330,329,1,True
95,3,95:3,7,7.0,2.9648905455799617,2.9361026667920824,1.7618179355703076,1.0779781055446274,0.36714591684302417,5.823013641647315,330,330,0,True
95,4,95:4,9,8.999999999992408,2.9648905455799617,2.9361026667920824,2.0482440007002105,1.1108119703257293,0.37832872225117953,7.754272646688021,330,330,0,True
95,5,95:5,8,8.0,2.9648905455799617,2.9361026667920824,1.935299988548458,1.1370336886436392,0.3872595129263432,6.926121500893262,330,330,0,True
95,6,95:6,8,7.896969696969698,2.9648905455799617,2.9361026667920824,1.609147854397174,0.9627149791461602,0.32788873156060316,4.998549920129196,330,330,0,True
95,7,95:7,7,7.0,2.9648905455799617,2.9361026667920824,1.8661443626572862,1.2992208155905944,0.44249842837072617,6.463328046786662,330,330,0,True
95,8,95:8,9,8.999999956743096,2.963350184121602,2.9361026667920824,1.959434123003321,1.030063546138612,0.35082681467131244,7.095310855725996,330,326,4,True
95,9,95:9,9,8.94848484848485,2.9648905455799617,2.9361026667920824,1.9887218682593215,1.224321372007753,0.4169886107373139,7.306189519266845,330,330,0,True
95,10,95:10,8,7.999995094799492,2.9648905455799617,2.9361026667920824,1.9062702952412587,1.0623949164693287,0.3618384767280896,6.727948682850785,330,330,0,True
95,11,95:11,7,6.999999999999788,2.9648905455799617,2.9361026667920824,1.7881090005737046,0.9819754220299617,0.33444859852358133,5.978137117236591,330,330,0,True
95,12,95:12,10,9.999999992777619,2.9648905455799617,2.9361026667920824,2.169786495382146,1.2892356863994643,0.4390976177301229,8.756414306259236,330,330,0,True
95,13,95:13,11,10.997380132408674,2.9648905455799617,2.9361026667920824,2.0267136871989537,1.292382838778684,0.44016949863361265,7.58910515981059,330,330,0,True
95,14,95:14,9,8.99988542853078,2.9648905455799617,2.9361026667920824,1.86762764717854,1.169705774801658,0.3983872185503824,6.472922114841548,330,330,0,True
95,15,95:15,9,8.94848484848485,2.9648905455799617,2.9361026667920824,2.0109206882426225,1.1559562978518263,0.3937043179470278,7.470191900026146,330,330,0,True
95,16,95:16,8,7.948484848484849,2.9648905455799617,2.9361026667920824,1.8523965516299035,1.2081308073226984,0.411474306054384,6.375079436726925,330,330,0,True
95,17,95:17,12,11.954268289652763,2.963224847006117,2.9361026667920824,2.239592840625269,0.8908437576459566,0.30341028865290726,9.389507483050874,330,328,2,True
95,18,95:18,8,8.0,2.9648905455799617,2.9361026667920824,1.9792960283016232,1.2413348378176192,0.4227831852943592,7.237646093325134,330,330,0,True
95,19,95:19,7,7.0,2.9648905455799617,2.9361026667920824,1.920617150799424,0.9341399892735961,0.31815644590324077,6.8251693284968225,330,330,0,True
95,20,95:20,10,9.948484841262255,2.9648905455799617,2.9361026667920824,1.9485914228859644,1.2451141420861196,0.424070369258069,7.018794101621391,330,330,0,True
95,21,95:21,8,8.0,2.9648905455799617,2.9361026667920824,1.9721129689005361,1.2054361970558232,0.4105565553580777,7.18584392327836,330,330,0,True
95,22,95:22,8,8.0,2.9648905455799617,2.9361026667920824,2.018512709949853,1.181901653293871,0.4025409828686915,7.527121591368251,330,330,0,True
95,23,95:23,11,10.90051152791161,2.964408068307418,2.9361026667920824,1.9205599260104702,1.1600375411894035,0.3950943385971014,6.824778770797322,330,329,1,True
95,24,95:24,10,9.952310360174874,2.9667442852862216,2.9361026667920824,2.0433116874050836,1.222140451711973,0.41624581644730263,7.716120311600082,330,328,2,True
95,25,95:25,10,9.998042067574483,2.9656658777592058,2.9361026667920824,1.879618649382875,0.9949098618259264,0.33885390762338086,6.5510061555395644,330,328,2,True
95,26,95:26,13,12.82868099896674,2.963638833686447,2.9361026667920824,1.9349587419718537,1.1152470053574801,0.37983923994591545,6.923758388866813,330,328,2,True
96,1,96:1,6,5.963076923076925,2.963130584824116,2.9361026667920824,1.3219256469896061,0.8090981382230543,0.27556874879550997,3.7506368303449222,330,325,5,True
96,2,96:2,5,5.0,2.9648905455799617,2.9361026667920824,1.4617804827426955,0.9559998173947153,0.32560163110345813,4.313633044230311,330,330,0,True
96,3,96:3,7,6.9630769230658025,2.9632029896712027,2.9361026667920824,1.6516658823932766,0.945477202123527,0.32201775939822075,5.215661272321697,330,325,5,True
96,4,96:4,6,5.999999999754795,2.9648905455799617,2.9361026667920824,1.5981048210814839,1.0436583562621817,0.3554570376799728,4.943654431056225,330,330,0,True
96,5,96:5,6,6.0,2.9648905455799617,2.9361026667920824,1.6275652416104707,0.8763294456851272,0.2984668947706057,5.091463132484669,330,330,0,True
96,6,96:6,6,6.0,2.9648905455799617,2.9361026667920824,1.5315004915893535,0.9019958479743128,0.30720855172268635,4.625111559235897,330,330,0,True
96,7,96:7,6,5.999999999754795,2.9648905455799617,2.9361026667920824,1.6080837345673096,1.04506549965277,0.3559362931932432,4.993233693091577,330,330,0,True
96,8,96:8,6,6.0,2.9648905455799617,2.9361026667920824,1.6266155557117992,1.0786977867813237,0.3673910313088213,5.086630137021203,330,330,0,True
96,9,96:9,6,6.0,2.9648905455799617,2.9361026667920824,1.678811389065695,1.0556775799357996,0.359550635567253,5.359182201342703,330,330,0,True
96,10,96:10,6,5.999995094799492,2.9648905455799617,2.9361026667920824,1.6012933037827723,1.0754236377695963,0.36627589693400575,4.959442344058999,330,330,0,True
96,11,96:11,6,6.0,2.9648905455799617,2.9361026667920824,1.6537961723672192,0.9775457713869226,0.3329399146845796,5.226783986334311,330,330,0,True
96,12,96:12,6,6.0,2.9646108529195274,2.9361026667920824,1.591709346148407,0.7359693766457197,0.2506620033998412,4.912138300798056,330,329,1,True
96,13,96:13,6,5.999999999992409,2.9648905455799617,2.9361026667920824,1.6533842233054472,1.101664055380249,0.3752130563553834,5.224631261012088,330,330,0,True
96,14,96:14,6,6.0,2.9648905455799617,2.9361026667920824,1.631198663876914,0.9835448979020971,0.33498314245826266,5.109996216870648,330,330,0,True
96,15,96:15,6,6.0,2.9648905455799617,2.9361026667920824,1.6733101130273091,0.986018866135911,0.335825745226141,5.329780807455327,330,330,0,True
96,16,96:16,6,6.0,2.9648905455799617,2.9361026667920824,1.5502500467837903,0.951359385785722,0.3240211578926684,4.712648417857652,330,330,0,True
96,17,96:17,6,6.0,2.9648905455799617,2.9361026667920824,1.6524986114092124,0.8797441238004601,0.2996298916078599,5.220006313670369,330,330,0,True
96,18,96:18,6,5.999999999999788,2.9648905455799617,2.9361026667920824,1.6540742476803596,0.6963679084545048,0.23717423655874412,5.228237628029596,330,330,0,True
96,19,96:19,6,6.0,2.9648905455799617,2.9361026667920824,1.621259476930905,0.8944364393631827,0.30463391129998296,5.059458576743931,330,330,0,True
96,20,96:20,6,6.0,2.9648905455799617,2.9361026667920824,1.6239759284962392,0.8797959646324475,0.29964754794957227,5.073221034977187,330,330,0,True
96,21,96:21,6,6.0,2.9648905455799617,2.9361026667920824,1.6374679060452089,1.0738089176527887,0.3657259433730931,5.142132650921174,330,330,0,True
96,22,96:22,6,6.0,2.9648905455799617,2.9361026667920824,1.5394790042188748,0.899103213136265,0.3062233563237774,4.662160672096607,330,330,0,True
96,23,96:23,6,5.999999999992409,2.9648905455799617,2.9361026667920824,1.6052864992208664,1.0497466033730114,0.35753061881856474,4.979285959952811,330,330,0,True
96,24,96:24,5,5.0,2.9648905455799617,2.9361026667920824,1.5462760664549795,1.0129071786519468,0.3449835695829484,4.6939576088001544,330,330,0,True
96,25,96:25,6,6.0,2.9648905455799617,2.9361026667920824,1.5609914840087151,0.9036999652949776,0.30778895285781654,4.763541880133082,330,330,0,True
97,1,97:1,4,,2.9864910583351416,2.9361026667920824,1.3311459852005827,0.6222921596798557,0.2119449591181216,3.7853788910706423,330,330,0,True
97,2,97:2,4,,2.9946343171411516,2.9361026667920824,1.0847792928736537,0.399246739048255,0.1359784668171916,2.9587867213557772,330,330,0,True
97,3,97:3,7,6.999885428523401,2.9648905455799617,2.9361026667920824,1.7097093407666615,0.9832669406931386,0.33488847369476804,5.527354667448179,330,330,0,True
97,4,97:4,6,5.999995094799487,2.9648905455799617,2.9361026667920824,1.4254800921709183,0.4648102693942945,0.15830858867824787,4.15985447699999,330,330,0,True
97,5,97:5,7,6.948484841262468,2.9648905455799617,2.9361026667920824,1.6600283646157865,0.78086055355351,0.2659513791480119,5.259460024894016,330,330,0,True
97,6,97:6,5,,2.990842666257764,2.9361026667920824,1.3886226738842562,0.47558487770909263,0.16197828607563836,4.009324101557605,330,330,0,True
97,7,97:7,4,,2.968210896573381,2.9361026667920824,1.0655503337072376,0.5749792274039035,0.1958307636538175,2.902435852896901,330,330,0,True
97,8,97:8,8,7.98738170347003,2.9761422122581007,2.9361026667920824,1.8707063831705875,0.9329001657353462,0.31773417744775634,6.492881241806104,330,330,0,True
97,9,97:9,5,5.0,2.982249131149192,2.9361026667920824,1.4932945836132816,0.7472010425631125,0.25448736892415513,4.451738008399477,330,330,0,True
97,10,97:10,4,4.0,2.9648905455799617,2.9361026667920824,1.3576088396175534,0.47271221745212233,0.1609998937702668,3.8868880083877784,330,330,0,True
97,11,97:11,5,4.998042067576639,2.968169243639228,2.9361026667920824,1.1940742076652409,0.474960023155661,0.16176546839712225,3.300500777329074,330,330,0,True
97,12,97:12,4,4.0,2.9648905455799617,2.9361026667920824,1.2527012960876485,0.6854341704050424,0.23345034155564182,3.499784153228945,330,330,0,True
97,13,97:13,5,,2.988336864873774,2.9361026667920824,1.141082713005181,0.4639931143696857,0.15803027585429558,3.130155591325333,330,329,1,True
97,14,97:14,6,,2.989921510502542,2.9361026667920824,1.6793840920806054,0.43360985126039564,0.1476821148540244,5.362252300190385,330,330,0,True
97,15,97:15,3,,2.778269064797325,2.9361026667920824,1.0273944165490787,0.6130860977667603,0.20880948908935937,2.7937769239715697,330,330,0,True
97,16,97:16,4,4.0,2.9648905455799617,2.9361026667920824,1.3527994128483665,0.0,0.0,3.8682391861703014,330,330,0,True
97,17,97:17,5,4.948484848484849,2.9648905455799617,2.9361026667920824,1.3400473257290948,0.6719183134659013,0.22884700901825875,3.819224248661542,330,330,0,True
97,18,97:18,5,,2.9800547084578777,2.9361026667920824,1.3741259744710703,0.6365891510673818,0.21681433631982097,3.9516213951381816,330,330,0,True
97,19,97:19,6,,2.9966825781457627,2.9361026667920824,1.593377916643488,0.5556157207775123,0.18923579446374236,4.920341391649002,330,330,0,True
97,20,97:20,5,5.0,2.9646108529195274,2.9361026667920824,1.546202590992509,0.7186807367412109,0.2447737079733744,4.693612730764223,330,329,1,True
97,21,97:21,6,,2.9658186028511957,2.9361026667920824,1.1288851764225731,0.4731524930563267,0.1611498461575535,3.092207312245973,330,330,0,True
97,22,97:22,6,,2.9656032381371613,2.9361026667920824,1.661740932246257,0.05335372056853829,0.018171612720488187,5.268474922994436,330,330,0,True
97,23,97:23,4,,2.9939317513342476,2.9361026667920824,1.166496788944154,0.6025854620992191,0.20523310336337455,3.210725066160824,330,330,0,True
97,24,97:24,8,7.89446440084738,2.9648905455799617,2.9361026667920824,1.6302666311322105,0.9801530009999913,0.33382790461850015,5.105235751870456,330,330,0,True
97,25,97:25,9,8.980952380952385,2.990101714501773,2.9361026667920824,1.4098476025043627,0.7660635287275541,0.2609116967849552,4.095331238287213,330,330,0,True
98,1,98:1,9,8.999885232924836,2.9648905455799617,2.9361026667920824,1.872618299871177,1.0612079162608852,0.36143419924083797,6.505306964575588,330,330,0,True
98,2,98:2,10,9.999885428530774,2.9648905455799617,2.9361026667920824,2.016730529033735,1.2100839793926166,0.412139532135205,7.5137188455212,330,330,0,True
98,3,98:3,10,9.999999804386253,2.9648905455799617,2.9361026667920824,2.0797739578095076,1.418917794408202,0.48326572856475714,8.002659771088286,330,330,0,True
98,4,98:4,10,9.89446440084738,2.9648905455799617,2.9361026667920824,1.754002610525589,1.1205936960173448,0.3816602561931799,5.7776822677427395,330,330,0,True
98,5,98:5,8,7.994989407755364,2.9648905455799617,2.9361026667920824,1.7307951186720623,1.1176635646405824,0.3806622899401933,5.645140681195572,330,330,0,True
98,6,98:6,10,9.999999999999789,2.9648905455799617,2.9361026667920824,2.119049716410636,1.2037944605515247,0.4099974003520669,8.323224304931758,330,330,0,True
98,7,98:7,8,8.0,2.9648905455799617,2.9361026667920824,1.861863797971991,1.1399163911856436,0.3882413255089236,6.435720483136088,330,330,0,True
98,8,98:8,11,10.94848484848485,2.9648905455799617,2.9361026667920824,2.187344278723046,1.1761285883757187,0.40057474885942235,8.911515160624537,330,330,0,True
98,9,98:9,9,8.94847994328434,2.9648905455799617,2.9361026667920824,1.8894148705216225,0.9586691393627866,0.3265107689201503,6.615496626236729,330,330,0,True
98,10,98:10,13,12.945750409424303,2.9648905455799617,2.9361026667920824,2.0685653672285405,1.1639301133191393,0.3964201001836296,7.913462058319344,330,330,0,True
98,11,98:11,6,5.948479943284341,2.9648905455799617,2.9361026667920824,1.3596614999670602,0.782024074732857,0.2663476599703778,3.8948746634263736,330,330,0,True
98,12,98:12,7,7.0,2.9648905455799617,2.9361026667920824,1.7677040916937203,1.1306751270135067,0.38509386602916584,5.8573898817566565,330,330,0,True
98,13,98:13,8,8.0,2.9648905455799617,2.9361026667920824,1.913124810276356,0.9084012309970178,0.309390145403027,6.774223924237363,330,330,0,True
98,14,98:14,8,8.0,2.9648905455799617,2.9361026667920824,1.8866750069489961,1.147736416714152,0.3909047288077777,6.597395876131899,330,330,0,True
98,15,98:15,8,8.0,2.9648905455799617,2.9361026667920824,1.9453347671691437,1.1565151711008332,0.3938946632150349,6.99597348529971,330,330,0,True
98,16,98:16,7,6.951367781155005,2.9634264472403125,2.9361026667920824,1.7023946585235141,1.149596492629187,0.39153824749773125,5.487071333914596,330,329,1,True
98,17,98:17,8,7.999885428530992,2.9648905455799617,2.9361026667920824,1.8659627919149555,1.3186789342464136,0.44912562123965905,6.46215460205012,330,330,0,True
98,18,98:18,9,8.99999999999588,2.9646108529195274,2.9361026667920824,1.8481803041878502,1.2486460069373513,0.42527327843804347,6.348257108878984,330,329,1,True
98,19,98:19,9,8.999995087576899,2.9648905455799617,2.9361026667920824,1.7438216079174795,0.890738940607046,0.3033745892749202,5.719158092412277,330,330,0,True
98,20,98:20,9,8.999880523322892,2.9648905455799617,2.9361026667920824,1.6921363886146057,1.0694729367996243,0.3642491622978925,5.431071198497355,330,330,0,True
98,21,98:21,9,8.94848484848485,2.9648905455799617,2.9361026667920824,1.868191120707576,1.1261075969908887,0.3835382221907273,6.476570462886017,330,330,0,True
98,22,98:22,8,7.948484848484849,2.9648905455799617,2.9361026667920824,1.836047932522557,1.1442320486097504,0.3897111846773096,6.271703024534779,330,330,0,True
98,23,98:23,9,8.94848484848485,2.9648905455799617,2.9361026667920824,1.9394156767773738,1.0921951537383046,0.37198806638856796,6.9546859985891,330,330,0,True
98,24,98:24,8,7.997494696655301,2.9648905455799617,2.9361026667920824,1.8330508395937135,0.8962375777111236,0.3052473565886345,6.252934287621765,330,330,0,True
98,25,98:25,9,8.94848484848485,2.9648905455799617,2.9361026667920824,1.9753306716394863,1.1066096448891094,0.3768974625462145,7.20900307259933,330,330,0,True
99,1,99:1,4,,2.970169256117598,2.9361026667920824,0.9443948640528288,0.5860669402497066,0.19960710055484188,2.5712569477012144,330,305,25,False
99,2,99:2,4,,2.917313454940711,2.9361026667920824,1.2379124511378186,0.9275297513176306,0.3159050811840405,3.448407227109759,330,329,1,True
99,3,99:3,5,5.0,2.96782041061467,2.9361026667920824,1.2666778674662476,0.8237297426860234,0.2805520910431962,3.549042566258166,330,328,2,True
99,4,99:4,5,,2.932331334275195,2.9361026667920824,1.3703218272090696,0.8469171488058375,0.2884494327751691,3.9366174022209224,330,330,0,True
99,5,99:5,5,,2.962214995416529,2.9361026667920824,1.404224383191052,0.9820307563934596,0.3344674447186152,4.072366919785416,330,329,1,True
99,6,99:6,5,,2.9593069393680405,2.9361026667920824,1.5150390861307894,0.9830603271947906,0.3348181037105421,4.549598949590004,330,330,0,True
99,7,99:7,6,,2.951087656420187,2.9361026667920824,1.4626956754132845,1.064422094307226,0.36252890825176387,4.317582656628486,330,316,14,True
99,8,99:8,4,,2.9347399645411043,2.9361026667920824,1.1588560261642147,0.8147016801513014,0.27747724538577717,3.186286162409476,330,330,0,True
99,9,99:9,5,5.0,2.965166291270012,2.9361026667920824,1.4620303686282377,1.1106755731670945,0.3782822670777357,4.31471109493269,330,330,0,True
99,10,99:10,5,,2.9282891684943197,2.9361026667920824,1.4134775950260643,0.9492388985791764,0.3232989463601737,4.110224274507539,330,329,1,True
99,11,99:11,5,4.993650793650795,2.964438260457823,2.9361026667920824,1.1924163868496345,0.7350761517794145,0.25035778213523496,3.2950336714316073,330,330,0,True
99,12,99:12,5,,2.936060268921027,2.9361026667920824,1.4776243447419088,1.1743340676168872,0.3999635574392013,4.3825219429197695,330,160,170,False
99,13,99:13,4,4.0,2.968221945633913,2.9361026667920824,1.2283875111311104,0.8402949745759499,0.28619400270973383,3.415717287159049,330,330,0,True
99,14,99:14,5,,2.935457622354041,2.9361026667920824,1.3431579548970827,0.9966612780924116,0.3394504181903627,3.8311229356155456,330,330,0,True
99,15,99:15,4,,2.9515948093430042,2.9361026667920824,1.2207511873598282,0.872827517579637,0.29727418167337727,3.3897331021368315,330,326,4,True
99,16,99:16,3,,2.801164286727846,2.9361026667920824,0.8169321217610637,0.2553333854301385,0.08696337097405038,2.263544894403592,330,330,0,True
99,17,99:17,5,5.0,2.9649866542102123,2.9361026667920824,1.3765242634680506,0.8833803174130702,0.30086833386457534,3.961109898789336,330,325,5,True
99,18,99:18,4,,2.9439684402561186,2.9361026667920824,1.1838833731831735,0.7752391962941028,0.26403681487783637,3.2670367231297672,330,330,0,True
99,19,99:19,6,,2.9779908724834128,2.9361026667920824,1.4608587909226465,0.9363663964663697,0.3189147324638419,4.309659035625695,330,281,49,False
99,20,99:20,4,,2.9399966909394113,2.9361026667920824,1.3130200945648893,0.9189430920536313,0.3129805719830796,3.7173836262748097,330,330,0,True
99,21,99:21,5,,2.965712381235507,2.9361026667920824,1.3069096218135379,0.8432543950706792,0.2872019444715124,3.694737913387763,330,330,0,True
99,22,99:22,4,4.0,2.9661023841928613,2.9361026667920824,1.177105122021015,0.7882804939118216,0.2684785184208421,3.244966809871537,330,319,11,True
99,23,99:23,4,,2.953473939692584,2.9361026667920824,1.136159845101812,0.7748518536111871,0.26390489078427637,3.114784115747608,330,330,0,True
99,24,99:24,5,5.0,2.965876076088758,2.9361026667920824,1.4504694723898919,1.0366707467650873,0.35307714491391734,4.265116399606604,330,330,0,True
99,25,99:25,4,,2.9548994531733057,2.9361026667920824,1.2867694225649453,0.6778125377075015,0.23085450838408988,3.6210694941074544,330,330,0,True
100,1,100:1,6,6.0,2.9648905455799617,2.9361026667920824,1.7617231038950278,1.0035306132428925,0.3417900281870343,5.82246146169099,330,330,0,True
100,2,100:2,6,5.999885428530992,2.9648905455799617,2.9361026667920824,1.3694810057003906,0.8759386826132963,0.2983338057351811,3.9333088008042387,330,330,0,True
100,3,100:3,6,5.948484848484849,2.9648905455799617,2.9361026667920824,1.4706878099157141,0.9842460787650631,0.33522195592718407,4.352227617127917,330,330,0,True
100,4,100:4,4,4.0,2.9648905455799617,2.9361026667920824,1.2517386471061203,0.8301510791062257,0.28273911825202946,3.496416710670894,330,330,0,True
100,5,100:5,6,6.0,2.9648905455799617,2.9361026667920824,1.7535750008138478,1.1220927639729579,0.3821708200684039,5.775212202843205,330,330,0,True
100,6,100:6,6,6.0,2.9648905455799617,2.9361026667920824,1.6303164080729184,1.1468508770646197,0.3906031250322872,5.105489881212615,330,330,0,True
100,7,100:7,6,6.0,2.9648905455799617,2.9361026667920824,1.7108392581254692,0.9027730271673509,0.3074732492762931,5.5336036511879705,330,330,0,True
100,8,100:8,6,6.0,2.9648905455799617,2.9361026667920824,1.7755248335738159,1.128756059036239,0.384440255377545,5.903378614713536,330,330,0,True
100,9,100:9,6,6.0,2.9648905455799617,2.9361026667920824,1.7146461077529207,1.027297859382312,0.3498848562079452,5.554709395895266,330,330,0,True
100,10,100:10,3,3.0,2.9648905455799617,2.9361026667920824,1.0626895239159426,0.7134983586087952,0.2430086545264941,2.894144401777531,330,330,0,True
100,11,100:11,6,5.999999797171464,2.9648905455799617,2.9361026667920824,1.384910366965347,0.8915693446350804,0.3036574145444268,3.994467852494772,330,330,0,True
100,12,100:12,5,5.0,2.9648905455799617,2.9361026667920824,1.4792873510765747,0.8717346755415608,0.29690197328623996,4.389816168162981,330,330,0,True
100,13,100:13,6,5.948484848484849,2.9648905455799617,2.9361026667920824,1.3877587938460987,0.9198603752842112,0.3132929872269178,4.00586202212573,330,330,0,True
100,14,100:14,6,5.9999998598008375,2.96574388165261,2.9361026667920824,1.499680803092593,0.9276500642281438,0.3159460582628988,4.480258757334741,330,329,1,True
100,15,100:15,6,6.0,2.9648905455799617,2.9361026667920824,1.7180101609425285,1.1991872706732942,0.4084282488607588,5.573427199947867,330,330,0,True
100,16,100:16,6,5.948484848484849,2.9648905455799617,2.9361026667920824,1.5314232998471455,0.9533066918627234,0.3246843860893612,4.624754552595893,330,330,0,True
100,17,100:17,6,5.997494703877682,2.9648905455799617,2.9361026667920824,1.5585951793970632,0.8523538369161734,0.29030110103317175,4.752140648625493,330,330,0,True
100,18,100:18,5,5.0,2.9648905455799617,2.9361026667920824,1.4877667441802604,1.0285722080567734,0.3503188834948226,4.427197406235927,330,330,0,True
100,19,100:19,6,5.994989212149209,2.9648905455799617,2.9361026667920824,1.0592922421060267,0.6706703899235528,0.2284219818022616,2.8843288601671095,330,330,0,True
100,20,100:20,6,6.0,2.9648905455799617,2.9361026667920824,1.627675719704132,1.1502491449245755,0.391760532740945,5.092025658698333,330,330,0,True
100,21,100:21,6,5.999999992777619,2.9648905455799617,2.9361026667920824,1.4895889002374867,0.6170343511968954,0.21015421503330906,4.435271804979439,330,330,0,True
100,22,100:22,6,6.0,2.9648905455799617,2.9361026667920824,1.7867081672400127,0.6059634777548915,0.2063836134234887,5.969768606302405,330,330,0,True
100,23,100:23,6,5.999885428530992,2.9648905455799617,2.9361026667920824,1.555028525220209,0.8320704604845685,0.2833928356441532,4.735221596471723,330,330,0,True
100,24,100:24,6,6.0,2.9648905455799617,2.9361026667920824,1.6821107078079192,1.152274869018018,0.3924504691373639,5.376893052428091,330,330,0,True
100,25,100:25,5,4.999995094799492,2.9648905455799617,2.9361026667920824,1.3216807782380702,0.8154869610254343,0.2777447022710607,3.7497185290230486,330,330,0,True
101,1,101:1,8,7.99749470387747,2.9648905455799617,2.9361026667920824,1.6670923410743788,1.0242642813529028,0.3488516573134652,5.296744259131831,330,330,0,True
101,2,101:2,6,5.948484848484849,2.9648905455799617,2.9361026667920824,1.4968366814623575,0.8865640452404777,0.3019526719101812,4.467534459796148,330,330,0,True
101,3,101:3,7,6.948370277015841,2.9648905455799617,2.9361026667920824,1.5707562115484457,0.7224589445413496,0.2460605184936164,4.810284411350206,330,330,0,True
101,4,101:4,6,6.0,2.9651487934141416,2.9361026667920824,1.6319011953803493,0.9285916521222135,0.3162667513724141,5.113587411511417,330,329,1,True
101,5,101:5,8,8.0,2.9648905455799617,2.9361026667920824,2.0574182964763894,1.2020055804762866,0.4093881300784247,7.825739967377724,330,330,0,True
101,6,101:6,8,7.999904781401903,2.963956735321475,2.9361026667920824,1.8799482758220016,0.8299212681022904,0.2826608474863187,6.553165896305585,330,329,1,True
101,7,101:7,8,7.948484848484637,2.9648905455799617,2.9361026667920824,1.8526898118550268,0.9280321602744015,0.31607619541735843,6.376949268117905,330,330,0,True
101,8,101:8,8,8.0,2.9648905455799617,2.9361026667920824,1.9840846509633054,1.0395812684949344,0.35406843236539703,7.272387564936233,330,330,0,True
101,9,101:9,8,8.0,2.9648905455799617,2.9361026667920824,1.993405133379983,1.053509712091745,0.35881228677973487,7.34048659025916,330,330,0,True
101,10,101:10,8,7.997494703877682,2.9648905455799617,2.9361026667920824,1.953942452768562,1.147223832632294,0.3907301490535834,7.056452544467694,330,330,0,True
101,11,101:11,8,7.948479943284341,2.9648905455799617,2.9361026667920824,1.6242989683634266,0.8726591762724328,0.2972168467207858,5.074860152362415,330,330,0,True
101,12,101:12,6,6.0,2.9648905455799617,2.9361026667920824,1.7195341585619428,0.8921054799383674,0.30384001555131623,5.581927565355666,330,330,0,True
101,13,101:13,6,5.997494703877682,2.9648905455799617,2.9361026667920824,1.5500942924711199,1.103218183064717,0.37574237288850243,4.7119144597025295,330,330,0,True
101,14,101:14,7,7.0,2.9648905455799617,2.9361026667920824,1.8837691485019887,0.910010847690294,0.3099383608014466,6.578252604885718,330,330,0,True
101,15,101:15,6,5.999999999999788,2.9648905455799617,2.9361026667920824,1.654890807813835,0.9496864514176105,0.3234513772828032,5.232508541936686,330,330,0,True
101,16,101:16,7,6.948484848484849,2.9648905455799617,2.9361026667920824,1.723686746426533,0.8959631578917134,0.30515389261596293,5.60515520405179,330,330,0,True
101,17,101:17,7,6.999999999754795,2.9648905455799617,2.9361026667920824,1.8344696206137374,1.0276512162979905,0.3500052051724671,6.261812128475338,330,330,0,True
101,18,101:18,7,6.999999992777619,2.9648905455799617,2.9361026667920824,1.8077608848963915,0.6258014418982285,0.2131401769346045,6.096780743449913,330,330,0,True
101,19,101:19,6,6.0,2.9648905455799617,2.9361026667920824,1.753201495773676,1.2249935449011573,0.4172175444530885,5.773055534765652,330,330,0,True
101,20,101:20,6,6.0,2.9648905455799617,2.9361026667920824,1.6741825480168193,1.041061829422377,0.35457269297732597,5.334432723670344,330,330,0,True
101,21,101:21,7,6.997494703877682,2.9648905455799617,2.9361026667920824,1.747692905976909,0.8917232347900579,0.3037098276145548,5.741341569758191,330,330,0,True
101,22,101:22,8,7.948484848484849,2.9648905455799617,2.9361026667920824,1.9037235028248252,0.6538547190585923,0.22269477373997237,6.710835794903502,330,330,0,True
101,23,101:23,7,7.0,2.9648905455799617,2.9361026667920824,1.868190467560259,0.9726991305902115,0.3312892091927289,6.476566232732777,330,330,0,True
101,24,101:24,8,7.999999999754795,2.9648905455799617,2.9361026667920824,1.890245212487747,0.9062411513863247,0.30865444919079166,6.62099203192949,330,330,0,True
101,25,101:25,8,7.999999999992409,2.9648905455799617,2.9361026667920824,1.9481847211162198,1.059893694767473,0.36098659176843034,7.015940126036588,330,330,0,True
102,1,102:1,6,5.999995094799492,2.9648905455799617,2.9361026667920824,1.5403045080172306,0.7782314179149051,0.26505592829462693,4.6660108924070665,330,330,0,True
102,2,102:2,7,6.949143746756606,2.9648009463961706,2.9361026667920824,1.4633697386731763,0.8331255207859539,0.2837521760423342,4.320493961560479,330,329,1,True
102,3,102:3,8,7.997484893476666,2.9648905455799617,2.9361026667920824,1.6186827311203114,0.6702106358854698,0.22826539530299408,5.046438420073583,330,330,0,True
102,4,102:4,5,5.0,2.9651487934141416,2.9361026667920824,1.547453947094393,0.9150111251087986,0.31164139301318045,4.699489788073605,330,329,1,True
102,5,102:5,4,3.999999992777619,2.9648905455799617,2.9361026667920824,1.1516580153009874,0.6868302556847142,0.2339258308140597,3.163433585217051,330,330,0,True
102,6,102:6,5,5.0,2.9648905455799617,2.9361026667920824,1.4514732121117864,0.857457210322333,0.2920392464542702,4.269399615612804,330,330,0,True
102,7,102:7,5,5.0,2.9648905455799617,2.9361026667920824,1.6059770523554193,0.49759485293621014,0.16947460951012,4.982725608973811,330,330,0,True
102,8,102:8,5,5.0,2.963703148534635,2.9361026667920824,1.4927637795515933,0.7109543213876544,0.2421421871342212,4.449375634817261,330,329,1,True
102,9,102:9,4,4.0,2.9648905455799617,2.9361026667920824,1.322705859524788,0.7441070982407132,0.2534336100221275,3.753564266077398,330,330,0,True
102,10,102:10,6,5.999904781401901,2.9641907751940266,2.9361026667920824,1.3523719625954065,0.5449440993031209,0.1856011731015231,3.8665860596914996,330,329,1,True
102,11,102:11,7,6.948484848484849,2.9648905455799617,2.9361026667920824,1.7486425450037362,0.48555922990770845,0.16537542620681558,5.746796361410762,330,330,0,True
102,12,102:12,5,4.999885428530992,2.9648905455799617,2.9361026667920824,1.3066841254802009,0.6953882704705768,0.23684058406252595,3.6939048574647106,330,330,0,True
102,13,102:13,4,4.0,2.9648905455799617,2.9361026667920824,1.3556075298091856,0.8339541561531398,0.28403439892798393,3.8791169200639635,330,330,0,True
102,14,102:14,5,5.0,2.9648905455799617,2.9361026667920824,1.4635658280626898,0.8444910452375147,0.2876231321162165,4.321341247652989,330,330,0,True
102,15,102:15,5,5.0,2.9641907751940266,2.9361026667920824,1.4863866141628879,0.9434732669496186,0.32133524403642044,4.4210915126354555,330,329,1,True
102,16,102:16,6,5.999999999992409,2.9648905455799617,2.9361026667920824,1.6484565580351227,0.7947418092377057,0.27067916194702485,5.198949354882472,330,330,0,True
102,17,102:17,6,5.999999859796719,2.9646108529195274,2.9361026667920824,1.52178133599567,0.5807538567829527,0.19779753049898313,4.580377122968198,330,329,1,True
102,18,102:18,9,8.999995094799491,2.9648905455799617,2.9361026667920824,1.9240368236983068,0.8487163743260719,0.28906222657852754,6.8485491279290915,330,330,0,True
102,19,102:19,7,6.90273556231001,2.964408068307418,2.9361026667920824,1.503605662360052,0.8250016173625309,0.28098527571718346,4.497877695748336,330,329,1,True
102,20,102:20,4,4.0,2.9648905455799617,2.9361026667920824,1.3770845393615012,0.8128780353437711,0.2768561346773009,3.963329835007239,330,330,0,True
102,21,102:21,5,5.0,2.9648905455799617,2.9361026667920824,1.5654800833387623,0.7427499061828614,0.25297136731065767,4.784971569690407,330,330,0,True
102,22,102:22,5,5.0,2.965068975227328,2.9361026667920824,1.4645809676647157,0.7527728396319129,0.2563850536106678,4.325730239630227,330,328,2,True
102,23,102:23,5,5.0,2.9648905455799617,2.9361026667920824,1.522229575918003,1.0179924189697191,0.34671553909998454,4.582430691065271,330,330,0,True
102,24,102:24,3,3.0,2.9648905455799617,2.9361026667920824,1.0833214034717993,0.5372710622829238,0.18298783225790044,2.954476280388932,330,330,0,True
102,25,102:25,6,5.999999992777619,2.9648905455799617,2.9361026667920824,1.6271638308366387,1.0781869158614452,0.36721703503626024,5.089419774469119,330,330,0,True
103,1,103:1,9,8.948484652878694,2.9648905455799617,2.9361026667920824,1.85978394391317,1.125193418366317,0.3832268643370285,6.422349033919439,330,330,0,True
103,2,103:2,8,8.0,2.9648905455799617,2.9361026667920824,1.9784750960861732,1.147423628407978,0.39079819700638274,7.231706914648202,330,330,0,True
103,3,103:3,12,11.95136764095584,2.9641907751940266,2.9361026667920824,2.2309674362194833,0.9456316125026945,0.3220703496502285,9.308867460194028,330,329,1,True
103,4,103:4,8,7.999999804393845,2.9648905455799617,2.9361026667920824,1.8895580468493476,1.1693290513210817,0.3982589112248801,6.616443876560045,330,330,0,True
103,5,103:5,12,11.943469351039703,2.9648905455799617,2.9361026667920824,2.043737586594833,1.0223129374999942,0.34818705390058774,7.719407300902154,330,330,0,True
103,6,103:6,8,7.999999999992409,2.9648905455799617,2.9361026667920824,1.9440323721839172,0.9135136431723097,0.3111313693163167,6.986867895340129,330,330,0,True
103,7,103:7,25,24.587639631703418,2.9648905455799617,2.9361026667920824,2.6153048143117816,1.1878060619931297,0.4045519509339566,13.671382976035094,330,330,0,True
103,8,103:8,8,7.896969696969693,2.9648905455799617,2.9361026667920824,1.6835858365240535,1.125734599568383,0.3834111839141969,5.384830514723264,330,330,0,True
103,9,103:9,9,8.94847994328434,2.9648905455799617,2.9361026667920824,1.936437392970891,0.8482309285172152,0.2888968897821181,6.934003783940715,330,330,0,True
103,10,103:10,8,7.999999999754795,2.9648905455799617,2.9361026667920824,1.9074836743962296,1.1592529073422588,0.39482710208115157,6.736117190284394,330,330,0,True
103,11,103:11,10,9.999999999999995,2.9648905455799617,2.9361026667920824,2.1849877941310116,1.3202663206142857,0.44966626526611825,8.890540035942182,330,330,0,True
103,12,103:12,18,17.655126399288235,2.9641907751940266,2.9361026667920824,2.214303119595252,1.3381214510657766,0.45574750031741124,9.155026929186269,330,329,1,True
103,13,103:13,11,10.948484848239639,2.9648905455799617,2.9361026667920824,2.2044201015040286,1.2990070780758889,0.4424256320352564,9.064993267401746,330,330,0,True
103,14,103:14,13,12.8919589086285,2.9648905455799617,2.9361026667920824,1.966456231122248,1.1285102206791136,0.38435652589495367,7.145310240780519,330,330,0,True
103,15,103:15,9,8.999995094799491,2.9648905455799617,2.9361026667920824,2.0536391221111248,1.1850414861771128,0.4036103708430133,7.796220945402291,330,330,0,True
103,16,103:16,16,15.943469351039706,2.9648905455799617,2.9361026667920824,2.418005542519051,1.2123608054222879,0.41291499072370147,11.223452279009413,330,330,0,True
103,17,103:17,8,7.999999804393839,2.9648905455799617,2.9361026667920824,1.8254887568897127,0.8182369489492471,0.27868131390760725,6.205827418898708,330,330,0,True
103,18,103:18,8,7.999996202939339,2.9646108529195274,2.9361026667920824,1.8469588286855798,0.9932293745654599,0.33828155459244863,6.340507602218168,330,329,1,True
103,19,103:19,8,7.948484848484849,2.9648905455799617,2.9361026667920824,1.890840560901543,1.0251832249672332,0.34916463806332926,6.624935002637673,330,330,0,True
103,20,103:20,6,5.948484848484849,2.9648905455799617,2.9361026667920824,1.6078757931739063,0.4786413718044713,0.16301928989677453,4.992195501065137,330,330,0,True
103,21,103:21,6,5.999999999999788,2.9648905455799617,2.9361026667920824,1.6591248676266581,1.0386853178853999,0.3537632827465953,5.254710264617243,330,330,0,True
103,22,103:22,6,5.8454545454545475,2.9648905455799617,2.9361026667920824,1.1377216120280738,0.6552392941894214,0.22316634278505004,3.119652483200122,330,330,0,True
103,23,103:23,3,3.0,2.9648905455799617,2.9361026667920824,1.0739041803057847,0.562980593678424,0.19174417844643135,2.9267839151651867,330,330,0,True
104,1,104:1,3,3.0,2.9648905455799617,2.9361026667920824,1.05923515365689,0.7535099849520642,0.2566361161257797,2.884164203005738,330,330,0,True
104,2,104:2,3,3.0,2.9648905455799617,2.9361026667920824,1.0735944040086953,0.6824324737717514,0.23242800106760617,2.9258774072961407,330,330,0,True
104,3,104:3,3,3.0,2.9648905455799617,2.9361026667920824,1.0852247882614505,0.6712094950341972,0.2286055942885489,2.9601051408467116,330,330,0,True
104,4,104:4,3,3.0,2.9648905455799617,2.9361026667920824,1.0705691753451863,0.802967425516798,0.2734807044040124,2.91703933443386,330,330,0,True
104,5,104:5,3,3.0,2.9648905455799617,2.9361026667920824,1.055358008510888,0.8005847450754177,0.2726691931212739,2.8730035295221303,330,330,0,True
104,6,104:6,4,4.0,2.9648905455799617,2.9361026667920824,1.2208808166352043,0.876761206141565,0.29861394700461685,3.3901725392639226,330,330,0,True
104,7,104:7,3,3.0,2.9648905455799617,2.9361026667920824,1.0337588149456982,0.7578911259411695,0.25812827818082523,2.811614335333646,330,330,0,True
104,8,104:8,3,3.0,2.9648905455799617,2.9361026667920824,1.0775661945198776,0.7698414240028238,0.26219840086311924,2.9375214880367935,330,330,0,True
104,9,104:9,3,3.0,2.9648905455799617,2.9361026667920824,1.0087227085122064,0.7115160160694762,0.24233349334710497,2.7420963209459943,330,330,0,True
104,10,104:10,3,3.0,2.9648905455799617,2.9361026667920824,1.067539705489029,0.7702749710524687,0.2623460615885252,2.908215624031746,330,330,0,True
104,11,104:11,3,3.0,2.9648905455799617,2.9361026667920824,1.0722229884849757,0.7197846427119386,0.2451496845981747,2.9218675638085467,330,330,0,True
104,12,104:12,3,3.0,2.9648905455799617,2.9361026667920824,1.0683908590462337,0.7712106136602073,0.2626647298075629,2.910692015850607,330,330,0,True
104,13,104:13,3,3.0,2.9648905455799617,2.9361026667920824,1.0155848041275202,0.7038397790747283,0.23971906263200504,2.7609775564178274,330,330,0,True
104,14,104:14,3,3.0,2.9648905455799617,2.9361026667920824,1.0022858835770665,0.7107969180418106,0.24208857751503995,2.724502611532721,330,330,0,True
104,15,104:15,4,3.948484848484849,2.9648905455799617,2.9361026667920824,1.079806908250763,0.7839082195859659,0.26698937624086755,2.9441110126318732,330,330,0,True
104,16,104:16,3,3.0,2.9648905455799617,2.9361026667920824,1.012111507477474,0.7700464688064513,0.262268236569461,2.7514044969818494,330,330,0,True
104,17,104:17,3,3.0,2.9648905455799617,2.9361026667920824,1.0133221141088742,0.6798293681956731,0.23154141572932083,2.754737382511174,330,330,0,True
104,18,104:18,3,3.0,2.9648905455799617,2.9361026667920824,1.100276759820332,0.7564497695343236,0.25763737014033067,3.0049975714596306,330,330,0,True
104,19,104:19,3,3.0,2.9648905455799617,2.9361026667920824,1.0798052997195295,0.8076987049385262,0.2750921192483365,2.944106276941163,330,330,0,True
104,20,104:20,4,3.9998854285309915,2.9648905455799617,2.9361026667920824,1.1015735256193302,0.7741986951047953,0.2636824331318996,3.0088968772331324,330,330,0,True
104,21,104:21,4,3.997494703877682,2.9648905455799617,2.9361026667920824,1.1276489200327304,0.7671263812809425,0.2612736911271182,3.088386913180438,330,330,0,True
104,22,104:22,3,3.0,2.9648905455799617,2.9361026667920824,1.0457643997950572,0.7748073827908988,0.26388974457675735,2.8455728478211166,330,330,0,True
104,23,104:23,4,3.951367781155005,2.9641907751940266,2.9361026667920824,1.0742163706616792,0.7636139503827264,0.26007740090949655,2.927697771518436,330,329,1,True
104,24,104:24,3,3.0,2.9648905455799617,2.9361026667920824,1.0548545649930445,0.7524924244821639,0.25628954770315293,2.8715574985464536,330,330,0,True
104,25,104:25,3,3.0,2.9648905455799617,2.9361026667920824,1.0926753042928765,0.7529056295255258,0.2564302801945727,2.982241814071855,330,330,0,True
105,1,105:1,3,3.0,2.9648905455799617,2.9361026667920824,1.0829416602367816,0.7213758107602841,0.24569161661790342,2.9533545510064867,330,330,0,True
105,2,105:2,3,3.0,2.9648905455799617,2.9361026667920824,1.0033078279162941,0.565130718615584,0.1924764842208439,2.727288324733263,330,330,0,True
105,3,105:3,3,3.0,2.9648905455799617,2.9361026667920824,1.081024102377979,0.3418383503884589,0.1164258846445392,2.9476967490922936,330,330,0,True
105,4,105:4,3,3.0,2.9648905455799617,2.9361026667920824,1.0065594070421078,0.23512173306058196,0.08007953390726302,2.736170751651033,330,330,0,True
105,5,105:5,3,3.0,2.9648905455799617,2.9361026667920824,0.9911599817653958,0.4924593653421378,0.16772552639659138,2.694358066569513,330,330,0,True
105,6,105:6,3,3.0,2.9672967032613595,2.9361026667920824,1.01213227967888,0.5788475201427341,0.1971482559821961,2.7514616503038085,330,329,1,True
105,7,105:7,3,3.0,2.9648905455799617,2.9361026667920824,1.0376328751755195,0.5293161098008456,0.18027847451913667,2.8225278247199115,330,330,0,True
105,8,105:8,3,3.0,2.9648905455799617,2.9361026667920824,0.9682067067292208,0.47412101500725956,0.1614797126713805,2.6332180904559013,330,330,0,True
105,9,105:9,3,3.0,2.96547520472928,2.9361026667920824,1.0310542087852648,0.44966032746050977,0.15314870714374515,2.8040202999481125,330,328,2,True
105,10,105:10,3,3.0,2.9648905455799617,2.9361026667920824,1.0698167353676775,0.5785191445485698,0.19703641534464678,2.9148452629797217,330,330,0,True
105,11,105:11,3,3.0,2.965876076088758,2.9361026667920824,1.039797546961286,0.35456716431856566,0.12076116013543815,2.828644288746798,330,329,1,True
105,12,105:12,3,3.0,2.9635335850276765,2.9361026667920824,0.9917624329184948,0.2634116381111262,0.08971472322489447,2.695981774746901,330,326,4,True
105,13,105:13,3,3.0,2.9648905455799617,2.9361026667920824,1.0061089301547192,0.4459090991779638,0.15187108551117312,2.7349384475505625,330,330,0,True
105,14,105:14,3,3.0,2.9648905455799617,2.9361026667920824,1.025272389888133,0.40841082999136274,0.13909964205631234,2.7878547405919765,330,330,0,True
105,15,105:15,3,3.0,2.961966924921702,2.9361026667920824,1.0188673379736999,0.3962751878782086,0.13496639349848405,2.770055449790223,330,329,1,True
105,16,105:16,3,3.0,2.9648905455799617,2.9361026667920824,1.0281497464689275,0.5558466240081193,0.18931443722825417,2.79588794442972,330,330,0,True
105,17,105:17,3,3.0,2.9646108529195274,2.9361026667920824,1.0374576697001587,0.5285126885349374,0.18000483924234778,2.8220333457096425,330,329,1,True
105,18,105:18,3,3.0,2.9641907751940266,2.9361026667920824,1.0340169467143918,0.5993437860678529,0.20412902888122844,2.8123401959947274,330,329,1,True
105,19,105:19,3,3.0,2.964408068307418,2.9361026667920824,1.0610717316943474,0.6888811165259696,0.23462432847371278,2.8894660627867426,330,329,1,True
105,20,105:20,3,3.0,2.965271801871402,2.9361026667920824,1.0330657002846082,0.4995107803118327,0.1701271505119358,2.809666239421404,330,328,2,True
105,21,105:21,3,3.0,2.9645293946702305,2.9361026667920824,0.9948563545523273,0.49118924885914755,0.1672929405414183,2.7043358478439425,330,328,2,True
105,22,105:22,3,3.0,2.9648905455799617,2.9361026667920824,1.0083346408864333,0.2345753221225327,0.07989343314715362,2.741032408585408,330,330,0,True
105,23,105:23,3,3.0,2.9648905455799617,2.9361026667920824,1.0131637555061137,0.23083087695704127,0.07861812175976861,2.7543011806873747,330,330,0,True
105,24,105:24,3,3.0,2.9648905455799617,2.9361026667920824,1.014844148222328,0.26651334201032284,0.090771124942136,2.7589333791959767,330,330,0,True
105,25,105:25,3,3.0,2.9648905455799617,2.9361026667920824,1.019867937840572,0.3802217010137223,0.1294987758139751,2.772828554057022,330,330,0,True
105,26,105:26,3,3.0,2.9648905455799617,2.9361026667920824,1.019867937840572,0.38533362624168027,0.1312398338790676,2.772828554057022,330,330,0,True
105,27,105:27,3,3.0,2.9648905455799617,2.9361026667920824,1.014844148222328,0.26651334201032284,0.090771124942136,2.7589333791959767,330,330,0,True
106,1,106:1,12,11.999904776641953,2.9672967032613595,2.9361026667920824,2.2061712112203726,1.4141202553569683,0.481631746515868,9.080880971687742,330,329,1,True
106,2,106:2,10,9.94848484848485,2.9648905455799617,2.9361026667920824,2.047178901592008,1.3382580009115888,0.455794007494206,7.7460179746095745,330,330,0,True
106,3,106:3,12,11.999995094554077,2.9648905455799617,2.9361026667920824,2.2407536686004574,1.5785369602738093,0.5376300284480454,9.400413414741077,330,330,0,True
106,4,106:4,10,10.0,2.9648905455799617,2.9361026667920824,2.161782671722728,1.3704524180455904,0.4667590249978945,8.686609236646262,330,330,0,True
106,5,106:5,10,9.999999999754795,2.9648905455799617,2.9361026667920824,2.173497497658517,0.9705030991179905,0.3305412682242272,8.788969748982101,330,330,0,True
106,6,106:6,10,9.997775960841754,2.964408068307418,2.9361026667920824,2.015370511522709,1.3374727060745921,0.455526545853345,7.503507002035371,330,329,1,True
106,7,106:7,12,11.997494508271528,2.9648905455799617,2.9361026667920824,2.169236334920225,1.342162742232613,0.45712391375572325,8.75159819825731,330,330,0,True
106,8,106:8,11,10.948484848477257,2.9648905455799617,2.9361026667920824,2.1519734814255225,1.3074367394382862,0.4452966697062951,8.60181718418703,330,330,0,True
106,9,106:9,12,11.99988542130861,2.9648905455799617,2.9361026667920824,2.2894160438906255,1.4880595873721072,0.5068145621072326,9.869172834357148,330,330,0,True
106,10,106:10,12,11.948479943284337,2.9648905455799617,2.9361026667920824,2.114873712066736,1.3327778107209258,0.4539275229694498,8.288538957566242,330,330,0,True
106,11,106:11,12,11.999995094799282,2.9648905455799617,2.9361026667920824,2.235103656893212,1.4294226094092355,0.48684353771967703,9.347450729682441,330,330,0,True
106,12,106:12,11,10.999995094799491,2.9648905455799617,2.9361026667920824,2.210479950997914,1.4682855961012513,0.5000797869597203,9.120092540303965,330,330,0,True
106,13,106:13,11,10.948484457272539,2.9648905455799617,2.9361026667920824,2.1011129637437698,1.3270334838628368,0.451971076785514,8.175263623152201,330,330,0,True
106,14,106:14,12,11.999999985554815,2.9648905455799617,2.9361026667920824,2.1292475821014953,1.3771652067582725,0.46904531722759246,8.408537696405979,330,330,0,True
106,15,106:15,10,9.94837026979346,2.9648905455799617,2.9361026667920824,1.945325548146726,1.2020440802347148,0.40940124261664196,6.99590898956061,330,330,0,True
106,16,106:16,11,10.997494703877472,2.9648905455799617,2.9361026667920824,2.1169249159919263,1.2666100160513334,0.43139159620572876,8.305557889893318,330,330,0,True
106,17,106:17,11,10.99999980439384,2.9648905455799617,2.9361026667920824,2.20310565829902,1.4867757746955528,0.5063773114991137,9.053085676238565,330,330,0,True
106,18,106:18,12,11.948370277015629,2.9648905455799617,2.9361026667920824,2.1805412008327547,1.4973060580576738,0.5099637948606189,8.851095182802867,330,330,0,True
106,19,106:19,12,11.896969696969698,2.9648905455799617,2.9361026667920824,2.189946918912794,1.5668412532982023,0.5336466163188008,8.934738836459916,330,330,0,True
106,20,106:20,12,11.997380132408674,2.9648905455799617,2.9361026667920824,2.209924524120392,1.341946373072715,0.4570502211146773,9.115028402290964,330,330,0,True
106,21,106:21,12,11.94848484848485,2.9648905455799617,2.9361026667920824,2.3535453772856365,1.2349531062647432,0.4206096470100701,10.522811003639452,330,330,0,True
106,22,106:22,12,11.999995094799282,2.9648905455799617,2.9361026667920824,2.292116459046931,1.3409918321339687,0.4567251163594716,9.895859714870289,330,330,0,True
106,23,106:23,12,11.994874836286357,2.9648905455799617,2.9361026667920824,2.184785343695888,1.2670719043132075,0.4315489095950384,8.88874032442576,330,330,0,True
106,24,106:24,12,11.999999999999778,2.9648905455799617,2.9361026667920824,2.3362546879136117,1.6163023509053764,0.5504924501401414,10.342428311832135,330,330,0,True
106,25,106:25,11,10.999999804393633,2.9648905455799617,2.9361026667920824,2.2201221634675052,1.41297769966175,0.48124260627627735,9.208455734054795,330,330,0,True
107,1,107:1,7,6.999885428530992,2.9648905455799617,2.9361026667920824,1.6905912241994374,1.0210049710509372,0.3477415768183827,5.422685780638204,330,330,0,True
107,2,107:2,7,6.9630769230658025,2.9604382311969344,2.9361026667920824,1.6509571193559467,1.1353132289909025,0.38667354579644836,5.2119659141179895,330,325,5,True
107,3,107:3,6,6.0,2.9651487934141416,2.9361026667920824,1.7207852906819165,0.9596893059936376,0.32685822496873784,5.588915664830346,330,329,1,True
107,4,107:4,6,5.948484848484849,2.9648905455799617,2.9361026667920824,1.6145968668994028,0.7834189409043965,0.26682273401574946,5.025861423922674,330,330,0,True
107,5,107:5,5,5.0,2.9648905455799617,2.9361026667920824,1.540352265887371,1.0065385945281085,0.3428145091492421,4.666233736470576,330,330,0,True
107,6,107:6,7,6.963076923076925,2.962483103615386,2.9361026667920824,1.6512461406245247,0.9087975224626019,0.3095251173405094,5.213472500825586,330,325,5,True
107,7,107:7,5,5.0,2.9637809556158206,2.9361026667920824,1.5977641814990204,0.8855260643672467,0.30159914855251024,4.941970713461696,330,322,8,True
107,8,107:8,5,5.0,2.9637126652354606,2.9361026667920824,1.5618614723081763,0.8406023007518716,0.28629867417759414,4.767687909069619,330,323,7,True
107,9,107:9,7,6.948484848484849,2.9648905455799617,2.9361026667920824,1.7610608677470467,1.1125208823700885,0.37891075640948313,5.818606893698831,330,330,0,True
107,10,107:10,5,5.0,2.9648905455799617,2.9361026667920824,1.5455716705005245,0.8755721638700392,0.2982089740161127,4.6906523682858206,330,330,0,True
107,11,107:11,10,,2.9228593004117394,2.9361026667920824,1.8718898398126496,1.0793072869564453,0.36759861947731937,6.500569833898162,330,205,125,False
107,12,107:12,5,5.0,2.963956735321475,2.9361026667920824,1.4945002465987445,1.0826000379977496,0.3687200894717259,4.457108541012814,330,329,1,True
107,13,107:13,5,,2.915172174506545,2.9361026667920824,1.6028111340595892,1.1504190776631125,0.3918184097152276,4.966975651499723,330,254,76,False
107,14,107:14,7,6.948484848484849,2.9648905455799617,2.9361026667920824,1.7434545870402685,1.0295043684437,0.3506363657128218,5.717059427142833,330,330,0,True
107,15,107:15,7,,2.8083499914611885,2.9361026667920824,1.76020240292687,1.3780822445958334,0.4693576488936247,5.813613967810398,330,155,175,False
107,16,107:16,5,4.9999998598008375,2.965876076088758,2.9361026667920824,1.3806894102440304,0.8334709868036368,0.2838698374652777,3.977642910221378,330,329,1,True
107,17,107:17,6,6.0,2.9659265826628687,2.9361026667920824,1.6056276674419931,0.7194577647452591,0.24503835403389418,4.980985023903082,330,319,11,True
107,18,107:18,7,6.997494696655301,2.9648905455799617,2.9361026667920824,1.6718306144560782,0.8231147403317538,0.28034262890100836,5.3219012347113415,330,330,0,True
107,19,107:19,6,5.997494703877682,2.9648905455799617,2.9361026667920824,1.5550756095514908,1.0351434987869712,0.3525569832740028,4.7354445564629835,330,330,0,True
107,20,107:20,8,7.954190215623101,2.965186443746972,2.9361026667920824,1.772532450841358,1.0654651018751125,0.36288414363902843,5.885739850612243,330,328,2,True
107,21,107:21,5,,2.9548218276260365,2.9361026667920824,1.5617237280548169,0.9579868335211466,0.32627838404840953,4.767031232686071,330,312,18,False
107,22,107:22,5,5.0,2.9648905455799617,2.9361026667920824,1.5720356042452903,1.0223130215293832,0.34818708251995106,4.816442592621906,330,330,0,True
107,23,107:23,6,6.0,2.9651487934141416,2.9361026667920824,1.6404617735970186,0.9450532071776968,0.32187335200040534,5.157550583119109,330,329,1,True
107,24,107:24,8,7.951367781155005,2.9641907751940266,2.9361026667920824,1.8660933260707433,0.872780533203809,0.29725817938014704,6.462998189002926,330,329,1,True
107,25,107:25,6,6.0,2.9646154801023052,2.9361026667920824,1.7412949732367762,0.8420907902656021,0.2868056351672644,5.704726109084031,330,327,3,True
108,1,108:1,7,6.999999267821883,2.965476534386927,2.9361026667920824,1.6397234434565775,1.1022889659170643,0.37542589310114266,5.1537440134982075,330,324,6,True
108,2,108:2,6,6.0,2.9648905455799617,2.9361026667920824,1.6992408134533368,0.8676801448811277,0.29552105064130296,5.469793221604819,330,330,0,True
108,3,108:3,6,,2.955682171590092,2.9361026667920824,1.4656555124311115,1.0947105977506166,0.3728447952900339,4.330380928659348,330,285,45,False
108,4,108:4,5,5.0,2.9648905455799617,2.9361026667920824,1.521458165283171,1.0992195476524584,0.37438048746893454,4.5788971183898015,330,330,0,True
108,5,108:5,7,7.0,2.964408068307418,2.9361026667920824,1.8247043313730476,1.008564321516511,0.34350444653164836,6.200961318315555,330,329,1,True
108,6,108:6,6,6.0,2.964261156835563,2.9361026667920824,1.7278434753943912,1.1150574356738656,0.37977467487271194,5.628502806267627,330,326,4,True
108,7,108:7,6,6.0,2.9648905455799617,2.9361026667920824,1.6800834489150096,1.0457520257409403,0.3561701154283902,5.366003739628827,330,330,0,True
108,8,108:8,7,6.951367781155005,2.9648009463961706,2.9361026667920824,1.6768812452911932,1.0494169497817598,0.35741834291112456,5.348848185456816,330,329,1,True
108,9,108:9,6,6.0,2.9653344422319106,2.9361026667920824,1.6115568888334537,1.0482043198466582,0.357005336258184,5.010606115082032,330,327,3,True
108,10,108:10,6,6.0,2.9648905455799617,2.9361026667920824,1.562906235025035,0.9754510745881475,0.3322264870437595,4.772671614584167,330,330,0,True
108,11,108:11,7,6.998527607361963,2.9669573690476363,2.9361026667920824,1.7652346232784801,1.0015026851575468,0.3410993411384233,5.842943087740382,330,326,4,True
108,12,108:12,7,7.0,2.964408068307418,2.9361026667920824,1.7843334280184917,1.031097967287258,0.351179125631125,5.955608782248781,330,329,1,True
108,13,108:13,7,6.948484848484849,2.9648905455799617,2.9361026667920824,1.738984471199253,0.8964866703240861,0.30533219443023313,5.691560543175851,330,330,0,True
108,14,108:14,7,7.0,2.9648905455799617,2.9361026667920824,1.775594853965557,1.1323426932092933,0.3856618183063961,5.903791986068779,330,330,0,True
108,15,108:15,7,6.95865030674846,2.965475564521085,2.9361026667920824,1.5264923702254223,1.0833957734838748,0.3689911070676448,4.602006344377939,330,326,4,True
108,16,108:16,8,7.957186544342509,2.9656957616872774,2.9361026667920824,1.8633709204062872,1.0973152598058138,0.37373191074572165,6.445427214636148,330,327,3,True
108,17,108:17,6,6.0,2.9648905455799617,2.9361026667920824,1.6704708383133404,1.0204369400621736,0.34754811253827145,5.314669558223231,330,330,0,True
108,18,108:18,7,6.999997117154714,2.9667442852862216,2.9361026667920824,1.7204341929436988,1.1085059695639696,0.3775433271122966,5.586953753612784,330,328,2,True
108,19,108:19,7,6.9999999999958815,2.965876076088758,2.9361026667920824,1.7871530156337871,1.1808465647592399,0.4021816328546186,5.972424839044755,330,329,1,True
108,20,108:20,7,6.963076923076925,2.96786400407124,2.9361026667920824,1.6739554438789148,1.148268519774129,0.3910859564828162,5.333221389480135,330,325,5,True
108,21,108:21,8,7.96307692307675,2.9663729859454477,2.9361026667920824,1.7262400832272056,0.9410375310647874,0.32050566273043274,5.619485340154234,330,325,5,True
108,22,108:22,8,7.972034451675884,2.968638252223689,2.9361026667920824,1.5976193982985845,0.7876029292171149,0.2682477483246972,4.941255250920069,330,322,8,True
108,23,108:23,7,6.999996202939339,2.965876076088758,2.9361026667920824,1.7102827621299594,1.016012907269713,0.34604134206920806,5.530525079601175,330,329,1,True
108,24,108:24,6,5.999999999999998,2.965876076088758,2.9361026667920824,1.524003395862873,0.7454832056073637,0.2539022950521895,4.5905663114507345,330,329,1,True
108,25,108:25,7,7.0,2.9648905455799617,2.9361026667920824,1.8167561065441904,1.0900759637747344,0.3712662966808739,6.151870036317683,330,330,0,True
109,1,109:1,5,5.0,2.9648905455799617,2.9361026667920824,1.5095179272827322,1.0860276675118956,0.3698874973941099,4.52454910680816,330,330,0,True
109,2,109:2,9,8.960122699386497,2.961136468887489,2.9361026667920824,1.9970607552944644,1.2886839050290997,0.4389096878676541,7.3673697412815695,330,326,4,True
109,3,109:3,8,7.999999804393845,2.9648905455799617,2.9361026667920824,1.7733036681982195,1.1148907419215859,0.3797179010568079,5.8902807861420845,330,330,0,True
109,4,109:4,8,8.0,2.9648905455799617,2.9361026667920824,1.947473407034577,1.2332701252681244,0.4200364446436632,7.010951363527832,330,330,0,True
109,5,109:5,12,11.894464400839789,2.9648905455799617,2.9361026667920824,2.0864301535287844,1.119050520320859,0.3811346697707637,8.056104713475024,330,330,0,True
109,6,109:6,9,8.908533702520572,2.9656658777592058,2.9361026667920824,1.5977912546451638,0.9261309686660748,0.31542867323435386,4.942104509968196,330,328,2,True
109,7,109:7,8,7.999885428530992,2.9648905455799617,2.9361026667920824,1.8896171846668384,1.1892814330103088,0.40505444392708856,6.616835170180466,330,330,0,True
109,8,109:8,5,4.999999999852636,2.963956735321475,2.9361026667920824,1.3694181040819744,0.8893372144177817,0.302897178792951,3.9330613970960657,330,329,1,True
109,9,109:9,5,5.0,2.9648905455799617,2.9361026667920824,1.488626270928101,0.9670920290822952,0.32937950025395996,4.431004336669449,330,330,0,True
109,10,109:10,6,6.0,2.9648905455799617,2.9361026667920824,1.5874978530370043,1.0375945178967687,0.3533917698560658,4.891494365590335,330,330,0,True
109,11,109:11,7,6.999999999992409,2.9648905455799617,2.9361026667920824,1.8236333099820303,1.204156945024694,0.4101208580489891,6.194323511349905,330,330,0,True
109,12,109:12,7,6.945979552362531,2.9648905455799617,2.9361026667920824,1.48790241793519,0.92515406797858,0.31509595302720866,4.427798101480215,330,330,0,True
109,13,109:13,6,6.0,2.9648905455799617,2.9361026667920824,1.6445749868973378,1.1762462203351676,0.40061481283973865,5.178808377725552,330,330,0,True
109,14,109:14,7,7.0,2.9648905455799617,2.9361026667920824,1.8341308708860062,1.168171685311112,0.3978647267765433,6.259691300556934,330,330,0,True
109,15,109:15,7,6.997494703877682,2.9648905455799617,2.9361026667920824,1.5244274007699656,0.8654386286474909,0.2947576181295626,4.5925131467978275,330,330,0,True
109,16,109:16,6,5.999999999999897,2.9651487934141416,2.9361026667920824,1.6212277033862945,1.1110149290640512,0.3783978474696596,5.05929782236502,330,329,1,True
109,17,109:17,7,6.948484848484849,2.9648905455799617,2.9361026667920824,1.6167453873855295,1.0809589520008298,0.36816115602042637,5.03667119850519,330,330,0,True
109,18,109:18,7,6.948484848484849,2.9648905455799617,2.9361026667920824,1.5769223775490404,1.0109461339603978,0.34431566218525117,4.840037059153098,330,330,0,True
109,19,109:19,10,,2.9828324923900835,2.9361026667920824,1.661900992239838,0.9109834330373374,0.31026961125738045,5.269318262547453,330,280,50,False
109,20,109:20,8,8.0,2.961966924921702,2.9361026667920824,1.8978088402725466,1.165080932247891,0.39681205477764553,6.671260618013507,330,329,1,True
109,21,109:21,7,6.9542682926829285,2.966147382754343,2.9361026667920824,1.5184331299985623,0.9570216839919341,0.325949666139418,4.565066722306797,330,328,2,True
109,22,109:22,7,6.948484848484849,2.9648905455799617,2.9361026667920824,1.5001495031948011,0.883163458777701,0.30079447451428015,4.482359147260258,330,330,0,True
109,23,109:23,11,10.908458508305984,2.9637139603321527,2.9361026667920824,1.7110565863972493,1.0542914584829377,0.35907853986414995,5.534806390396081,330,328,2,True
109,24,109:24,10,9.994989407510156,2.9648905455799617,2.9361026667920824,1.846258907395497,1.2566571677331626,0.4280017800284065,6.336071298670203,330,330,0,True
109,25,109:25,13,12.840443953209908,2.9648905455799617,2.9361026667920824,1.897723050720045,1.0041562825133605,0.34200312334802596,6.6706883180994945,330,330,0,True
110,1,110:1,8,8.0,2.9648905455799617,2.9361026667920824,1.904275872528191,1.168662930566763,0.3980320387923005,6.7145436812486325,330,330,0,True
110,2,110:2,8,8.0,2.9648905455799617,2.9361026667920824,1.9470854720371253,1.215645920693963,0.4140338600700736,7.008232097611799,330,330,0,True
110,3,110:3,7,7.0,2.9648905455799617,2.9361026667920824,1.8356659366426866,1.2414745115391885,0.42283075642432993,6.269307717347503,330,330,0,True
110,4,110:4,7,7.0,2.9648905455799617,2.9361026667920824,1.8360202759874678,1.1054876154835573,0.37651531330523513,6.271529573358553,330,330,0,True
110,5,110:5,9,8.9998854285234,2.9648905455799617,2.9361026667920824,1.897684670507107,1.2960464875868694,0.4414172917879945,6.670432300574437,330,330,0,True
110,6,110:6,9,8.94848484848485,2.9648905455799617,2.9361026667920824,1.9242900409579815,1.2448050883527555,0.42396510940566007,6.850283518351541,330,330,0,True
110,7,110:7,6,6.0,2.963006891413721,2.9361026667920824,1.6609998205947316,1.2575902886356807,0.42831958938605325,5.26457184133153,330,328,2,True
110,8,110:8,6,6.0,2.9648905455799617,2.9361026667920824,1.6545007673916918,0.8033146628424981,0.2735989691124054,5.230468050059146,330,330,0,True
110,9,110:9,9,8.999995094799491,2.9648905455799617,2.9361026667920824,1.9505820547845782,1.3244831131038974,0.45110245226914936,7.032779852672619,330,330,0,True
110,10,110:10,7,7.0,2.9648905455799617,2.9361026667920824,1.8546267951407875,1.2452668709573516,0.4241223868094167,6.389313282843612,330,330,0,True
110,11,110:11,8,7.999885428530992,2.9648905455799617,2.9361026667920824,1.71186564341344,1.1068352713473686,0.3769743081077853,5.539286176296233,330,330,0,True
110,12,110:12,8,8.0,2.9648905455799617,2.9361026667920824,1.97340230498007,1.2975166802567182,0.4419180211005206,7.195114866507015,330,330,0,True
110,13,110:13,8,7.999999992777619,2.9648905455799617,2.9361026667920824,1.8978227023094827,1.366380814350698,0.4653722874900604,6.671353095915569,330,330,0,True
110,14,110:14,9,8.89446440084738,2.9648905455799617,2.9361026667920824,1.7186769465685743,1.081476044336119,0.3683372712295904,5.5771447203494535,330,330,0,True
110,15,110:15,9,8.948484652878694,2.9648905455799617,2.9361026667920824,1.934081448987094,1.3193392450539692,0.44935051487673233,6.917686887836127,330,330,0,True
110,16,110:16,8,7.999999999999788,2.9648905455799617,2.9361026667920824,1.9327129791299384,1.2393939713774171,0.42212215035775646,6.908226716305021,330,330,0,True
110,17,110:17,8,8.0,2.9648905455799617,2.9361026667920824,1.9212232990887361,1.272564563606142,0.43341964094072927,6.829307647300281,330,330,0,True
110,18,110:18,8,7.999885428285787,2.9648905455799617,2.9361026667920824,1.7470880481087991,1.2030390065286203,0.40974010212082695,5.737869924168134,330,330,0,True
110,19,110:19,7,6.999999999992409,2.9648905455799617,2.9361026667920824,1.7571574957861664,1.2291676694128075,0.4186391992742432,5.795938976136776,330,330,0,True
110,20,110:20,8,8.0,2.9648905455799617,2.9361026667920824,1.9997727949890405,1.4766827905975142,0.5029397668205191,7.387377459063628,330,330,0,True
110,21,110:21,7,7.0,2.9648905455799617,2.9361026667920824,1.898342674443051,1.2357904287316082,0.42089482861367516,6.674822915645245,330,330,0,True
110,22,110:22,8,8.0,2.9648905455799617,2.9361026667920824,1.9553599737621565,1.364729401595638,0.4648098368735551,7.066462306937895,330,330,0,True
110,23,110:23,8,7.948484848484849,2.9648905455799617,2.9361026667920824,1.8038653207174837,1.2470044244385332,0.4247141758843812,6.073076543372189,330,330,0,True
110,24,110:24,9,8.999770857061979,2.9648905455799617,2.9361026667920824,1.8422901008662982,1.2104413450240197,0.41226124641837536,6.310974492656886,330,330,0,True
110,25,110:25,7,7.0,2.9648905455799617,2.9361026667920824,1.8373261654819748,1.3153956953226524,0.44800739095401704,6.279724847839668,330,330,0,True
